mtllib material.mtl
s 0
usemtl Material
v 0.1982010006904602 -0.949999988079071 -0.09861300140619278
v 0.2157759964466095 -0.949999988079071 0.10056500136852264
v 0.1982010006904602 -0.949999988079071 0.09861300140619278
v -0.2196809947490692 -0.9460949897766113 0.09861300140619278
v 0.2157759964466095 -0.949999988079071 -0.10056500136852264
v 0.1982010006904602 -0.9460949897766113 -0.13962000608444214
v -0.2196809947490692 -0.9460949897766113 -0.09861300140619278
v -0.2196809947490692 -0.9421889781951904 -0.13962000608444214
v 0.1982010006904602 -0.9460949897766113 0.13962000608444214
v 0.2333499938249588 -0.9480469822883606 0.05565299838781357
v 0.2333499938249588 -0.9480469822883606 -0.10056500136852264
v 0.2157759964466095 -0.9460949897766113 -0.1415719985961914
v 0.2333499938249588 -0.9460949897766113 0.1200919970870018
v 0.2157759964466095 -0.9460949897766113 0.1415719985961914
v 0.26654699444770813 -0.9421889781951904 -0.04979399964213371
v 0.2333499938249588 -0.9441419839859009 -0.14352500438690186
v 0.26654699444770813 -0.94023597240448 -0.11228200048208237
v 0.26654699444770813 -0.9421889781951904 0.07518000155687332
v -0.2509250044822693 -0.9421889781951904 0.04979399964213371
v -0.2509250044822693 -0.9421889781951904 -0.07518000155687332
v -0.2509250044822693 -0.94023597240448 -0.1200919970870018
v -0.2196809947490692 -0.9421889781951904 0.13962000608444214
v -0.2509250044822693 -0.94023597240448 0.13180899620056152
v 0.1982010006904602 -0.9421889781951904 -0.1591469943523407
v 0.1982010006904602 -0.9421889781951904 0.1591469943523407
v 0.21382300555706024 -0.9421889781951904 -0.16305199265480042
v 0.2333499938249588 -0.9421889781951904 0.15524199604988098
v 0.21382300555706024 -0.9421889781951904 0.16305199265480042
v 0.26654699444770813 -0.94023597240448 0.13180899620056152
v 0.23139800131320953 -0.9382839798927307 -0.16500499844551086
v 0.2645939886569977 -0.9363309741020203 -0.1454779952764511
v -0.27045199275016785 -0.94023597240448 0.05565299838781357
v -0.27045199275016785 -0.94023597240448 -0.10056500136852264
v -0.2196809947490692 -0.9382839798927307 -0.1591469943523407
v -0.2509250044822693 -0.9363309741020203 -0.15524199604988098
v -0.2196809947490692 -0.9382839798927307 0.1591469943523407
v -0.2509250044822693 -0.9363309741020203 0.1591469943523407
v 0.1982010006904602 -0.9363309741020203 -0.17476899921894073
v -0.2196809947490692 -0.9324250221252441 -0.17476899921894073
v 0.1982010006904602 -0.9363309741020203 0.17476899921894073
v 0.23139800131320953 -0.9382839798927307 0.16500499844551086
v 0.2645939886569977 -0.9363309741020203 0.15524199604988098
v 0.28216901421546936 -0.9363309741020203 0.04979399964213371
v 0.28216901421546936 -0.9343780279159546 -0.10056500136852264
v 0.28216901421546936 -0.9343780279159546 0.1200919970870018
v -0.2860740125179291 -0.9343780279159546 -0.10056500136852264
v -0.27045199275016785 -0.9363309741020203 -0.1415719985961914
v -0.27045199275016785 -0.9363309741020203 0.1454779952764511
v -0.2860740125179291 -0.9343780279159546 0.04979399964213371
v 0.28216901421546936 -0.9304730296134949 -0.1415719985961914
v 0.2802160084247589 -0.9285200238227844 0.15524199604988098
v -0.2509250044822693 -0.9304730296134949 -0.17086300253868103
v -0.2509250044822693 -0.9304730296134949 0.17476899921894073
v -0.2196809947490692 -0.9324250221252441 0.17476899921894073
v 0.22944499552249908 -0.9324250221252441 -0.1767210066318512
v 0.2626410126686096 -0.9304730296134949 -0.16500499844551086
v 0.22944499552249908 -0.9324250221252441 0.1767210066318512
v 0.2626410126686096 -0.9304730296134949 0.16500499844551086
v -0.2684989869594574 -0.9304730296134949 -0.16305199265480042
v -0.2860740125179291 -0.9304730296134949 -0.1415719985961914
v -0.28412100672721863 -0.926567018032074 -0.1591469943523407
v -0.2684989869594574 -0.9304730296134949 0.16500499844551086
v -0.2860740125179291 -0.9304730296134949 0.1415719985961914
v -0.28412100672721863 -0.926567018032074 0.16500499844551086
v -0.1806270033121109 -0.9226620197296143 -0.18453200161457062
v 0.2157759964466095 -0.9246150255203247 -0.18453200161457062
v 0.1982010006904602 -0.9246150255203247 -0.18648500740528107
v -0.1806270033121109 -0.9226620197296143 0.18453200161457062
v 0.2157759964466095 -0.9246150255203247 0.18453200161457062
v 0.1982010006904602 -0.9246150255203247 0.18648500740528107
v 0.2802160084247589 -0.926567018032074 -0.16500499844551086
v 0.27826300263404846 -0.9246150255203247 0.16500499844551086
v 0.297789990901947 -0.926567018032074 0.04979399964213371
v 0.297789990901947 -0.9246150255203247 0.1200919970870018
v -0.3016960024833679 -0.926567018032074 0.04979399964213371
v -0.3016960024833679 -0.9226620197296143 -0.1200919970870018
v -0.3016960024833679 -0.926567018032074 -0.07518000155687332
v 0.297789990901947 -0.9246150255203247 -0.10056500136852264
v 0.29583799839019775 -0.9207090139389038 0.15328900516033173
v -0.25287801027297974 -0.9187560081481934 -0.1806270033121109
v -0.25287801027297974 -0.9187560081481934 0.1806270033121109
v 0.25287801027297974 -0.9187560081481934 -0.1806270033121109
v 0.25287801027297974 -0.9187560081481934 0.1806270033121109
v -0.3016960024833679 -0.9187560081481934 -0.1454779952764511
v -0.3016960024833679 -0.9207090139389038 0.14352500438690186
v -0.2645939886569977 -0.9207090139389038 -0.17476899921894073
v -0.2802160084247589 -0.9168040156364441 -0.17281599342823029
v -0.2645939886569977 -0.9207090139389038 0.1767210066318512
v -0.2802160084247589 -0.9168040156364441 0.1767210066318512
v 0.2724049985408783 -0.9148510098457336 -0.1767210066318512
v 0.2724049985408783 -0.9148510098457336 0.1767210066318512
v 0.29583799839019775 -0.9207090139389038 -0.1415719985961914
v 0.2938849925994873 -0.9148510098457336 0.16500499844551086
v -0.31731799244880676 -0.9148510098457336 0.04979399964213371
v -0.31731799244880676 -0.9128980040550232 -0.10056500136852264
v -0.297789990901947 -0.9148510098457336 -0.16305199265480042
v -0.297789990901947 -0.9148510098457336 0.16305199265480042
v 0.2938849925994873 -0.9148510098457336 -0.16305199265480042
v 0.3114590048789978 -0.9128980040550232 -0.10056500136852264
v 0.3114590048789978 -0.9148510098457336 0.04979399964213371
v 0.2157759964466095 -0.8933709859848022 -0.20601199567317963
v 0.1982010006904602 -0.8933709859848022 -0.20601199567317963
v 0.2157759964466095 -0.8933709859848022 0.20601199567317963
v 0.1982010006904602 -0.8933709859848022 0.20601199567317963
v 0.23139800131320953 -0.8894659876823425 -0.20601199567317963
v 0.23139800131320953 -0.8894659876823425 0.20601199567317963
v 0.3114590048789978 -0.9109460115432739 -0.1200919970870018
v 0.3114590048789978 -0.9109460115432739 0.1200919970870018
v -0.3153649866580963 -0.907039999961853 -0.1415719985961914
v -0.21772900223731995 -0.8914179801940918 -0.20601199567317963
v -0.21772900223731995 -0.8914179801940918 0.20601199567317963
v -0.3153649866580963 -0.9089930057525635 0.1415719985961914
v -0.25287801027297974 -0.8816549777984619 -0.20601199567317963
v -0.25287801027297974 -0.8816549777984619 0.20601199567317963
v 0.30950701236724854 -0.907039999961853 -0.1454779952764511
v 0.30950701236724854 -0.907039999961853 0.15524199604988098
v -0.3114590048789978 -0.9011819958686829 -0.1591469943523407
v 0.24702000617980957 -0.8816549777984619 -0.20601199567317963
v 0.24702000617980957 -0.8816549777984619 0.20601199567317963
v -0.29193198680877686 -0.9011819958686829 -0.1767210066318512
v -0.2645939886569977 -0.8718910217285156 -0.20601199567317963
v -0.29193198680877686 -0.9011819958686829 0.1767210066318512
v -0.2645939886569977 -0.8718910217285156 0.20601199567317963
v -0.3290340006351471 -0.8992289900779724 0.04979399964213371
v -0.30560100078582764 -0.8933709859848022 -0.17086300253868103
v -0.3114590048789978 -0.9011819958686829 0.16500499844551086
v 0.2860740125179291 -0.9011819958686829 -0.1767210066318512
v 0.2860740125179291 -0.9011819958686829 0.1767210066318512
v 0.30560100078582764 -0.8992289900779724 -0.16500499844551086
v 0.30560100078582764 -0.8992289900779724 0.1669580042362213
v 0.32317599654197693 -0.8992289900779724 0.04979399964213371
v -0.3290340006351471 -0.897275984287262 -0.10056500136852264
v 0.32317599654197693 -0.897275984287262 -0.10056500136852264
v 0.3212229907512665 -0.8914179801940918 -0.1415719985961914
v 0.3212229907512665 -0.8933709859848022 0.1415719985961914
v 0.32317599654197693 -0.897275984287262 0.1200919970870018
v -0.32708099484443665 -0.8914179801940918 0.14352500438690186
v -0.32708099484443665 -0.8914179801940918 -0.1415719985961914
v 0.31731799244880676 -0.8875129818916321 -0.1591469943523407
v 0.3192700147628784 -0.8894659876823425 0.15719400346279144
v -0.32317599654197693 -0.8875129818916321 -0.1591469943523407
v -0.30560100078582764 -0.8933709859848022 0.17281599342823029
v -0.32317599654197693 -0.8875129818916321 0.16305199265480042
v -0.2724049985408783 -0.8601750135421753 -0.20601199567317963
v -0.2724049985408783 -0.8601750135421753 0.20601199567317963
v 0.297789990901947 -0.8894659876823425 -0.1767210066318512
v 0.26654699444770813 -0.8621270060539246 -0.20601199567317963
v 0.297789990901947 -0.8894659876823425 0.1767210066318512
v 0.26654699444770813 -0.8621270060539246 0.20601199567317963
v -0.33879798650741577 -0.8816549777984619 -0.07518000155687332
v -0.33879798650741577 -0.8816549777984619 0.04979399964213371
v 0.30950701236724854 -0.8777490258216858 -0.17086300253868103
v 0.30950701236724854 -0.8777490258216858 0.17281599342823029
v 0.3329389989376068 -0.8816549777984619 -0.04979399964213371
v 0.3329389989376068 -0.8816549777984619 0.07713299989700317
v -0.33489200472831726 -0.8757960200309753 -0.1200919970870018
v 0.3290340006351471 -0.8777490258216858 -0.1200919970870018
v 0.3290340006351471 -0.8777490258216858 0.13180899620056152
v -0.31341201066970825 -0.8777490258216858 -0.17086300253868103
v -0.31341201066970825 -0.8777490258216858 0.17476899921894073
v 0.32708099484443665 -0.8738440275192261 0.15133599936962128
v -0.3329389989376068 -0.8718910217285156 -0.14352500438690186
v -0.3329389989376068 -0.8718910217285156 0.14743100106716156
v -0.33489200472831726 -0.8757960200309753 0.13180899620056152
v 0.32708099484443665 -0.8738440275192261 -0.1454779952764511
v 0.20406000316143036 -0.1669580042362213 -0.20601199567317963
v 0.20406000316143036 -0.1669580042362213 0.20601199567317963
v 0.29193198680877686 -0.864080011844635 -0.18648500740528107
v 0.29193198680877686 -0.864080011844635 0.18843799829483032
v 0.32317599654197693 -0.8699380159378052 0.16305199265480042
v -0.3290340006351471 -0.8679860234260559 -0.16110000014305115
v -0.3290340006351471 -0.8679860234260559 0.16305199265480042
v 0.32317599654197693 -0.8679860234260559 -0.16110000014305115
v -0.34465599060058594 -0.8621270060539246 0.04784199967980385
v -0.3407500088214874 -0.8601750135421753 -0.09861300140619278
v -0.33879798650741577 -0.8562690019607544 0.13376200199127197
v -0.276309996843338 -0.8386949896812439 -0.20601199567317963
v -0.276309996843338 -0.8386949896812439 0.20601199567317963
v 0.3368450105190277 -0.8621270060539246 0.07518000155687332
v 0.33489200472831726 -0.8601750135421753 -0.09861300140619278
v 0.3368450105190277 -0.8621270060539246 -0.04784199967980385
v 0.33489200472831726 -0.8601750135421753 0.11618699878454208
v -0.3075540065765381 -0.8601750135421753 -0.17867399752140045
v -0.3075540065765381 -0.8601750135421753 0.1806270033121109
v 0.3153649866580963 -0.8504109978675842 -0.17086300253868103
v 0.3153649866580963 -0.8504109978675842 0.17281599342823029
v 0.3329389989376068 -0.8562690019607544 -0.12985600531101227
v 0.3329389989376068 -0.8562690019607544 0.1376670002937317
v -0.3368450105190277 -0.8543170094490051 -0.13571399450302124
v 0.3290340006351471 -0.8523640036582947 -0.15133599936962128
v 0.3290340006351471 -0.8523640036582947 0.15524199604988098
v -0.33489200472831726 -0.8523640036582947 -0.15133599936962128
v -0.33489200472831726 -0.8523640036582947 0.15524199604988098
v 0.3251279890537262 -0.8386949896812439 0.16305199265480042
v -0.32708099484443665 -0.8386949896812439 -0.16500499844551086
v -0.32708099484443665 -0.8386949896812439 0.16891099512577057
v 0.3251279890537262 -0.8386949896812439 -0.16110000014305115
v 0.27045199275016785 -0.8386949896812439 -0.20601199567317963
v 0.29583799839019775 -0.8328369855880737 -0.18648500740528107
v 0.27045199275016785 -0.8386949896812439 0.20601199567317963
v 0.29583799839019775 -0.8328369855880737 0.18843799829483032
v -0.34465599060058594 -0.8406469821929932 0.04198399931192398
v -0.3407500088214874 -0.834788978099823 0.13180899620056152
v 0.33879798650741577 -0.8406469821929932 0.04198399931192398
v 0.33879798650741577 -0.834788978099823 -0.06932199746370316
v 0.3368450105190277 -0.8308839797973633 0.11618699878454208
v -0.3407500088214874 -0.834788978099823 -0.10056500136852264
v -0.30950701236724854 -0.8328369855880737 -0.1806270033121109
v -0.30950701236724854 -0.8328369855880737 0.18257999420166016
v 0.33489200472831726 -0.8308839797973633 -0.11618699878454208
v -0.3368450105190277 -0.8328369855880737 0.15133599936962128
v 0.3329389989376068 -0.8289309740066528 -0.13962000608444214
v 0.33098700642585754 -0.8289309740066528 0.14938299357891083
v -0.3368450105190277 -0.8328369855880737 -0.13962000608444214
v -0.3329389989376068 -0.8269780278205872 -0.15328900516033173
v -0.3329389989376068 -0.8269780278205872 0.1591469943523407
v 0.3290340006351471 -0.8328369855880737 -0.15328900516033173
v 0.3290340006351471 -0.8328369855880737 0.15719400346279144
v 0.3153649866580963 -0.819167971611023 -0.17086300253868103
v 0.3153649866580963 -0.819167971611023 0.17281599342823029
v -0.29193198680877686 -0.2802160084247589 0.04198399931192398
v -0.2684989869594574 -0.28216901421546936 -0.17476899921894073
v -0.27826300263404846 -0.2802160084247589 -0.16500499844551086
v -0.2684989869594574 -0.28216901421546936 0.1767210066318512
v -0.27826300263404846 -0.2802160084247589 0.16500499844551086
v -0.25287801027297974 -0.5887460112571716 -0.20601199567317963
v -0.25287801027297974 -0.5887460112571716 0.20601199567317963
v 0.276309996843338 -0.2860740125179291 -0.16500499844551086
v 0.276309996843338 -0.2860740125179291 0.16500499844551086
v -0.28802698850631714 -0.28216901421546936 -0.13962000608444214
v -0.29193198680877686 -0.28216901421546936 0.0009759999811649323
v -0.2899790108203888 -0.2802160084247589 -0.10056500136852264
v -0.2899790108203888 -0.2802160084247589 0.13180899620056152
v 0.2899790108203888 -0.28216901421546936 -0.10056500136852264
v 0.29193198680877686 -0.28216901421546936 0.0009759999811649323
v 0.29193198680877686 -0.2802160084247589 -0.04198399931192398
v -0.28412100672721863 -0.28216901421546936 -0.15328900516033173
v -0.28412100672721863 -0.28216901421546936 0.15328900516033173
v 0.254830002784729 -0.28216901421546936 -0.18257999420166016
v 0.254830002784729 -0.28216901421546936 0.1806270033121109
v 0.28216901421546936 -0.2860740125179291 -0.15328900516033173
v 0.28216901421546936 -0.2860740125179291 0.15328900516033173
v 0.28802698850631714 -0.2860740125179291 -0.13180899620056152
v 0.28802698850631714 -0.2860740125179291 0.13180899620056152
v 0.2899790108203888 -0.28216901421546936 0.10056500136852264
v -0.24311399459838867 -0.24116100370883942 -0.19039100408554077
v -0.20796500146389008 -0.22749200463294983 -0.20601199567317963
v -0.24311399459838867 -0.24116100370883942 0.19039100408554077
v -0.20796500146389008 -0.22749200463294983 0.20601199567317963
v 0.7781599760055542 -0.3251279890537262 0.04979399964213371
v 0.7957350015640259 -0.3251279890537262 -0.04979399964213371
v 0.7957350015640259 -0.3251279890537262 0.10056500136852264
v 0.7781599760055542 -0.32317599654197693 -0.10056500136852264
v 0.758633017539978 -0.32317599654197693 0.10056500136852264
v 0.3114590048789978 -0.26068899035453796 0.04198399931192398
v 0.3114590048789978 -0.26068899035453796 -0.04198399931192398
v 0.8133090138435364 -0.32317599654197693 0.04979399964213371
v 0.7957350015640259 -0.3212229907512665 -0.1200919970870018
v 0.8133090138435364 -0.32317599654197693 -0.10056500136852264
v 0.8133090138435364 -0.32317599654197693 -0.04979399964213371
v 0.7957350015640259 -0.3212229907512665 0.13180899620056152
v 0.8133090138435364 -0.3212229907512665 0.1200919970870018
v 0.758633017539978 -0.3212229907512665 0.13180899620056152
v 0.30950701236724854 -0.25678300857543945 0.13180899620056152
v 0.7762079834938049 -0.3192700147628784 -0.13962000608444214
v 0.30950701236724854 -0.25678300857543945 -0.13180899620056152
v 0.8328369855880737 -0.3192700147628784 -0.04979399964213371
v 0.8133090138435364 -0.3192700147628784 -0.13571399450302124
v 0.8328369855880737 -0.31731799244880676 -0.10056500136852264
v 0.8328369855880737 -0.3192700147628784 0.04979399964213371
v 0.7957350015640259 -0.31731799244880676 0.15133599936962128
v 0.758633017539978 -0.31731799244880676 0.15133599936962128
v 0.7957350015640259 -0.31731799244880676 -0.15328900516033173
v 0.8133090138435364 -0.3153649866580963 0.15328900516033173
v 0.8328369855880737 -0.3153649866580963 0.1200919970870018
v 0.7762079834938049 -0.3153649866580963 -0.15328900516033173
v 0.30950701236724854 -0.25287801027297974 -0.15328900516033173
v 0.8133090138435364 -0.3153649866580963 -0.15133599936962128
v 0.8328369855880737 -0.31341201066970825 -0.13571399450302124
v 0.8523640036582947 -0.3114590048789978 -0.04979399964213371
v 0.8523640036582947 -0.30950701236724854 0.04979399964213371
v -0.758633017539978 -0.31731799244880676 -0.04979399964213371
v -0.758633017539978 -0.31731799244880676 0.10056500136852264
v -0.7957350015640259 -0.3153649866580963 0.04979399964213371
v -0.3114590048789978 -0.26068899035453796 0.04198399931192398
v -0.7957350015640259 -0.3153649866580963 -0.04979399964213371
v -0.7957350015640259 -0.31341201066970825 -0.1200919970870018
v -0.758633017539978 -0.31341201066970825 -0.13180899620056152
v -0.3114590048789978 -0.2587360143661499 -0.1239980012178421
v -0.3114590048789978 -0.26068899035453796 -0.04198399931192398
v -0.7957350015640259 -0.31341201066970825 0.1200919970870018
v -0.758633017539978 -0.31341201066970825 0.13180899620056152
v -0.3114590048789978 -0.2587360143661499 0.1239980012178421
v 0.758633017539978 -0.31341201066970825 0.1591469943523407
v 0.30950701236724854 -0.25287801027297974 0.1591469943523407
v 0.7781599760055542 -0.3114590048789978 -0.16500499844551086
v 0.8113570213317871 -0.30950701236724854 -0.16500499844551086
v 0.7957350015640259 -0.31341201066970825 0.16110000014305115
v 0.8523640036582947 -0.3075540065765381 -0.1025179997086525
v -0.8133090138435364 -0.31341201066970825 0.04979399964213371
v -0.8133090138435364 -0.31341201066970825 -0.10056500136852264
v 0.8308839797973633 -0.3114590048789978 -0.15328900516033173
v 0.8308839797973633 -0.3114590048789978 0.15524199604988098
v 0.8113570213317871 -0.30950701236724854 0.1669580042362213
v 0.8523640036582947 -0.3075540065765381 0.1200919970870018
v -0.8328369855880737 -0.30950701236724854 0.04979399964213371
v -0.8133090138435364 -0.30950701236724854 -0.15133599936962128
v -0.8328369855880737 -0.3075540065765381 -0.10056500136852264
v -0.8133090138435364 -0.30950701236724854 0.13180899620056152
v -0.7957350015640259 -0.30950701236724854 -0.15328900516033173
v -0.7957350015640259 -0.30950701236724854 0.15328900516033173
v -0.758633017539978 -0.30950701236724854 -0.15328900516033173
v -0.3114590048789978 -0.254830002784729 -0.15328900516033173
v -0.758633017539978 -0.30950701236724854 0.15328900516033173
v -0.3114590048789978 -0.254830002784729 0.15328900516033173
v 0.7605860233306885 -0.29974299669265747 0.17867399752140045
v 0.8035460114479065 -0.29974299669265747 0.1806270033121109
v 0.8523640036582947 -0.30560100078582764 -0.13571399450302124
v 0.7840179800987244 -0.297789990901947 -0.1806270033121109
v 0.7605860233306885 -0.29974299669265747 -0.1767210066318512
v 0.3075540065765381 -0.24702000617980957 -0.16500499844551086
v 0.8289309740066528 -0.30364900827407837 -0.1669580042362213
v 0.8504109978675842 -0.3016960024833679 -0.15328900516033173
v 0.8445529937744141 -0.29193198680877686 -0.17086300253868103
v 0.8289309740066528 -0.30364900827407837 0.16891099512577057
v 0.8504109978675842 -0.3016960024833679 0.15524199604988098
v 0.8699380159378052 -0.297789990901947 -0.04979399964213371
v 0.8699380159378052 -0.29583799839019775 -0.10056500136852264
v -0.8328369855880737 -0.30560100078582764 0.13180899620056152
v -0.8523640036582947 -0.3016960024833679 -0.1025179997086525
v -0.8523640036582947 -0.3016960024833679 0.04979399964213371
v -0.8133090138435364 -0.3016960024833679 -0.16500499844551086
v -0.8328369855880737 -0.30364900827407837 -0.15328900516033173
v -0.8133090138435364 -0.30560100078582764 0.15524199604988098
v -0.7605860233306885 -0.30560100078582764 -0.16500499844551086
v -0.7957350015640259 -0.30364900827407837 -0.16500499844551086
v -0.7605860233306885 -0.30560100078582764 0.16500499844551086
v -0.7957350015640259 -0.30364900827407837 0.16500499844551086
v 0.819167971611023 -0.29193198680877686 -0.1806270033121109
v 0.8699380159378052 -0.297789990901947 0.04979399964213371
v 0.8679860234260559 -0.2938849925994873 -0.13376200199127197
v 0.8679860234260559 -0.29193198680877686 0.15328900516033173
v 0.8699380159378052 -0.29583799839019775 0.1200919970870018
v -0.8308839797973633 -0.3016960024833679 0.15719400346279144
v -0.8523640036582947 -0.297789990901947 0.13180899620056152
v -0.8094040155410767 -0.29974299669265747 0.17086300253868103
v -0.7898769974708557 -0.29193198680877686 -0.1806270033121109
v -0.7566800117492676 -0.2899790108203888 -0.17867399752140045
v -0.30364900827407837 -0.24506700038909912 -0.16500499844551086
v -0.7898769974708557 -0.29193198680877686 0.1806270033121109
v -0.7566800117492676 -0.2899790108203888 0.17867399752140045
v -0.30364900827407837 -0.24506700038909912 0.16500499844551086
v 0.8660330176353455 -0.2899790108203888 -0.15328900516033173
v -0.8504109978675842 -0.297789990901947 -0.15328900516033173
v -0.8308839797973633 -0.297789990901947 -0.16500499844551086
v -0.8484579920768738 -0.29193198680877686 -0.16500499844551086
v -0.8113570213317871 -0.28802698850631714 -0.1806270033121109
v 0.8465059995651245 -0.29583799839019775 0.16891099512577057
v 0.8152620196342468 -0.2684989869594574 0.19624899327754974
v 0.8386949896812439 -0.2802160084247589 0.18453200161457062
v -0.8699380159378052 -0.29193198680877686 -0.10056500136852264
v -0.8660330176353455 -0.28802698850631714 -0.15133599936962128
v -0.8699380159378052 -0.2899790108203888 0.04979399964213371
v -0.8289309740066528 -0.2938849925994873 0.17086300253868103
v -0.8504109978675842 -0.2938849925994873 0.1591469943523407
v -0.8484579920768738 -0.28802698850631714 0.16891099512577057
v -0.8269780278205872 -0.28412100672721863 -0.1806270033121109
v 0.8621270060539246 -0.28216901421546936 -0.1669580042362213
v 0.8621270060539246 -0.28412100672721863 0.1669580042362213
v -0.8230730295181274 -0.27826300263404846 0.18453200161457062
v -0.8035460114479065 -0.28216901421546936 0.18453200161457062
v 0.7644910216331482 -0.254830002784729 -0.20601199567317963
v 0.2724049985408783 -0.2235870063304901 -0.18257999420166016
v 0.28412100672721863 -0.2333499938249588 -0.1767210066318512
v 0.7644910216331482 -0.254830002784729 0.20601199567317963
v 0.2724049985408783 -0.2235870063304901 0.18257999420166016
v 0.3075540065765381 -0.24702000617980957 0.16500499844551086
v 0.28412100672721863 -0.2333499938249588 0.1767210066318512
v 0.8035460114479065 -0.25287801027297974 0.20601199567317963
v -0.8679860234260559 -0.28802698850631714 0.13376200199127197
v -0.8425999879837036 -0.27826300263404846 -0.1806270033121109
v 0.8035460114479065 -0.25287801027297974 -0.20601199567317963
v 0.8855599761009216 -0.28412100672721863 -0.04784199967980385
v 0.8836069703102112 -0.28216901421546936 -0.10056500136852264
v 0.8836069703102112 -0.2802160084247589 0.11813999712467194
v 0.8855599761009216 -0.28412100672721863 0.04979399964213371
v 0.8836069703102112 -0.2802160084247589 -0.13180899620056152
v 0.8816549777984619 -0.276309996843338 0.14938299357891083
v -0.8660330176353455 -0.28412100672721863 0.15719400346279144
v -0.8406469821929932 -0.2724049985408783 0.18453200161457062
v 0.8816549777984619 -0.276309996843338 -0.14938299357891083
v -0.8836069703102112 -0.27826300263404846 -0.10056500136852264
v -0.8797019720077515 -0.27435800433158875 -0.15133599936962128
v -0.864080011844635 -0.28216901421546936 -0.16500499844551086
v -0.7644910216331482 -0.24702000617980957 -0.20601199567317963
v -0.8035460114479065 -0.24702000617980957 -0.20601199567317963
v -0.7644910216331482 -0.24702000617980957 0.20601199567317963
v -0.8035460114479065 -0.24702000617980957 0.20601199567317963
v 0.8308839797973633 -0.2684989869594574 -0.19039100408554077
v 0.8523640036582947 -0.26654699444770813 -0.18257999420166016
v -0.8836069703102112 -0.27826300263404846 0.04979399964213371
v -0.20991800725460052 -0.1669580042362213 -0.20601199567317963
v -0.28412100672721863 -0.2333499938249588 -0.1767210066318512
v -0.2626410126686096 -0.22163400053977966 -0.18453200161457062
v -0.20991800725460052 -0.1669580042362213 0.20601199567317963
v -0.28412100672721863 -0.2333499938249588 0.1767210066318512
v -0.2626410126686096 -0.22163400053977966 0.18453200161457062
v -0.8816549777984619 -0.2724049985408783 0.13376200199127197
v -0.8621270060539246 -0.276309996843338 0.16891099512577057
v 0.28412100672721863 -0.26654699444770813 -0.15328900516033173
v 0.27435800433158875 -0.2626410126686096 -0.1669580042362213
v 0.2802160084247589 -0.2645939886569977 0.16110000014305115
v 0.26654699444770813 -0.2587360143661499 0.17281599342823029
v 0.2860740125179291 -0.26654699444770813 0.14743100106716156
v 0.28802698850631714 -0.2684989869594574 -0.13180899620056152
v 0.2899790108203888 -0.2684989869594574 0.11618699878454208
v -0.8797019720077515 -0.27045199275016785 0.15524199604988098
v -0.819167971611023 -0.23920899629592896 -0.20601199567317963
v 0.8523640036582947 -0.26654699444770813 0.18453200161457062
v 0.8777490258216858 -0.2684989869594574 0.16500499844551086
v 0.8953239917755127 -0.26654699444770813 -0.04784199967980385
v 0.8953239917755127 -0.2645939886569977 -0.09861300140619278
v 0.8953239917755127 -0.2645939886569977 0.11618699878454208
v 0.8953239917755127 -0.26654699444770813 0.04979399964213371
v -0.8562690019607544 -0.2684989869594574 -0.17867399752140045
v -0.8757960200309753 -0.2684989869594574 -0.16500499844551086
v -0.2938849925994873 -0.26654699444770813 0.04198399931192398
v -0.2938849925994873 -0.26654699444770813 -0.04198399931192398
v -0.2860740125179291 -0.2626410126686096 -0.15328900516033173
v -0.29193198680877686 -0.2645939886569977 -0.13180899620056152
v -0.28802698850631714 -0.2645939886569977 0.14743100106716156
v -0.28216901421546936 -0.26068899035453796 0.16110000014305115
v -0.2724049985408783 -0.25287801027297974 -0.17281599342823029
v -0.2724049985408783 -0.25287801027297974 0.17281599342823029
v 0.2587360143661499 -0.25287801027297974 -0.17867399752140045
v 0.2333499938249588 -0.2196809947490692 -0.19234299659729004
v 0.24506700038909912 -0.24897199869155884 0.18648500740528107
v 0.29193198680877686 -0.2684989869594574 -0.10056500136852264
v 0.2938849925994873 -0.2684989869594574 0.0009759999811649323
v 0.8777490258216858 -0.2684989869594574 -0.16305199265480042
v 0.8699380159378052 -0.254830002784729 -0.1767210066318512
v 0.8933709859848022 -0.2626410126686096 -0.12985600531101227
v -0.29193198680877686 -0.2645939886569977 0.13180899620056152
v 0.821120023727417 -0.24116100370883942 0.20601199567317963
v 0.8914179801940918 -0.2587360143661499 -0.1454779952764511
v 0.8914179801940918 -0.26068899035453796 0.14743100106716156
v -0.8953239917755127 -0.2626410126686096 -0.04784199967980385
v -0.8933709859848022 -0.26068899035453796 -0.1200919970870018
v -0.8953239917755127 -0.26068899035453796 0.04979399964213371
v -0.819167971611023 -0.23920899629592896 0.20601199567317963
v -0.8543170094490051 -0.26068899035453796 0.18257999420166016
v -0.8757960200309753 -0.2626410126686096 0.16891099512577057
v -0.8914179801940918 -0.2587360143661499 -0.14743100106716156
v -0.8914179801940918 -0.254830002784729 0.1376670002937317
v -0.8289309740066528 -0.23139800131320953 0.20601199567317963
v -0.8894659876823425 -0.2509250044822693 0.1591469943523407
v -0.8660330176353455 -0.25287801027297974 -0.17867399752140045
v -0.8875129818916321 -0.2509250044822693 -0.16305199265480042
v -0.8289309740066528 -0.23139800131320953 -0.20601199567317963
v 0.297789990901947 -0.2587360143661499 -0.13962000608444214
v 0.29974299669265747 -0.2626410126686096 0.0009759999811649323
v 0.29583799839019775 -0.2587360143661499 0.13180899620056152
v 0.297789990901947 -0.26068899035453796 -0.10056500136852264
v 0.821120023727417 -0.24116100370883942 -0.20601199567317963
v 0.8875129818916321 -0.2509250044822693 -0.16110000014305115
v 0.864080011844635 -0.2509250044822693 0.18453200161457062
v 0.8875129818916321 -0.25287801027297974 0.16305199265480042
v -0.3016960024833679 -0.26068899035453796 0.0009759999811649323
v -0.29974299669265747 -0.2587360143661499 -0.10056500136852264
v -0.29974299669265747 -0.2587360143661499 0.10056500136852264
v 0.2899790108203888 -0.2509250044822693 -0.16500499844551086
v 0.2938849925994873 -0.25678300857543945 -0.15328900516033173
v 0.2938849925994873 -0.254830002784729 0.15328900516033173
v 0.8289309740066528 -0.23139800131320953 -0.20601199567317963
v 0.8289309740066528 -0.23139800131320953 0.20601199567317963
v 0.9031350016593933 -0.24702000617980957 0.04979399964213371
v 0.9031350016593933 -0.24702000617980957 -0.04784199967980385
v -0.297789990901947 -0.25678300857543945 -0.1415719985961914
v -0.297789990901947 -0.25678300857543945 0.13962000608444214
v -0.29583799839019775 -0.25287801027297974 0.15719400346279144
v 0.28802698850631714 -0.2509250044822693 0.16500499844551086
v 0.9031350016593933 -0.24506700038909912 -0.09861300140619278
v 0.9011819958686829 -0.24311399459838867 0.11618699878454208
v -0.9031350016593933 -0.24116100370883942 0.04979399964213371
v -0.9031350016593933 -0.24311399459838867 -0.07518000155687332
v -0.864080011844635 -0.24311399459838867 0.18453200161457062
v -0.8816549777984619 -0.24116100370883942 0.17086300253868103
v -0.29583799839019775 -0.25287801027297974 -0.15719400346279144
v 0.27826300263404846 -0.23920899629592896 -0.17476899921894073
v 0.9011819958686829 -0.24311399459838867 -0.12790299952030182
v -0.9011819958686829 -0.23920899629592896 -0.12985600531101227
v 0.8992289900779724 -0.24116100370883942 0.1454779952764511
v -0.8992289900779724 -0.23530299961566925 -0.14938299357891083
v 0.26654699444770813 -0.23139800131320953 0.18257999420166016
v 0.8992289900779724 -0.23920899629592896 -0.1454779952764511
v -0.8992289900779724 -0.2333499938249588 0.1454779952764511
v -0.9011819958686829 -0.2372560054063797 0.13180899620056152
v 0.20406000316143036 0.16110000014305115 -0.20601199567317963
v 0.2333499938249588 -0.19624899327754974 -0.19624899327754974
v 0.20406000316143036 0.16110000014305115 0.20601199567317963
v 0.2333499938249588 -0.19624899327754974 0.19624899327754974
v 0.8738440275192261 -0.2372560054063797 -0.1806270033121109
v 0.834788978099823 -0.22163400053977966 -0.20601199567317963
v -0.8738440275192261 -0.2372560054063797 -0.1806270033121109
v -0.834788978099823 -0.22163400053977966 -0.20601199567317963
v -0.276309996843338 -0.24116100370883942 -0.17476899921894073
v -0.276309996843338 -0.24116100370883942 0.17476899921894073
v -0.25678300857543945 -0.2235870063304901 0.18453200161457062
v 0.8738440275192261 -0.2372560054063797 0.1806270033121109
v 0.8953239917755127 -0.2333499938249588 0.16110000014305115
v -0.897275984287262 -0.22944499552249908 0.15719400346279144
v -0.8933709859848022 -0.22749200463294983 -0.16500499844551086
v 0.834788978099823 -0.22163400053977966 0.20601199567317963
v 0.8953239917755127 -0.2333499938249588 -0.1591469943523407
v 0.8875129818916321 -0.2235870063304901 -0.17086300253868103
v -0.8523640036582947 0.19624899327754974 -0.20601199567317963
v -0.8523640036582947 0.19624899327754974 0.20601199567317963
v 0.9089930057525635 -0.2235870063304901 0.04979399964213371
v 0.9089930057525635 -0.2235870063304901 -0.04784199967980385
v 0.907039999961853 -0.20406000316143036 -0.1200919970870018
v -0.9089930057525635 -0.21772900223731995 0.04784199967980385
v -0.907039999961853 -0.2157759964466095 -0.1200919970870018
v -0.9089930057525635 -0.2196809947490692 -0.07322700321674347
v -0.8484579920768738 -0.19624899327754974 0.20406000316143036
v -0.834788978099823 -0.22163400053977966 0.20601199567317963
v 0.907039999961853 -0.2196809947490692 0.11618699878454208
v -0.907039999961853 -0.21382300555706024 0.11423400044441223
v -0.8894659876823425 -0.22163400053977966 0.16891099512577057
v -0.8757960200309753 -0.20406000316143036 0.18453200161457062
v -0.25678300857543945 -0.2235870063304901 -0.18453200161457062
v 0.8484579920768738 -0.1415719985961914 -0.20601199567317963
v 0.8484579920768738 -0.1415719985961914 0.20601199567317963
v 0.9050869941711426 -0.21772900223731995 0.14352500438690186
v -0.9050869941711426 -0.2118699997663498 -0.13962000608444214
v 0.9011819958686829 -0.2118699997663498 -0.15524199604988098
v -0.9050869941711426 -0.20796500146389008 0.13962000608444214
v -0.8757960200309753 -0.20406000316143036 -0.18453200161457062
v -0.8484579920768738 -0.1942960023880005 -0.20601199567317963
v 0.8757960200309753 -0.20601199567317963 -0.18453200161457062
v 0.8445529937744141 -0.20015400648117065 -0.20601199567317963
v 0.8875129818916321 -0.2235870063304901 0.17086300253868103
v 0.8757960200309753 -0.20601199567317963 0.18453200161457062
v 0.8445529937744141 -0.19624899327754974 0.20601199567317963
v -0.9031350016593933 -0.20601199567317963 -0.15328900516033173
v 0.9011819958686829 -0.2118699997663498 0.1591469943523407
v -0.9011819958686829 -0.20015400648117065 0.1591469943523407
v -0.897275984287262 -0.19234299659729004 -0.1669580042362213
v 0.8914179801940918 -0.17867399752140045 -0.17476899921894073
v 0.8914179801940918 -0.1767210066318512 0.17476899921894073
v 0.9168040156364441 -0.16500499844551086 -0.07127399742603302
v 0.9168040156364441 -0.16305199265480042 0.07908499985933304
v -0.8914179801940918 -0.18453200161457062 0.17281599342823029
v -0.9168040156364441 -0.16110000014305115 0.08103799819946289
v -0.9148510098457336 -0.16305199265480042 -0.11618699878454208
v 0.9109460115432739 -0.1591469943523407 0.1415719985961914
v -0.9128980040550232 -0.15719400346279144 0.12595100700855255
v -0.9109460115432739 -0.1591469943523407 -0.14352500438690186
v 0.9089930057525635 -0.16110000014305115 -0.1454779952764511
v 0.9031350016593933 -0.16110000014305115 -0.16110000014305115
v 0.9031350016593933 -0.1591469943523407 0.16305199265480042
v -0.9109460115432739 -0.15328900516033173 0.1454779952764511
v -0.907039999961853 -0.15524199604988098 -0.15719400346279144
v 0.8777490258216858 -0.13571399450302124 -0.19039100408554077
v 0.8777490258216858 -0.15524199604988098 0.18843799829483032
v -0.8777490258216858 -0.1454779952764511 -0.19039100408554077
v -0.8777490258216858 -0.1454779952764511 0.19039100408554077
v 0.9148510098457336 -0.12204500287771225 -0.12204500287771225
v -0.9050869941711426 -0.1454779952764511 0.16110000014305115
v -0.8543170094490051 -0.1025179997086525 0.20601199567317963
v -0.8543170094490051 -0.1025179997086525 -0.20601199567317963
v -0.8992289900779724 -0.08884900063276291 -0.17476899921894073
v -0.897275984287262 -0.08103799819946289 0.1767210066318512
v 0.8953239917755127 -0.05955800041556358 -0.1767210066318512
v 0.8953239917755127 -0.0673689991235733 0.17867399752140045
v -0.20406000316143036 0.20991800725460052 -0.20601199567317963
v -0.20406000316143036 0.20991800725460052 0.20601199567317963
v 0.9226620197296143 0.05760499835014343 -0.07518000155687332
v -0.9226620197296143 0.1454779952764511 0.07908499985933304
v -0.9148510098457336 0.14352500438690186 -0.14743100106716156
v 0.9226620197296143 0.14352500438690186 0.07908499985933304
v 0.9128980040550232 0.1454779952764511 -0.15133599936962128
v 0.9089930057525635 0.14743100106716156 -0.16305199265480042
v 0.9148510098457336 0.1454779952764511 0.15328900516033173
v 0.9089930057525635 0.1454779952764511 0.16500499844551086
v 0.9187560081481934 0.14352500438690186 0.13962000608444214
v -0.9187560081481934 0.14352500438690186 0.13962000608444214
v -0.9089930057525635 0.14352500438690186 -0.16305199265480042
v 0.8562690019607544 0.14352500438690186 0.20601199567317963
v 0.8816549777984619 0.1982010006904602 0.19039100408554077
v -0.9148510098457336 0.1454779952764511 0.15719400346279144
v -0.9089930057525635 0.14352500438690186 0.16500499844551086
v -0.8816549777984619 0.1942960023880005 -0.19039100408554077
v -0.8816549777984619 0.1942960023880005 0.19039100408554077
v 0.8562690019607544 0.14352500438690186 -0.20601199567317963
v 0.8816549777984619 0.1982010006904602 -0.19039100408554077
v 0.9187560081481934 0.14352500438690186 -0.12204500287771225
v -0.8992289900779724 0.18843799829483032 -0.1767210066318512
v -0.897275984287262 0.19039100408554077 0.1767210066318512
v 0.897275984287262 0.19624899327754974 0.17867399752140045
v 0.897275984287262 0.1982010006904602 -0.1767210066318512
v -0.9168040156364441 0.20601199567317963 0.13962000608444214
v -0.907039999961853 0.22944499552249908 -0.16110000014305115
v -0.9168040156364441 0.20406000316143036 -0.12204500287771225
v -0.9109460115432739 0.23139800131320953 -0.14743100106716156
v -0.907039999961853 0.22944499552249908 0.16305199265480042
v 0.8523640036582947 0.23530299961566925 -0.20601199567317963
v 0.8523640036582947 0.23530299961566925 0.20601199567317963
v 0.9207090139389038 0.20796500146389008 0.043935999274253845
v 0.9148510098457336 0.20796500146389008 -0.12790299952030182
v 0.9187560081481934 0.20601199567317963 -0.09861300140619278
v 0.9148510098457336 0.20796500146389008 0.13962000608444214
v -0.9207090139389038 0.20796500146389008 0.043935999274253845
v -0.9187560081481934 0.20601199567317963 0.09861300140619278
v -0.9109460115432739 0.23139800131320953 0.15524199604988098
v 0.9089930057525635 0.22944499552249908 0.1591469943523407
v 0.9031350016593933 0.22944499552249908 0.16891099512577057
v 0.9089930057525635 0.22944499552249908 -0.15328900516033173
v 0.9011819958686829 0.23530299961566925 -0.1669580042362213
v 0.20601199567317963 0.22749200463294983 -0.20601199567317963
v 0.7879239916801453 0.3016960024833679 -0.20601199567317963
v 0.20601199567317963 0.22749200463294983 0.20601199567317963
v 0.7879239916801453 0.3016960024833679 0.20601199567317963
v -0.8953239917755127 0.24506700038909912 -0.17476899921894073
v -0.8953239917755127 0.24506700038909912 0.17476899921894073
v -0.8523640036582947 0.24506700038909912 -0.20601199567317963
v -0.8797019720077515 0.25287801027297974 -0.18648500740528107
v -0.8523640036582947 0.24506700038909912 0.20601199567317963
v -0.8797019720077515 0.25287801027297974 0.18648500740528107
v -0.8289309740066528 0.2899790108203888 -0.20601199567317963
v -0.8445529937744141 0.27435800433158875 -0.20601199567317963
v -0.8289309740066528 0.2899790108203888 0.20601199567317963
v -0.8445529937744141 0.27435800433158875 0.20601199567317963
v 0.8914179801940918 0.24702000617980957 0.17867399752140045
v 0.8914179801940918 0.24702000617980957 -0.1767210066318512
v 0.8757960200309753 0.2509250044822693 -0.18843799829483032
v 0.8757960200309753 0.2509250044822693 0.18843799829483032
v -0.9148510098457336 0.24116100370883942 -0.06932199746370316
v -0.9128980040550232 0.24506700038909912 -0.1239980012178421
v -0.9109460115432739 0.24702000617980957 0.13571399450302124
v -0.9148510098457336 0.24311399459838867 0.09861300140619278
v 0.9109460115432739 0.24311399459838867 -0.12790299952030182
v 0.9148510098457336 0.24506700038909912 -0.06932199746370316
v -0.9168040156364441 0.24311399459838867 0.04198399931192398
v 0.9148510098457336 0.24311399459838867 0.09861300140619278
v 0.9109460115432739 0.24311399459838867 0.1415719985961914
v 0.2724049985408783 0.7996399998664856 -0.20601199567317963
v -0.25678300857543945 0.24897199869155884 -0.19039100408554077
v -0.26068899035453796 0.26654699444770813 -0.18453200161457062
v -0.7644910216331482 0.29974299669265747 -0.20601199567317963
v -0.25678300857543945 0.29193198680877686 -0.1806270033121109
v -0.2587360143661499 0.6688079833984375 -0.20601199567317963
v -0.10056500136852264 0.8914179801940918 -0.20601199567317963
v 0.2724049985408783 0.7996399998664856 0.20601199567317963
v -0.26068899035453796 0.26654699444770813 0.18453200161457062
v -0.25678300857543945 0.24897199869155884 0.19039100408554077
v -0.7644910216331482 0.29974299669265747 0.20601199567317963
v -0.25678300857543945 0.29193198680877686 0.1806270033121109
v -0.2587360143661499 0.6688079833984375 0.20601199567317963
v -0.10056500136852264 0.8914179801940918 0.20601199567317963
v 0.24897199869155884 0.25678300857543945 -0.18843799829483032
v 0.25678300857543945 0.30364900827407837 -0.1806270033121109
v 0.24897199869155884 0.25678300857543945 0.18843799829483032
v 0.25678300857543945 0.30364900827407837 0.1806270033121109
v -0.9031350016593933 0.254830002784729 -0.16110000014305115
v -0.9031350016593933 0.254830002784729 0.16305199265480042
v 0.9031350016593933 0.254830002784729 0.16110000014305115
v 0.9031350016593933 0.25678300857543945 -0.15328900516033173
v -0.907039999961853 0.26068899035453796 -0.1454779952764511
v -0.907039999961853 0.2587360143661499 0.15328900516033173
v 0.8465059995651245 0.26068899035453796 -0.20601199567317963
v 0.834788978099823 0.28412100672721863 -0.20601199567317963
v 0.8465059995651245 0.26068899035453796 0.20601199567317963
v 0.834788978099823 0.28412100672721863 0.20601199567317963
v 0.8953239917755127 0.2724049985408783 -0.16500499844551086
v -0.9109460115432739 0.2684989869594574 0.04198399931192398
v -0.9089930057525635 0.2684989869594574 -0.09861300140619278
v -0.9089930057525635 0.27045199275016785 0.11618699878454208
v 0.9089930057525635 0.27045199275016785 -0.09861300140619278
v 0.9050869941711426 0.2684989869594574 -0.12790299952030182
v 0.907039999961853 0.2684989869594574 0.11618699878454208
v 0.9050869941711426 0.2684989869594574 0.14352500438690186
v 0.9109460115432739 0.27045199275016785 0.04198399931192398
v -0.907039999961853 0.27045199275016785 -0.12985600531101227
v -0.8894659876823425 0.27045199275016785 -0.17476899921894073
v -0.8894659876823425 0.27045199275016785 0.17476899921894073
v -0.907039999961853 0.27045199275016785 0.13962000608444214
v 0.8836069703102112 0.276309996843338 -0.1767210066318512
v 0.8836069703102112 0.276309996843338 0.17867399752140045
v 0.8953239917755127 0.2724049985408783 0.16891099512577057
v -0.2802160084247589 0.2724049985408783 -0.17476899921894073
v -0.2802160084247589 0.2724049985408783 0.17476899921894073
v -0.897275984287262 0.2802160084247589 -0.16110000014305115
v -0.897275984287262 0.2802160084247589 0.16110000014305115
v 0.2626410126686096 0.2802160084247589 -0.1767210066318512
v 0.2802160084247589 0.27435800433158875 -0.17476899921894073
v 0.2802160084247589 0.27435800433158875 0.17476899921894073
v 0.2626410126686096 0.2802160084247589 0.1767210066318512
v 0.897275984287262 0.28216901421546936 -0.15133599936962128
v -0.8992289900779724 0.2860740125179291 -0.14743100106716156
v 0.8777490258216858 0.29583799839019775 -0.17476899921894073
v 0.8777490258216858 0.29583799839019775 0.1767210066318512
v -0.276309996843338 0.29193198680877686 -0.16500499844551086
v -0.276309996843338 0.29193198680877686 0.16500499844551086
v -0.9050869941711426 0.29193198680877686 0.04198399931192398
v -0.9011819958686829 0.2899790108203888 -0.1200919970870018
v -0.9031350016593933 0.2899790108203888 -0.09861300140619278
v 0.8992289900779724 0.2899790108203888 -0.1200919970870018
v 0.8992289900779724 0.2899790108203888 0.13180899620056152
v 0.897275984287262 0.28412100672721863 0.15328900516033173
v 0.9031350016593933 0.29193198680877686 0.04198399931192398
v -0.9011819958686829 0.29193198680877686 0.11618699878454208
v -0.8992289900779724 0.28802698850631714 0.1454779952764511
v -0.8816549777984619 0.29193198680877686 -0.17281599342823029
v -0.8816549777984619 0.29193198680877686 0.17281599342823029
v 0.9011819958686829 0.29193198680877686 -0.09861300140619278
v -0.2899790108203888 0.28216901421546936 -0.16500499844551086
v -0.7683969736099243 0.33098700642585754 -0.18453200161457062
v -0.2899790108203888 0.28216901421546936 0.16500499844551086
v -0.7683969736099243 0.33098700642585754 0.18453200161457062
v 0.8875129818916321 0.297789990901947 -0.16305199265480042
v 0.8875129818916321 0.297789990901947 0.16500499844551086
v -0.8562690019607544 0.31731799244880676 -0.1767210066318512
v -0.8718910217285156 0.30950701236724854 -0.17281599342823029
v -0.8562690019607544 0.31731799244880676 0.1767210066318512
v -0.8718910217285156 0.30950701236724854 0.17281599342823029
v 0.276309996843338 0.29193198680877686 -0.16500499844551086
v 0.28802698850631714 0.28216901421546936 -0.16500499844551086
v 0.7683969736099243 0.33098700642585754 -0.18453200161457062
v 0.276309996843338 0.29193198680877686 0.16500499844551086
v 0.28802698850631714 0.28216901421546936 0.16500499844551086
v 0.7683969736099243 0.33098700642585754 0.18453200161457062
v -0.8875129818916321 0.29974299669265747 -0.16305199265480042
v -0.8875129818916321 0.29974299669265747 0.16110000014305115
v -0.2938849925994873 0.28802698850631714 -0.15328900516033173
v -0.28412100672721863 0.29583799839019775 -0.15328900516033173
v -0.7703490257263184 0.3466080129146576 -0.17086300253868103
v -0.28412100672721863 0.29583799839019775 0.15328900516033173
v -0.2938849925994873 0.28802698850631714 0.15719400346279144
v -0.7703490257263184 0.3466080129146576 0.17086300253868103
v 0.2899790108203888 0.29193198680877686 -0.15133599936962128
v 0.2938849925994873 0.28802698850631714 -0.15328900516033173
v 0.7703490257263184 0.34465599060058594 -0.17086300253868103
v 0.2938849925994873 0.28802698850631714 0.15328900516033173
v 0.7703490257263184 0.34465599060058594 0.17086300253868103
v 0.8894659876823425 0.30364900827407837 -0.14938299357891083
v 0.8699380159378052 0.30950701236724854 -0.17281599342823029
v 0.819167971611023 0.297789990901947 -0.20601199567317963
v 0.8543170094490051 0.3212229907512665 -0.1767210066318512
v 0.8699380159378052 0.30950701236724854 0.17281599342823029
v 0.819167971611023 0.297789990901947 0.20601199567317963
v 0.8543170094490051 0.3212229907512665 0.17476899921894073
v 0.8894659876823425 0.30364900827407837 0.15133599936962128
v -0.8914179801940918 0.3075540065765381 -0.13180899620056152
v -0.8894659876823425 0.30560100078582764 -0.14938299357891083
v -0.8914179801940918 0.3075540065765381 0.1454779952764511
v -0.29583799839019775 0.29193198680877686 -0.13180899620056152
v -0.772301971912384 0.3544189929962158 -0.14743100106716156
v -0.7703490257263184 0.3505139946937561 -0.1591469943523407
v -0.29583799839019775 0.29193198680877686 0.13180899620056152
v -0.7703490257263184 0.3505139946937561 0.15524199604988098
v 0.297789990901947 0.29193198680877686 -0.13180899620056152
v 0.7703490257263184 0.35246700048446655 -0.15719400346279144
v 0.2860740125179291 0.297789990901947 0.14938299357891083
v 0.297789990901947 0.29193198680877686 0.13180899620056152
v 0.7703490257263184 0.35246700048446655 0.15524199604988098
v -0.8933709859848022 0.30950701236724854 -0.09861300140619278
v -0.8953239917755127 0.3114590048789978 0.04198399931192398
v -0.8172150254249573 0.297789990901947 -0.20601199567317963
v -0.8035460114479065 0.3016960024833679 -0.20601199567317963
v -0.8425999879837036 0.33098700642585754 -0.17476899921894073
v -0.8035460114479065 0.3016960024833679 0.20601199567317963
v -0.8172150254249573 0.297789990901947 0.20601199567317963
v -0.8425999879837036 0.33098700642585754 0.17476899921894073
v 0.8914179801940918 0.30950701236724854 -0.09861300140619278
v 0.8914179801940918 0.3075540065765381 -0.13180899620056152
v 0.8914179801940918 0.3075540065765381 0.13180899620056152
v -0.8933709859848022 0.3114590048789978 0.11618699878454208
v -0.29583799839019775 0.29583799839019775 -0.04198399931192398
v -0.28802698850631714 0.3016960024833679 -0.13180899620056152
v -0.772301971912384 0.3583250045776367 -0.09861300140619278
v -0.28802698850631714 0.3016960024833679 0.13180899620056152
v -0.3114590048789978 0.29583799839019775 0.04198399931192398
v -0.772301971912384 0.3544189929962158 0.13180899620056152
v -0.276309996843338 0.3075540065765381 -0.16500499844551086
v -0.276309996843338 0.3075540065765381 0.16500499844551086
v -0.3212229907512665 0.7996399998664856 -0.17281599342823029
v -0.3212229907512665 0.7996399998664856 0.17281599342823029
v 0.28412100672721863 0.30364900827407837 -0.1454779952764511
v 0.27826300263404846 0.3075540065765381 -0.16500499844551086
v 0.27826300263404846 0.3075540065765381 0.1591469943523407
v 0.2899790108203888 0.29974299669265747 -0.09861300140619278
v 0.297789990901947 0.29583799839019775 -0.04198399931192398
v 0.772301971912384 0.3583250045776367 -0.09861300140619278
v 0.772301971912384 0.35637199878692627 -0.13180899620056152
v 0.297789990901947 0.29583799839019775 0.04198399931192398
v 0.2899790108203888 0.29974299669265747 0.09861300140619278
v 0.772301971912384 0.3583250045776367 0.09861300140619278
v 0.772301971912384 0.35637199878692627 0.13180899620056152
v 0.8933709859848022 0.3114590048789978 0.04198399931192398
v -0.2899790108203888 0.30364900827407837 0.0009759999811649323
v -0.772301971912384 0.360276997089386 0.06932199746370316
v -0.28216901421546936 0.30950701236724854 -0.15133599936962128
v -0.28216901421546936 0.30950701236724854 0.15133599936962128
v 0.2899790108203888 0.30364900827407837 0.0009759999811649323
v 0.772301971912384 0.360276997089386 0.06932199746370316
v 0.8777490258216858 0.3153649866580963 -0.16305199265480042
v 0.8777490258216858 0.3153649866580963 0.16305199265480042
v -0.8250259757041931 0.33879798650741577 -0.1767210066318512
v -0.8250259757041931 0.33879798650741577 0.1767210066318512
v 0.28412100672721863 0.30950701236724854 0.13180899620056152
v 0.28216901421546936 0.30950701236724854 0.15133599936962128
v 0.8074510097503662 0.3368450105190277 -0.17867399752140045
v 0.8406469821929932 0.3329389989376068 -0.17476899921894073
v 0.8250259757041931 0.3368450105190277 -0.1767210066318512
v 0.8074510097503662 0.3368450105190277 0.17867399752140045
v 0.8406469821929932 0.3329389989376068 0.17476899921894073
v 0.8250259757041931 0.3368450105190277 0.1767210066318512
v -0.8757960200309753 0.31731799244880676 -0.16305199265480042
v -0.8757960200309753 0.31731799244880676 0.16305199265480042
v 0.2899790108203888 0.3114590048789978 -0.09861300140619278
v -0.8074510097503662 0.3407500088214874 -0.1767210066318512
v -0.8074510097503662 0.3407500088214874 0.1767210066318512
v -0.28802698850631714 0.3114590048789978 -0.09861300140619278
v -0.28802698850631714 0.3114590048789978 0.09861300140619278
v 0.3153649866580963 0.7996399998664856 -0.1767210066318512
v 0.3153649866580963 0.7996399998664856 0.1767210066318512
v 0.33489200472831726 0.7996399998664856 -0.15328900516033173
v 0.3368450105190277 0.7996399998664856 -0.13962000608444214
v 0.2899790108203888 0.31341201066970825 0.0009759999811649323
v 0.8797019720077515 0.3192700147628784 -0.14938299357891083
v 0.8797019720077515 0.3192700147628784 0.14938299357891083
v -0.8797019720077515 0.32317599654197693 -0.13180899620056152
v -0.8797019720077515 0.32317599654197693 0.1454779952764511
v -0.3368450105190277 0.7996399998664856 -0.15524199604988098
v -0.3368450105190277 0.7996399998664856 0.15524199604988098
v 0.3290340006351471 0.801593005657196 -0.16305199265480042
v 0.33098700642585754 0.7996399998664856 0.1591469943523407
v 0.8797019720077515 0.32317599654197693 -0.13180899620056152
v 0.8797019720077515 0.32317599654197693 0.13180899620056152
v -0.8836069703102112 0.3290340006351471 0.04198399931192398
v -0.8816549777984619 0.32708099484443665 -0.09861300140619278
v -0.8621270060539246 0.3290340006351471 -0.16500499844551086
v -0.8621270060539246 0.3290340006351471 0.16500499844551086
v -0.3407500088214874 0.801593005657196 -0.13962000608444214
v -0.34465599060058594 0.801593005657196 0.09861300140619278
v -0.3407500088214874 0.801593005657196 0.13962000608444214
v 0.3368450105190277 0.7996399998664856 0.1454779952764511
v 0.3407500088214874 0.7996399998664856 0.1200919970870018
v 0.8621270060539246 0.33098700642585754 -0.16305199265480042
v 0.8621270060539246 0.33098700642585754 0.16305199265480042
v 0.8816549777984619 0.32708099484443665 0.04198399931192398
v 0.8816549777984619 0.32708099484443665 -0.09861300140619278
v -0.8816549777984619 0.32708099484443665 0.11618699878454208
v -0.34465599060058594 0.801593005657196 -0.09861300140619278
v 0.3427030146121979 0.7996399998664856 -0.06932199746370316
v -0.8660330176353455 0.3368450105190277 -0.13376200199127197
v 0.864080011844635 0.33489200472831726 -0.14938299357891083
v 0.864080011844635 0.33489200472831726 0.15133599936962128
v -0.8679860234260559 0.3407500088214874 -0.09861300140619278
v -0.8660330176353455 0.33879798650741577 0.11618699878454208
v -0.864080011844635 0.3368450105190277 0.14743100106716156
v 0.8660330176353455 0.33879798650741577 -0.13180899620056152
v 0.8660330176353455 0.33879798650741577 0.13180899620056152
v -0.8679860234260559 0.3427030146121979 0.04198399931192398
v 0.8679860234260559 0.3427030146121979 0.04198399931192398
v 0.8660330176353455 0.3407500088214874 -0.09861300140619278
v -0.8465059995651245 0.3407500088214874 -0.16305199265480042
v -0.8504109978675842 0.3466080129146576 -0.13571399450302124
v -0.8465059995651245 0.3407500088214874 0.16500499844551086
v -0.8269780278205872 0.3466080129146576 -0.16500499844551086
v -0.8269780278205872 0.3466080129146576 0.1669580042362213
v 0.8445529937744141 0.3407500088214874 -0.16305199265480042
v 0.8465059995651245 0.3466080129146576 -0.15133599936962128
v 0.8445529937744141 0.3407500088214874 0.16305199265480042
v 0.8465059995651245 0.3466080129146576 0.15133599936962128
v 0.8484579920768738 0.34856098890304565 -0.13180899620056152
v -0.8504109978675842 0.3505139946937561 -0.09861300140619278
v -0.8484579920768738 0.3466080129146576 0.14743100106716156
v 0.8094040155410767 0.3505139946937561 -0.16500499844551086
v 0.8094040155410767 0.3505139946937561 0.16500499844551086
v 0.8289309740066528 0.3505139946937561 -0.16305199265480042
v 0.8289309740066528 0.3505139946937561 0.16305199265480042
v -0.8504109978675842 0.3505139946937561 0.11618699878454208
v -0.8094040155410767 0.34856098890304565 -0.1669580042362213
v -0.8094040155410767 0.34856098890304565 0.1669580042362213
v 0.8484579920768738 0.34856098890304565 0.13180899620056152
v -0.8308839797973633 0.3544189929962158 -0.1376670002937317
v -0.8289309740066528 0.3544189929962158 0.14938299357891083
v 0.8504109978675842 0.35246700048446655 -0.09861300140619278
v -0.8523640036582947 0.3544189929962158 0.04198399931192398
v 0.8504109978675842 0.35246700048446655 0.04198399931192398
v -0.8328369855880737 0.3583250045776367 -0.09861300140619278
v -0.8308839797973633 0.3583250045776367 0.11618699878454208
v -0.8094040155410767 0.35637199878692627 -0.15133599936962128
v -0.8094040155410767 0.35637199878692627 0.15524199604988098
v 0.8308839797973633 0.35637199878692627 -0.12985600531101227
v 0.8269780278205872 0.35637199878692627 -0.14938299357891083
v 0.8269780278205872 0.35637199878692627 0.14352500438690186
v 0.8308839797973633 0.360276997089386 0.04198399931192398
v -0.8328369855880737 0.360276997089386 0.04198399931192398
v 0.8094040155410767 0.3583250045776367 -0.14743100106716156
v 0.8094040155410767 0.3583250045776367 0.14743100106716156
v -0.8113570213317871 0.360276997089386 -0.1239980012178421
v -0.8113570213317871 0.360276997089386 0.1239980012178421
v 0.8113570213317871 0.36223000288009644 0.06932199746370316
v 0.8113570213317871 0.36223000288009644 -0.06932199746370316
v -0.8113570213317871 0.3641830086708069 0.04198399931192398
v -0.7957350015640259 0.36223000288009644 0.04198399931192398
v 0.7957350015640259 0.36223000288009644 0.04198399931192398
v -0.28802698850631714 0.8386949896812439 -0.20601199567317963
v -0.28802698850631714 0.8386949896812439 0.20601199567317963
v -0.32708099484443665 0.8367419838905334 -0.17086300253868103
v -0.33879798650741577 0.8406469821929932 -0.15328900516033173
v -0.32708099484443665 0.8367419838905334 0.17086300253868103
v -0.3407500088214874 0.8406469821929932 0.15328900516033173
v 0.29583799839019775 0.8328369855880737 -0.19234299659729004
v 0.2724049985408783 0.8386949896812439 -0.20601199567317963
v 0.2509250044822693 0.8816549777984619 -0.20601199567317963
v 0.29583799839019775 0.8328369855880737 0.19234299659729004
v 0.2724049985408783 0.8386949896812439 0.20601199567317963
v 0.2509250044822693 0.8816549777984619 0.20601199567317963
v 0.3212229907512665 0.8386949896812439 -0.17281599342823029
v 0.3212229907512665 0.8386949896812439 0.17281599342823029
v 0.3368450105190277 0.8445529937744141 0.15524199604988098
v 0.3368450105190277 0.8445529937744141 -0.15133599936962128
v 0.3329389989376068 0.8425999879837036 -0.1591469943523407
v 0.3427030146121979 0.8484579920768738 -0.09861300140619278
v 0.33879798650741577 0.8465059995651245 -0.13180899620056152
v 0.3407500088214874 0.8465059995651245 0.13962000608444214
v 0.34465599060058594 0.8484579920768738 0.04198399931192398
v 0.3427030146121979 0.8484579920768738 0.11618699878454208
v -0.34856098890304565 0.8484579920768738 -0.06932199746370316
v -0.3466080129146576 0.8445529937744141 -0.09861300140619278
v -0.3466080129146576 0.8445529937744141 0.09861300140619278
v -0.3427030146121979 0.8445529937744141 -0.13962000608444214
v -0.3427030146121979 0.8445529937744141 0.13962000608444214
v 0.3153649866580963 0.8621270060539246 -0.17476899921894073
v 0.3153649866580963 0.8621270060539246 0.17476899921894073
v -0.3251279890537262 0.8562690019607544 -0.17086300253868103
v -0.3251279890537262 0.8562690019607544 0.17086300253868103
v -0.28412100672721863 0.8621270060539246 -0.20601199567317963
v -0.2684989869594574 0.8816549777984619 -0.20601199567317963
v -0.28412100672721863 0.8621270060539246 0.20601199567317963
v -0.2684989869594574 0.8816549777984619 0.20601199567317963
v 0.26654699444770813 0.8621270060539246 -0.20601199567317963
v 0.26654699444770813 0.8621270060539246 0.20601199567317963
v -0.3368450105190277 0.864080011844635 0.15524199604988098
v -0.3368450105190277 0.864080011844635 -0.15524199604988098
v 0.3290340006351471 0.8660330176353455 -0.16110000014305115
v -0.3407500088214874 0.8660330176353455 -0.1415719985961914
v -0.34465599060058594 0.8679860234260559 -0.09861300140619278
v -0.3407500088214874 0.8660330176353455 0.1415719985961914
v -0.3466080129146576 0.8699380159378052 0.04198399931192398
v -0.34465599060058594 0.8679860234260559 0.09861300140619278
v 0.33489200472831726 0.8679860234260559 -0.14743100106716156
v 0.3329389989376068 0.8679860234260559 0.15524199604988098
v 0.3368450105190277 0.8699380159378052 -0.1239980012178421
v 0.3368450105190277 0.8699380159378052 0.1415719985961914
v 0.3407500088214874 0.8718910217285156 -0.06932199746370316
v 0.3407500088214874 0.8718910217285156 0.09861300140619278
v -0.3212229907512665 0.8738440275192261 -0.17086300253868103
v -0.3212229907512665 0.8738440275192261 0.17086300253868103
v -0.31341201066970825 0.8914179801940918 -0.17086300253868103
v -0.29974299669265747 0.9050869941711426 -0.17476899921894073
v -0.31341201066970825 0.8914179801940918 0.17086300253868103
v -0.29974299669265747 0.9050869941711426 0.17281599342823029
v 0.30950701236724854 0.8816549777984619 -0.17476899921894073
v 0.28412100672721863 0.9089930057525635 -0.1767210066318512
v 0.29974299669265747 0.897275984287262 -0.17476899921894073
v 0.30950701236724854 0.8816549777984619 0.17476899921894073
v 0.28412100672721863 0.9089930057525635 0.1767210066318512
v 0.29974299669265747 0.897275984287262 0.17476899921894073
v -0.33098700642585754 0.8816549777984619 -0.15719400346279144
v -0.33098700642585754 0.8816549777984619 0.15719400346279144
v -0.33489200472831726 0.8855599761009216 -0.1415719985961914
v -0.33489200472831726 0.8855599761009216 0.1415719985961914
v 0.3212229907512665 0.8894659876823425 -0.16110000014305115
v -0.33879798650741577 0.8894659876823425 -0.09861300140619278
v -0.3407500088214874 0.8894659876823425 0.04198399931192398
v -0.33879798650741577 0.8894659876823425 0.09861300140619278
v 0.32708099484443665 0.8894659876823425 0.15524199604988098
v 0.3290340006351471 0.8933709859848022 -0.13180899620056152
v 0.3251279890537262 0.8914179801940918 -0.14743100106716156
v 0.33098700642585754 0.8953239917755127 -0.09861300140619278
v 0.3290340006351471 0.8933709859848022 0.1415719985961914
v 0.3329389989376068 0.897275984287262 0.04198399931192398
v 0.3329389989376068 0.8953239917755127 0.09861300140619278
v -0.3212229907512665 0.8992289900779724 -0.1591469943523407
v -0.3212229907512665 0.8992289900779724 0.1591469943523407
v -0.23920899629592896 0.8914179801940918 -0.20601199567317963
v -0.25287801027297974 0.9168040156364441 -0.18648500740528107
v -0.28412100672721863 0.9168040156364441 -0.17476899921894073
v -0.2684989869594574 0.9226620197296143 -0.1767210066318512
v -0.23920899629592896 0.8914179801940918 0.20601199567317963
v -0.25287801027297974 0.9168040156364441 0.18648500740528107
v -0.28412100672721863 0.9168040156364441 0.17476899921894073
v -0.2684989869594574 0.9226620197296143 0.1767210066318512
v 0.21772900223731995 0.8914179801940918 -0.20601199567317963
v 0.25287801027297974 0.9168040156364441 -0.18453200161457062
v 0.2645939886569977 0.9187560081481934 -0.17867399752140045
v 0.21772900223731995 0.8914179801940918 0.20601199567317963
v 0.25287801027297974 0.9168040156364441 0.18453200161457062
v 0.2645939886569977 0.9187560081481934 0.17867399752140045
v -0.3251279890537262 0.9031350016593933 -0.1415719985961914
v -0.3251279890537262 0.9031350016593933 0.1415719985961914
v -0.3290340006351471 0.907039999961853 -0.09861300140619278
v -0.33098700642585754 0.9089930057525635 0.04198399931192398
v -0.3290340006351471 0.907039999961853 0.09861300140619278
v 0.30950701236724854 0.907039999961853 -0.16110000014305115
v 0.31341201066970825 0.9089930057525635 0.15524199604988098
v -0.30560100078582764 0.9128980040550232 -0.16500499844551086
v -0.30560100078582764 0.9128980040550232 0.16500499844551086
v -0.1806270033121109 0.9226620197296143 -0.18843799829483032
v -0.23139800131320953 0.9246150255203247 -0.18257999420166016
v -0.1806270033121109 0.9226620197296143 0.18843799829483032
v -0.23139800131320953 0.9246150255203247 0.18257999420166016
v 0.21382300555706024 0.9246150255203247 -0.18648500740528107
v 0.21382300555706024 0.9246150255203247 0.18648500740528107
v 0.3153649866580963 0.9109460115432739 -0.14743100106716156
v 0.31731799244880676 0.9128980040550232 -0.13180899620056152
v 0.31731799244880676 0.9128980040550232 0.1415719985961914
v 0.3192700147628784 0.9148510098457336 -0.09861300140619278
v 0.3192700147628784 0.9148510098457336 0.09861300140619278
v 0.2938849925994873 0.9207090139389038 -0.16500499844551086
v 0.2938849925994873 0.9207090139389038 0.16110000014305115
v 0.3212229907512665 0.9168040156364441 0.04198399931192398
v -0.3114590048789978 0.9187560081481934 -0.14352500438690186
v -0.3114590048789978 0.9187560081481934 0.14352500438690186
v -0.3153649866580963 0.9226620197296143 -0.09861300140619278
v -0.3153649866580963 0.9226620197296143 0.09861300140619278
v -0.2899790108203888 0.926567018032074 -0.16305199265480042
v -0.2899790108203888 0.926567018032074 0.16305199265480042
v -0.3153649866580963 0.9246150255203247 0.04198399931192398
v 0.29583799839019775 0.9246150255203247 -0.15133599936962128
v 0.2724049985408783 0.9304730296134949 -0.16500499844551086
v 0.2724049985408783 0.9304730296134949 0.16500499844551086
v 0.297789990901947 0.926567018032074 0.14938299357891083
v 0.297789990901947 0.926567018032074 -0.13180899620056152
v 0.29974299669265747 0.9304730296134949 -0.09861300140619278
v 0.29974299669265747 0.9304730296134949 0.10056500136852264
v 0.3016960024833679 0.9324250221252441 0.04198399931192398
v -0.27045199275016785 0.9324250221252441 -0.16500499844551086
v -0.27045199275016785 0.9324250221252441 0.16500499844551086
v 0.22944499552249908 0.9304730296134949 -0.1767210066318512
v 0.22944499552249908 0.9304730296134949 0.1767210066318512
v -0.29583799839019775 0.9343780279159546 -0.09861300140619278
v -0.2938849925994873 0.9304730296134949 -0.14352500438690186
v -0.29583799839019775 0.9343780279159546 0.09861300140619278
v -0.2938849925994873 0.9304730296134949 0.14352500438690186
v 0.23139800131320953 0.9382839798927307 -0.16891099512577057
v 0.23139800131320953 0.9382839798927307 0.16891099512577057
v -0.297789990901947 0.9363309741020203 0.04198399931192398
v -0.25287801027297974 0.9324250221252441 -0.17086300253868103
v -0.25287801027297974 0.9324250221252441 0.17086300253868103
v -0.1982010006904602 0.9363309741020203 -0.17476899921894073
v -0.1982010006904602 0.9363309741020203 0.17476899921894073
v 0.27435800433158875 0.9343780279159546 -0.15524199604988098
v -0.27435800433158875 0.9382839798927307 -0.1454779952764511
v -0.27435800433158875 0.9382839798927307 0.1454779952764511
v 0.276309996843338 0.94023597240448 -0.09470699727535248
v 0.27435800433158875 0.9343780279159546 0.15524199604988098
v 0.276309996843338 0.9382839798927307 0.13180899620056152
v -0.276309996843338 0.9421889781951904 -0.09861300140619278
v -0.276309996843338 0.9421889781951904 0.09861300140619278
v 0.2333499938249588 0.94023597240448 -0.16110000014305115
v 0.2333499938249588 0.94023597240448 0.16110000014305115
v 0.27826300263404846 0.9421889781951904 0.06932199746370316
v -0.2509250044822693 0.9382839798927307 -0.16110000014305115
v -0.2509250044822693 0.9382839798927307 0.16110000014305115
v -0.276309996843338 0.9441419839859009 0.04198399931192398
v 0.2333499938249588 0.9441419839859009 -0.1415719985961914
v 0.2333499938249588 0.9441419839859009 0.1415719985961914
v -0.1982010006904602 0.9421889781951904 -0.16305199265480042
v -0.1982010006904602 0.9421889781951904 0.16305199265480042
v -0.25287801027297974 0.9441419839859009 -0.13376200199127197
v -0.25287801027297974 0.9441419839859009 0.13376200199127197
v -0.1982010006904602 0.9460949897766113 -0.14352500438690186
v -0.1982010006904602 0.9460949897766113 0.14352500438690186
v 0.2333499938249588 0.9480469822883606 0.09861300140619278
v 0.2333499938249588 0.9480469822883606 -0.04198399931192398
v -0.254830002784729 0.9480469822883606 -0.06932199746370316
v -0.254830002784729 0.9480469822883606 0.06932199746370316
v -0.1982010006904602 0.949999988079071 -0.09861300140619278
v -0.1982010006904602 0.949999988079071 0.09861300140619278
v 0.1982010006904602 0.949999988079071 -0.09861300140619278
v 0.1982010006904602 0.949999988079071 0.09861300140619278
vt 0.408253014087677 0.663366973400116
vt 0.40882501006126404 0.6685240268707275
vt 0.349806010723114 0.6685240268707275
vt 0.35037899017333984 0.663366973400116
vt 0.3503910005092621 0.540768027305603
vt 0.40826401114463806 0.540768027305603
vt 0.420291006565094 0.6633809804916382
vt 0.42086300253868103 0.668537974357605
vt 0.42030200362205505 0.5407819747924805
vt 0.3377780020236969 0.668537974357605
vt 0.3383510112762451 0.6633809804916382
vt 0.33836299180984497 0.5407819747924805
vt 0.408827006816864 0.6736869812011719
vt 0.3629870116710663 0.6736869812011719
vt 0.4214380085468292 0.6737020015716553
vt 0.3572640120983124 0.6834489703178406
vt 0.34408101439476013 0.6736940145492554
vt 0.3337720036506653 0.673708975315094
vt 0.39393600821495056 0.6834489703178406
vt 0.4220210015773773 0.6828979849815369
vt 0.4122749865055084 0.6834570169448853
vt 0.408843994140625 0.6880620121955872
vt 0.36472100019454956 0.6880549788475037
vt 0.36472201347351074 0.5316150188446045
vt 0.4013940095901489 0.5316150188446045
vt 0.4088450074195862 0.5258920192718506
vt 0.4145750105381012 0.5316219925880432
vt 0.3406580090522766 0.5316219925880432
vt 0.36300501227378845 0.5258920192718506
vt 0.42602500319480896 0.6633960008621216
vt 0.427170991897583 0.6679790019989014
vt 0.4260370135307312 0.5407959818840027
vt 0.3314799964427948 0.6679790019989014
vt 0.33262598514556885 0.6633960008621216
vt 0.3326379954814911 0.5407959818840027
vt 0.42774900794029236 0.6731500029563904
vt 0.3309119939804077 0.6731500029563904
vt 0.3406499922275543 0.6834570169448853
vt 0.3337790071964264 0.6828979849815369
vt 0.34409499168395996 0.6880620121955872
vt 0.42775800824165344 0.682345986366272
vt 0.4248940050601959 0.5316359996795654
vt 0.33264100551605225 0.5316359996795654
vt 0.43061700463294983 0.6634169816970825
vt 0.4306280016899109 0.5408179759979248
vt 0.32804998755455017 0.6634169816970825
vt 0.3280610144138336 0.5408179759979248
vt 0.431194007396698 0.6725990176200867
vt 0.3274810016155243 0.6725990176200867
vt 0.3309209942817688 0.682345986366272
vt 0.3647319972515106 0.5213299989700317
vt 0.4088529944419861 0.5213299989700317
vt 0.4208829998970032 0.5259060263633728
vt 0.4208909869194031 0.521344006061554
vt 0.336652010679245 0.5259060263633728
vt 0.33780598640441895 0.521344006061554
vt 0.4271929860115051 0.5265009999275208
vt 0.3309299945831299 0.5265009999275208
vt 0.420881986618042 0.6880760192871094
vt 0.3337880074977875 0.6875100135803223
vt 0.4294849932193756 0.5316569805145264
vt 0.3280639946460724 0.5316569805145264
vt 0.4323570132255554 0.6795250177383423
vt 0.32635200023651123 0.6795250177383423
vt 0.426052987575531 0.5219320058822632
vt 0.330935001373291 0.5219320058822632
vt 0.4306440055370331 0.5276830196380615
vt 0.3275040090084076 0.5276830196380615
vt 0.10046699643135071 0.023426000028848648
vt 0.01978199928998947 0.09986399859189987
vt 0.01721999980509281 0.09725300222635269
vt 0.10661300271749496 0.013330000452697277
vt 0.016023000702261925 0.10340700298547745
vt 0.011416999623179436 0.10443799942731857
vt 0.8976340293884277 0.4945569932460785
vt 0.895143985748291 0.4918619990348816
vt 0.9752600193023682 0.4148370027542114
vt 0.9856320023536682 0.40918099880218506
vt 0.8914300203323364 0.49545300006866455
vt 0.8901849985122681 0.5000159740447998
vt 0.4277629852294922 0.687516987323761
vt 0.3309279978275299 0.6869509816169739
vt 0.40885600447654724 0.6926810145378113
vt 0.3647330105304718 0.6926739811897278
vt 0.3441070020198822 0.6926810145378113
vt 0.3647420108318329 0.5167750120162964
vt 0.40141400694847107 0.5167750120162964
vt 0.4145979881286621 0.5167890191078186
vt 0.4220519959926605 0.5168030261993408
vt 0.4088810086250305 0.512241005897522
vt 0.33724498748779297 0.5167959928512573
vt 0.42089399695396423 0.6921229958534241
vt 0.33437100052833557 0.6921229958534241
vt 0.11356800049543381 0.007362999953329563
vt 0.11850500106811523 0.006701999809592962
vt 0.1165120005607605 0.009557000361382961
vt 0.11500599980354309 0.022756999358534813
vt 0.9898620247840881 0.3994629979133606
vt 0.9927870035171509 0.39757800102233887
vt 0.9918760061264038 0.402446985244751
vt 0.9766049981117249 0.40032100677490234
vt 0.00927599985152483 0.11212900280952454
vt 0.8824030160903931 0.5017910003662109
vt 0.42721399664878845 0.5179640054702759
vt 0.33152300119400024 0.5179640054702759
vt 0.430076003074646 0.5231130123138428
vt 0.32750898599624634 0.5231130123138428
vt 0.004579000174999237 0.11145400255918503
vt 0.005861000157892704 0.11687300354242325
vt 0.0016430000541731715 0.11584600061178207
vt 0.8775050044059753 0.5049859881401062
vt 0.8828589916229248 0.5065330266952515
vt 0.8783559799194336 0.5084540247917175
vt 0.4272040128707886 0.6915709972381592
vt 0.33094000816345215 0.6915709972381592
vt 0.3647570013999939 0.5122339725494385
vt 0.3378340005874634 0.51282799243927
vt 0.12653400003910065 0.0010809999657794833
vt 0.12828099727630615 0.00531500019133091
vt 0.12257400155067444 0.004339999984949827
vt 0.1212029978632927 0.0013279999839141965
vt 0.9953169822692871 0.3935900032520294
vt 0.9946489930152893 0.38791200518608093
vt 0.9987980127334595 0.3898710012435913
vt 0.9982410073280334 0.3950819969177246
vt 0.00572599982842803 0.12253999710083008
vt 0.0010809999657794833 0.1210779994726181
vt 0.40887099504470825 0.6967350244522095
vt 0.36474698781967163 0.6967269778251648
vt 0.3441239893436432 0.6967419981956482
vt 0.026420999318361282 0.10669700056314468
vt 0.02269499935209751 0.11026199907064438
vt 0.8848919868469238 0.4884440004825592
vt 0.888625979423523 0.4848879873752594
vt 0.02017199993133545 0.11425700038671494
vt 0.8807830214500427 0.49077799916267395
vt 0.8730630278587341 0.5095469951629639
vt 0.8718379735946655 0.5048580169677734
vt 0.41460299491882324 0.6967419981956482
vt 0.3338150084018707 0.6961830258369446
vt 0.4209209978580475 0.5128359794616699
vt 0.3309670090675354 0.5140029788017273
vt 0.1244330033659935 0.017696000635623932
vt 0.9821000099182129 0.39114201068878174
vt 0.502560019493103 0.7065320014953613
vt 0.5020430088043213 0.7019510269165039
vt 0.5077909827232361 0.7042440176010132
vt 0.5088719725608826 0.7082509994506836
vt 0.5089930295944214 0.699662983417511
vt 0.5152480006217957 0.7053899765014648
vt 0.42205700278282166 0.6961830258369446
vt 0.5960220098495483 0.7042440176010132
vt 0.5994409918785095 0.7019510269165039
vt 0.598812997341156 0.7065320014953613
vt 0.5953840017318726 0.7082509994506836
vt 0.6966390013694763 0.7076550126075745
vt 0.6955320239067078 0.7041299939155579
vt 0.7006970047950745 0.7024710178375244
vt 0.7017989754676819 0.7065690159797668
vt 0.018439000472426414 0.11907900124788284
vt 0.875885009765625 0.49228501319885254
vt 0.1288910061120987 0.01738700084388256
vt 0.9826160073280334 0.3867050111293793
vt 0.6394109725952148 0.7013599872589111
vt 0.6835340261459351 0.7010999917984009
vt 0.6834890246391296 0.7057520151138306
vt 0.639365017414093 0.7060120105743408
vt 0.6124449968338013 0.7041140198707581
vt 0.6119210124015808 0.6988850235939026
vt 0.13266199827194214 0.004131999798119068
vt 0.13213099539279938 0.0011599999852478504
vt 0.9960150122642517 0.3835639953613281
vt 0.9989190101623535 0.38417500257492065
vt 0.005611000116914511 0.12739700078964233
vt 0.0017869999865069985 0.12678399682044983
vt 0.8673959970474243 0.5085740089416504
vt 0.866981029510498 0.5047469735145569
vt 0.5209779739379883 0.7059630155563354
vt 0.5210340023040771 0.7013819813728333
vt 0.5651490092277527 0.7019550204277039
vt 0.5650929808616638 0.7065359950065613
vt 0.5857740044593811 0.7013819813728333
vt 0.5857189893722534 0.7053899765014648
vt 0.6955770254135132 0.6994779706001282
vt 0.5153319835662842 0.6956530213356018
vt 0.5920670032501221 0.7002360224723816
vt 0.6055809855461121 0.7017959952354431
vt 0.6061949729919434 0.6977220177650452
vt 0.7007380127906799 0.6983919739723206
vt 0.5038179755210876 0.6985160112380981
vt 0.596642017364502 0.699088990688324
vt 0.1373790055513382 0.0016789999790489674
vt 0.13747699558734894 0.0058570001274347305
vt 0.9944959878921509 0.37863999605178833
vt 0.998665988445282 0.3789460062980652
vt 0.13291600346565247 0.018285000696778297
vt 0.9819070100784302 0.3826430141925812
vt 0.018247000873088837 0.1271750032901764
vt 0.8677889704704285 0.4921010136604309
vt 0.6394580006599426 0.6961479783058167
vt 0.6761289834976196 0.6964070200920105
vt 0.6154000163078308 0.6942809820175171
vt 0.005398999899625778 0.13219000399112701
vt 0.0015750000020489097 0.1315770000219345
vt 0.8626199960708618 0.5094509720802307
vt 0.8621640205383301 0.5047079920768738
vt 0.535975992679596 0.6968010067939758
vt 0.57321697473526 0.6968010067939758
vt 0.6893150210380554 0.6948050260543823
vt 0.696196973323822 0.6937190294265747
vt 0.6830509901046753 0.6901429891586304
vt 0.5216619968414307 0.6904979944229126
vt 0.5892400145530701 0.6956530213356018
vt 0.5846850275993347 0.6904979944229126
vt 0.13991700112819672 0.010852999985218048
vt 0.9896389842033386 0.37599700689315796
vt 0.5949599742889404 0.6945070028305054
vt 0.7013580203056335 0.6926329731941223
vt 0.6062420010566711 0.691959023475647
vt 0.6108220219612122 0.6931139826774597
vt 0.5032730102539062 0.6927869915962219
vt 0.5078750252723694 0.6945070028305054
vt 0.5124859809875488 0.6893510222434998
vt 0.1380860060453415 0.02204200066626072
vt 0.1720450073480606 0.2617279887199402
vt 0.7405549883842468 0.33226001262664795
vt 0.9783949851989746 0.3773050010204315
vt 0.012147000059485435 0.1316940039396286
vt 0.8629729747772217 0.4979720115661621
vt 0.5983790159225464 0.6933599710464478
vt 0.6011790037155151 0.6956490278244019
vt 0.14260199666023254 0.004648000001907349
vt 0.995963990688324 0.3736259937286377
vt 0.00431300001218915 0.13692200183868408
vt 0.6400769948959351 0.690388023853302
vt 0.6148710250854492 0.6885250210762024
vt 0.5365679860115051 0.6910709738731384
vt 0.5726619958877563 0.6910709738731384
vt 0.5302749872207642 0.6830499768257141
vt 0.009684000164270401 0.13916799426078796
vt 0.8553929924964905 0.5001050233840942
vt 0.8577820062637329 0.5059990286827087
vt 0.516506016254425 0.6819030046463013
vt 0.5909780263900757 0.6893510222434998
vt 0.6939449906349182 0.6885250210762024
vt 0.6085720062255859 0.687358021736145
vt 0.5061650276184082 0.6882050037384033
vt 0.5961160063743591 0.6882050037384033
vt 0.6985309720039368 0.6879950165748596
vt 0.5983880162239075 0.6841930150985718
vt 0.6012070178985596 0.6876279711723328
vt 0.7025610208511353 0.6840590238571167
vt 0.7065060138702393 0.6905040144920349
vt 0.9895679950714111 0.36771199107170105
vt 0.9941319823265076 0.3692759871482849
vt 0.500370979309082 0.6876279711723328
vt 0.5032820105552673 0.6841930150985718
vt 0.0221560001373291 0.1329299956560135
vt 0.017635000869631767 0.1391029953956604
vt 0.8558279871940613 0.4921469986438751
vt 0.8622230291366577 0.48792898654937744
vt 0.6418399810791016 0.684099018573761
vt 0.68367600440979 0.682699978351593
vt 0.6154909729957581 0.6822159886360168
vt 0.562932014465332 0.6847689747810364
vt 0.5846940279006958 0.6819030046463013
vt 0.6951360106468201 0.6822310090065002
vt 0.1458899974822998 0.016269000247120857
vt 0.1481740027666092 0.011291000060737133
vt 0.9845079779624939 0.36977699398994446
vt 0.594406008720398 0.6813290119171143
vt 0.6097599864006042 0.68162602186203
vt 0.5055919885635376 0.6824740171432495
vt 0.5096219778060913 0.6813290119171143
vt 0.5966879725456238 0.6824740171432495
vt 0.6991540193557739 0.6805629730224609
vt 0.607475996017456 0.6799139976501465
vt 0.6045799851417542 0.683364987373352
vt 0.5019059777259827 0.5220199823379517
vt 0.5987309813499451 0.5220199823379517
vt 0.01600099913775921 0.14578500390052795
vt 0.009820999577641487 0.1435209959745407
vt 0.8490779995918274 0.49348899722099304
vt 0.8510519862174988 0.49977800250053406
vt 0.6429349780082703 0.5199909806251526
vt 0.654964029788971 0.5206490159034729
vt 0.6165750026702881 0.519815981388092
vt 0.2507370114326477 0.1394679993391037
vt 0.24843299388885498 0.14114299416542053
vt 0.7002210021018982 0.521016001701355
vt 0.703656017780304 0.520501971244812
vt 0.8645520210266113 0.2615810036659241
vt 0.8663529753684998 0.2594060003757477
vt 0.6068210005760193 0.5198150277137756
vt 0.18365299701690674 0.07972899824380875
vt 0.9228960275650024 0.3291209936141968
vt 0.13760000467300415 0.24736499786376953
vt 0.7533180117607117 0.36739200353622437
vt 0.500370979309082 0.6784600019454956
vt 0.6012070178985596 0.6784600019454956
vt 0.6847609877586365 0.5202990174293518
vt 0.6962140202522278 0.5209649801254272
vt 0.6676040291786194 0.5161439776420593
vt 0.6102619767189026 0.5203779935836792
vt 0.5208780169487 0.5208770036697388
vt 0.5380749702453613 0.5203049778938293
vt 0.5506799817085266 0.5208780169487
vt 0.5798900127410889 0.5208770036697388
vt 0.5506889820098877 0.5168669819831848
vt 0.1319659948348999 0.2506999969482422
vt 0.749705970287323 0.37285101413726807
vt 0.5053719878196716 0.5220209956169128
vt 0.5953220129013062 0.5220209956169128
vt 0.5117020010948181 0.5220230221748352
vt 0.5890470147132874 0.5220230221748352
vt 0.5844730138778687 0.5168660283088684
vt 0.25515100359916687 0.14653299748897552
vt 0.2515990138053894 0.15514899790287018
vt 0.24716800451278687 0.16534599661827087
vt 0.25982099771499634 0.1777700036764145
vt 0.8507279753684998 0.2577829957008362
vt 0.8595020174980164 0.2546600103378296
vt 0.8403339982032776 0.26171401143074036
vt 0.8285139799118042 0.2485020011663437
vt 0.3498300015926361 0.8510839939117432
vt 0.34991100430488586 0.8402050137519836
vt 0.3647649884223938 0.8460350036621094
vt 0.3939490020275116 0.851402997970581
vt 0.40888699889183044 0.846360981464386
vt 0.36813199520111084 0.7093539834022522
vt 0.39277100563049316 0.7095320224761963
vt 0.39391401410102844 0.8565660119056702
vt 0.36469200253486633 0.8563550114631653
vt 0.42035600543022156 0.8458849787712097
vt 0.4145820140838623 0.8515660166740417
vt 0.4088119864463806 0.8566740155220032
vt 0.3406670093536377 0.851032018661499
vt 0.3407459855079651 0.840146005153656
vt 0.3440670073032379 0.8562139868736267
vt 0.3417840003967285 0.7086060047149658
vt 0.41913700103759766 0.709164023399353
vt 0.40877801179885864 0.8624250292778015
vt 0.3938780128955841 0.862309992313385
vt 0.41913101077079773 0.8567619919776917
vt 0.4190959930419922 0.8625140190124512
vt 0.364656001329422 0.8620989918708801
vt 0.34403300285339355 0.861965000629425
vt 0.3349420130252838 0.8510050177574158
vt 0.3350209891796112 0.8401190042495728
vt 0.4243279993534088 0.8516499996185303
vt 0.33433398604393005 0.8561649918556213
vt 0.33372798562049866 0.8613319993019104
vt 0.42437198758125305 0.8459280133247375
vt 0.42781001329421997 0.8465399742126465
vt 0.42544499039649963 0.7092239856719971
vt 0.42774200439453125 0.8562880158424377
vt 0.42371898889541626 0.8568099737167358
vt 0.4242599904537201 0.8619850277900696
vt 0.3938460052013397 0.8680679798126221
vt 0.3646259903907776 0.8678650259971619
vt 0.40932101011276245 0.8681939840316772
vt 0.34400099515914917 0.8677229881286621
vt 0.039308998733758926 0.8394349813461304
vt 0.0834209993481636 0.8385249972343445
vt 0.06874699890613556 0.8497089743614197
vt 0.03882500156760216 0.7080010175704956
vt 0.06345900148153305 0.707493007183075
vt 0.06885100156068802 0.8548570275306702
vt 0.03953099995851517 0.8503109812736511
vt 0.018904000520706177 0.8507300019264221
vt 0.015243000350892544 0.839917004108429
vt 0.014762000180780888 0.7084900140762329
vt 0.09258200228214264 0.8383209705352783
vt 0.08936800062656403 0.8492760062217712
vt 0.08751799911260605 0.7069889903068542
vt 0.33208200335502625 0.8509989976882935
vt 0.33273398876190186 0.8401169776916504
vt 0.33376699686050415 0.7085620164871216
vt 0.4323990046977997 0.8483420014381409
vt 0.33033400774002075 0.855584979057312
vt 0.4190639853477478 0.8682720065116882
vt 0.02473899908363819 0.855767011642456
vt 0.09290699660778046 0.854345977306366
vt 0.4288940131664276 0.7086970210075378
vt 0.42828500270843506 0.8614699840545654
vt 0.3297309875488281 0.8607580065727234
vt 0.33369800448417664 0.867097020149231
vt 0.06896299868822098 0.860571026802063
vt 0.024848999455571175 0.8614739775657654
vt 0.009839000180363655 0.8560600280761719
vt 0.009159999899566174 0.8509169816970825
vt 0.009375999681651592 0.861778974533081
vt 0.09301900118589401 0.86006098985672
vt 0.008936000056564808 0.8400329947471619
vt 0.09887800365686417 0.8381770253181458
vt 0.09910199791193008 0.8490610122680664
vt 0.0997759997844696 0.8541899919509888
vt 0.006163000129163265 0.7086529731750488
vt 0.09610600024461746 0.7067980170249939
vt 0.32635200023651123 0.8532999753952026
vt 0.32701700925827026 0.8406990170478821
vt 0.33205899596214294 0.7079979777336121
vt 0.42423000931739807 0.8677499890327454
vt 0.43130001425743103 0.8414520025253296
vt 0.42941200733184814 0.866104006767273
vt 0.3297030031681061 0.8659440279006958
vt 0.3938249945640564 0.8732749819755554
vt 0.3646030128002167 0.8730639815330505
vt 0.40872499346733093 0.8733890056610107
vt 0.06907100230455399 0.8662710189819336
vt 0.024385999888181686 0.8671929836273193
vt 0.09312699735164642 0.8657609820365906
vt 0.0058189998380839825 0.8561149835586548
vt 0.005714999977499247 0.8509659767150879
vt 0.005919000133872032 0.8612560033798218
vt 0.10044900327920914 0.8593199849128723
vt 0.005504999775439501 0.8406620025634766
vt 0.10232199728488922 0.8386650085449219
vt 0.10253100097179413 0.8489689826965332
vt 0.1043270006775856 0.8529289960861206
vt 0.0026660000439733267 0.7063969969749451
vt 0.09948199987411499 0.7044000029563904
vt 0.013782000169157982 0.3542490005493164
vt 0.022205999121069908 0.3513590097427368
vt 0.015937000513076782 0.35972899198532104
vt 0.011272000148892403 0.35907599329948425
vt 0.34397798776626587 0.8729220032691956
vt 0.009473999962210655 0.8669130206108093
vt 0.4184730052947998 0.8728939890861511
vt 0.3342460095882416 0.872294008731842
vt 0.10113000124692917 0.8650079965591431
vt 0.10443700104951859 0.8586360216140747
vt 0.0010809999657794833 0.8493000268936157
vt 0.0014509999891743064 0.8395419716835022
vt 0.3504279851913452 0.04052500054240227
vt 0.2616479992866516 0.1483359932899475
vt 0.2632260024547577 0.14176400005817413
vt 0.3478719890117645 0.03627299889922142
vt 0.10628800094127655 0.837378978729248
vt 0.10706300288438797 0.8471130132675171
vt 0.8646429777145386 0.24682700634002686
vt 0.8580030202865601 0.2480829954147339
vt 0.9698349833488464 0.1644269973039627
vt 0.9739639759063721 0.16719500720500946
vt 0.4242120087146759 0.8723769783973694
vt 0.006018000189214945 0.8663899898529053
vt 0.0012049999786540866 0.8555870056152344
vt 0.9772629737854004 0.15808799862861633
vt 0.9781529903411865 0.15318399667739868
vt 0.9830920100212097 0.1559700071811676
vt 0.981037974357605 0.15966999530792236
vt 0.010393000207841396 0.36476901173591614
vt 0.6358010172843933 0.4883109927177429
vt 0.6288279891014099 0.48503801226615906
vt 0.6313170194625854 0.4776020050048828
vt 0.6402829885482788 0.48213300108909607
vt 0.6304879784584045 0.490213006734848
vt 0.06916099786758423 0.8713840246200562
vt 0.02505199983716011 0.8723009824752808
vt 0.010129000060260296 0.8714489936828613
vt 0.0937810018658638 0.8702960014343262
vt 0.10397499799728394 0.8643550276756287
vt 0.0012939999578520656 0.8601549863815308
vt 0.42824000120162964 0.871288001537323
vt 0.33025699853897095 0.8705739974975586
vt 0.9815130233764648 0.1484059989452362
vt 0.9860569834709167 0.15077899396419525
vt 0.02671400085091591 0.3461500108242035
vt 0.035450998693704605 0.356779009103775
vt 0.14116300642490387 0.26357999444007874
vt 0.14571799337863922 0.26333698630332947
vt 0.4323990046977997 0.7018960118293762
vt 0.6305469870567322 0.47174501419067383
vt 0.639240026473999 0.4642559885978699
vt 0.6494320034980774 0.47347700595855713
vt 0.7377229928970337 0.35850799083709717
vt 0.7372679710388184 0.36305299401283264
vt 0.7401120066642761 0.3677789866924286
vt 0.7351729869842529 0.37090298533439636
vt 0.32868799567222595 0.7011479735374451
vt 0.1006380021572113 0.8695669770240784
vt 0.006099000107496977 0.8709369897842407
vt 0.3710460066795349 0.025603000074625015
vt 0.3665499985218048 0.027529999613761902
vt 0.36435601115226746 0.023669999092817307
vt 0.36926698684692383 0.02134699933230877
vt 0.0275650005787611 0.3651129901409149
vt 0.3932360112667084 0.877905011177063
vt 0.3645870089530945 0.8776980042457581
vt 0.4087130129337311 0.8774499893188477
vt 0.3445410132408142 0.8769940137863159
vt 0.6248210072517395 0.4909279942512512
vt 0.6231610178947449 0.4849100112915039
vt 0.4178830087184906 0.8775240182876587
vt 0.09312500059604645 0.6990730166435242
vt 0.09251999855041504 0.6945040225982666
vt 0.10164999961853027 0.6931610107421875
vt 0.10282900184392929 0.6977180242538452
vt 0.10404100269079208 0.8683220148086548
vt 0.9840630292892456 0.14361000061035156
vt 0.9890419840812683 0.14562299847602844
vt 0.4230490028858185 0.8770020008087158
vt 0.06922800093889236 0.8753510117530823
vt 0.025116000324487686 0.8762609958648682
vt 0.7346109747886658 0.6972240209579468
vt 0.7346360087394714 0.7013149857521057
vt 0.7197539806365967 0.7025830149650574
vt 0.7197290062904358 0.6984919905662537
vt 0.37455299496650696 0.020245999097824097
vt 0.3758859932422638 0.024877000600099564
vt 0.35710400342941284 0.0334010012447834
vt 0.3695020079612732 0.040421001613140106
vt 0.36122098565101624 0.04834200069308281
vt 0.3624480068683624 0.029870999976992607
vt 0.9625279903411865 0.15324999392032623
vt 0.9708260297775269 0.14534799754619598
vt 0.018352000042796135 0.36717599630355835
vt 0.014062999747693539 0.37185901403427124
vt 0.026207000017166138 0.37115800380706787
vt 0.008577000349760056 0.3703570067882538
vt 0.10616499930620193 0.6907709836959839
vt 0.10676199942827225 0.6953399777412415
vt 0.8033810257911682 0.6976879835128784
vt 0.8034120202064514 0.7023509740829468
vt 0.7787550091743469 0.7008839845657349
vt 0.7787349820137024 0.6973670125007629
vt 0.2595910131931305 0.15525999665260315
vt 0.8509899973869324 0.2498050034046173
vt 0.008801000192761421 0.6968669891357422
vt 0.009934999980032444 0.6928340196609497
vt 0.01401199959218502 0.6950399875640869
vt 0.012877999804913998 0.6990730166435242
vt 0.8102700114250183 0.6987559795379639
vt 0.8097230195999146 0.7028509974479675
vt 0.7157639861106873 0.7043179869651794
vt 0.715736985206604 0.7002390027046204
vt 0.9846190214157104 0.13839900493621826
vt 0.9895780086517334 0.1403760015964508
vt 0.5013239979743958 0.5151429772377014
vt 0.5053809881210327 0.5162919759750366
vt 0.1426289975643158 0.2543179988861084
vt 0.13715000450611115 0.2552880048751831
vt 0.5936220288276672 0.5162919759750366
vt 0.597603976726532 0.5157179832458496
vt 0.744575023651123 0.36916500329971313
vt 0.7461730241775513 0.3649440109729767
vt 0.5117020010948181 0.5168650150299072
vt 0.520887017250061 0.5168660283088684
vt 0.5890849828720093 0.5140029788017273
vt 0.8137339949607849 0.7009909749031067
vt 0.813759982585907 0.7050809860229492
vt 0.3743929862976074 0.0389069989323616
vt 0.6183639764785767 0.49081701040267944
vt 0.6175140142440796 0.4839720129966736
vt 0.043800998479127884 0.691540002822876
vt 0.0724409967660904 0.6909260153770447
vt 0.07250499725341797 0.6960800290107727
vt 0.04386499896645546 0.696694016456604
vt 0.028896000236272812 0.691286027431488
vt 0.028378000482916832 0.6964529752731323
vt 0.09190399944782257 0.689935028553009
vt 0.3798010051250458 0.020764999091625214
vt 0.38111498951911926 0.026204999536275864
vt 0.6429650187492371 0.51596999168396
vt 0.6939629912376404 0.5157700181007385
vt 0.7002630233764648 0.5152760148048401
vt 0.6120210289955139 0.5152119994163513
vt 0.6166089773178101 0.5152209997177124
vt 0.6080120205879211 0.5140720009803772
vt 0.7059980034828186 0.5125319957733154
vt 0.7065060138702393 0.5211520195007324
vt 0.604578971862793 0.5118129849433899
vt 0.6033689975738525 0.520421028137207
vt 0.15494999289512634 0.2563509941101074
vt 0.7405459880828857 0.35897698998451233
vt 0.7486220002174377 0.3582800030708313
vt 0.012609000317752361 0.3778400123119354
vt 0.007962999865412712 0.3763769865036011
vt 0.019710000604391098 0.6909090280532837
vt 0.019200999289751053 0.696075975894928
vt 0.6244450211524963 0.4728200137615204
vt 0.015093999914824963 0.6898620128631592
vt 0.10102599859237671 0.6885920166969299
vt 0.77879399061203 0.7061089873313904
vt 0.7501400113105774 0.7058150172233582
vt 0.7289469838142395 0.7065830230712891
vt 0.7209330201148987 0.7072229981422424
vt 0.7421659827232361 0.7116680145263672
vt 0.378042995929718 0.0385809987783432
vt 0.9725660085678101 0.14053300023078918
vt 0.9897199869155884 0.1347160041332245
vt 0.010444000363349915 0.6876680254936218
vt 0.10554099828004837 0.6862019896507263
vt 0.716376006603241 0.7095360159873962
vt 0.8109149932861328 0.7086259722709656
vt 0.8045989871025085 0.7075530290603638
vt 0.7788419723510742 0.711883008480072
vt 0.9730619788169861 0.13690400123596191
vt 0.8143889904022217 0.7114109992980957
vt 0.38580599427223206 0.022089000791311264
vt 0.38596200942993164 0.02795100025832653
vt 0.509456992149353 0.5140029788017273
vt 0.5209149718284607 0.5145760178565979
vt 0.42548200488090515 0.7017250061035156
vt 0.42547300457954407 0.7046260237693787
vt 0.42145100235939026 0.7057350277900696
vt 0.41916799545288086 0.702817976474762
vt 0.5507169961929321 0.5151489973068237
vt 0.015398000366985798 0.38239699602127075
vt 0.009414000436663628 0.3820579946041107
vt 0.6131529808044434 0.48952001333236694
vt 0.6127169728279114 0.4831250011920929
vt 0.03872700035572052 0.7028669714927673
vt 0.06336099654436111 0.7023580074310303
vt 0.05136999860405922 0.7048770189285278
vt 0.0215659998357296 0.7049109935760498
vt 0.012360000051558018 0.7028300166130066
vt 0.08969900012016296 0.7012349963188171
vt 0.08057200163602829 0.7036939859390259
vt 0.4289259910583496 0.7035260200500488
vt 0.4295180141925812 0.6989039778709412
vt 0.5953779816627502 0.5128560066223145
vt 0.5987870097160339 0.5117080211639404
vt 0.026525000110268593 0.37481001019477844
vt 0.6208119988441467 0.47233301401138306
vt 0.04371599853038788 0.6858119964599609
vt 0.07235600054264069 0.6851980090141296
vt 0.028811000287532806 0.685558021068573
vt 0.09179700165987015 0.6836339831352234
vt 0.0095210000872612 0.7045789957046509
vt 0.006020999979227781 0.7012349963188171
vt 0.4411639869213104 0.5122339725494385
vt 0.4411639869213104 0.5242779850959778
vt 0.4389750063419342 0.5213019847869873
vt 0.6143400073051453 0.5128790140151978
vt 0.09201599657535553 0.7028779983520508
vt 0.6257979869842529 0.5135220289230347
vt 0.4504140019416809 0.5150150060653687
vt 0.4537779986858368 0.5122339725494385
vt 0.4537779986858368 0.5163800120353699
vt 0.09715399891138077 0.7021840214729309
vt 0.609188973903656 0.5117089748382568
vt 0.020197000354528427 0.685168981552124
vt 0.10036800056695938 0.6828770041465759
vt 0.9831209778785706 0.13266600668430328
vt 0.9866020083427429 0.12894700467586517
vt 0.004920999985188246 0.7040870189666748
vt 0.2598609924316406 0.14160700142383575
vt 0.2583799958229065 0.1482439935207367
vt 0.2557530105113983 0.14147700369358063
vt 0.14118799567222595 0.2611300051212311
vt 0.13617399334907532 0.26091599464416504
vt 0.40998899936676025 0.7056450247764587
vt 0.3801870048046112 0.7059959769248962
vt 0.3418099880218506 0.704587996006012
vt 0.01500799972563982 0.6841340065002441
vt 0.7261360287666321 0.7129589915275574
vt 0.7204200029373169 0.714148998260498
vt 0.9723330140113831 0.133651003241539
vt 0.8579429984092712 0.251352995634079
vt 0.8646429777145386 0.25020501017570496
vt 0.863277018070221 0.2545529901981354
vt 0.10488200187683105 0.6804860234260559
vt 0.7158650159835815 0.7164509892463684
vt 0.3355169892311096 0.7039840221405029
vt 0.010943000204861164 0.6825010180473328
vt 0.8069450259208679 0.7138779759407043
vt 0.8029209971427917 0.7127829790115356
vt 0.33209601044654846 0.7022539973258972
vt 0.23837199807167053 0.33120599389076233
vt 0.1597519963979721 0.26135700941085815
vt 0.6742460131645203 0.262796014547348
vt 0.7403540015220642 0.3445670008659363
vt 0.027256999164819717 0.3780660033226013
vt 0.3812589943408966 0.03946100175380707
vt 0.2579540014266968 0.15603399276733398
vt 0.8501409888267517 0.2514039874076843
vt 0.6075659990310669 0.4870010018348694
vt 0.6071509718894958 0.48317500948905945
vt 0.81386399269104 0.7171909809112549
vt 0.8103960156440735 0.7149789929389954
vt 0.8052930235862732 0.7213760018348694
vt 0.39181798696517944 0.025885000824928284
vt 0.39315199851989746 0.03462899848818779
vt 0.13323700428009033 0.2653079926967621
vt 0.6175940036773682 0.4714510142803192
vt 0.007408000063151121 0.6797090172767639
vt 0.00456500006839633 0.6837790012359619
vt 0.4694730043411255 0.12439800053834915
vt 0.8916029930114746 0.04161100089550018
vt 0.33477601408958435 0.2587740123271942
vt 0.7510929703712463 0.16988599300384521
vt 0.04359599947929382 0.6789379715919495
vt 0.07223600149154663 0.6783239841461182
vt 0.09167800098657608 0.6767609715461731
vt 0.02227099984884262 0.6736639738082886
vt 0.03639199957251549 0.6619009971618652
vt 0.7783309817314148 0.7187970280647278
vt 0.7428010106086731 0.7185710072517395
vt 0.7290629744529724 0.7198389768600464
vt 0.9701269865036011 0.12554599344730377
vt 0.9777169823646545 0.1220259964466095
vt 0.4433259963989258 0.5150960087776184
vt 0.44348299503326416 0.5122339725494385
vt 0.44348299503326416 0.5225740075111389
vt 0.011982000432908535 0.6761749982833862
vt 0.0996749997138977 0.6760159730911255
vt 0.7978249788284302 0.7197420001029968
vt 0.9843350052833557 0.1232680007815361
vt 0.0405460000038147 0.3977940082550049
vt 0.5985069870948792 0.4572629928588867
vt 0.539222002029419 0.3984760046005249
vt 0.10420200228691101 0.6741979718208313
vt 0.7233459949493408 0.7210299968719482
vt 0.3896839916706085 0.042479000985622406
vt 0.021366000175476074 0.3894529938697815
vt 0.015103000216186047 0.38795599341392517
vt 0.029529999941587448 0.38459500670433044
vt 0.6059460043907166 0.4768329858779907
vt 0.6103879809379578 0.4680509865283966
vt 0.719353973865509 0.7227759957313538
vt 0.6019999980926514 0.48367398977279663
vt 0.8110489845275879 0.7235890030860901
vt 0.7153890132904053 0.7267910242080688
vt 0.7102199792861938 0.7232779860496521
vt 0.0032319999299943447 0.6746370196342468
vt 0.0059980000369250774 0.666558027267456
vt 0.5968080163002014 0.4739699959754944
vt 0.08048500120639801 0.6603819727897644
vt 0.8151149749755859 0.7280759811401367
vt 0.8185120224952698 0.7222219705581665
vt 0.7882270216941833 0.7353609800338745
vt 0.7303529977798462 0.7353410124778748
vt 0.09876199811697006 0.6588420271873474
vt 0.1050259992480278 0.65870600938797
vt 0.7223460078239441 0.7365419864654541
vt 0.8014209866523743 0.7363560199737549
vt 0.009952999651432037 0.6613180041313171
vt 0.014564000070095062 0.6612210273742676
vt 0.10851699858903885 0.6637870073318481
vt 0.8071640133857727 0.7374340295791626
vt 0.7183510065078735 0.7377039790153503
vt 0.03526199981570244 0.40480199456214905
vt 0.023420000448822975 0.39830300211906433
vt 0.5952290296554565 0.466405987739563
vt 0.39978501200675964 0.032558999955654144
vt 0.40550699830055237 0.04670400172472
vt 0.9662299752235413 0.1091189980506897
vt 0.9772099852561951 0.11494500190019608
vt 0.021220000460743904 0.649616003036499
vt 0.8117759823799133 0.7396460175514221
vt 0.9524059891700745 0.10447800159454346
vt 0.4094820022583008 0.06072799861431122
vt 0.713392972946167 0.7571859955787659
vt 0.7086679935455322 0.7404919862747192
vt 0.8203979730606079 0.7394019961357117
vt 0.816552996635437 0.7584609985351562
vt 0.0010809999657794833 0.6540510058403015
vt 0.004695999901741743 0.6316249966621399
vt 0.573835015296936 0.4515340030193329
vt 0.5908880233764648 0.4728339910507202
vt 0.0338749997317791 0.5966179966926575
vt 0.07858599722385406 0.5704420208930969
vt 0.019569000229239464 0.5717059969902039
vt 0.7885310053825378 0.825340986251831
vt 0.7220690250396729 0.8253700137138367
vt 0.09632399678230286 0.5700600147247314
vt 0.8062919974327087 0.8245720267295837
vt 0.007468999829143286 0.5708169937133789
vt 0.010936999693512917 0.5713170170783997
vt 0.0030849999748170376 0.5560060143470764
vt 0.7174909710884094 0.8253809809684753
vt 0.10030300170183182 0.5694010257720947
vt 0.10371199995279312 0.5693259835243225
vt 0.10734599828720093 0.5543439984321594
vt 0.1089939996600151 0.6316819787025452
vt 0.8114579916000366 0.8250719904899597
vt 0.7136200070381165 0.8385390043258667
vt 0.5229390263557434 0.39232099056243896
vt 0.5201359987258911 0.39610999822616577
vt 0.8137509822845459 0.8244420289993286
vt 0.8173350095748901 0.8380889892578125
vt 0.4750309884548187 0.1178710013628006
vt 0.4212520122528076 0.05416800081729889
vt 0.4773469865322113 0.11291500180959702
vt 0.8983830213546753 0.03638400137424469
vt 0.902633011341095 0.03430100157856941
vt 0.9574959874153137 0.09177400171756744
vt 0.09653100371360779 0.459757000207901
vt 0.10194399952888489 0.4763120114803314
vt 0.09840600192546844 0.479328989982605
vt 0.04670700058341026 0.424344003200531
vt 0.06786099821329117 0.5517579913139343
vt 0.806473970413208 0.8428919911384583
vt 0.794439971446991 0.8430209755897522
vt 0.8111370205879211 0.8502609729766846
vt 0.7223259806632996 0.851127028465271
vt 0.7183129787445068 0.850570023059845
vt 0.7784000039100647 0.8437619805335999
vt 0.7296900153160095 0.84306800365448
vt 0.7292389869689941 0.8550810217857361
vt 0.8134269714355469 0.8496419787406921
vt 0.1159140020608902 0.4784019887447357
vt 0.5215010046958923 0.3782530128955841
vt 0.017426999285817146 0.5528380274772644
vt 0.02604999952018261 0.5532270073890686
vt 0.034377001225948334 0.5415840148925781
vt 0.09589999914169312 0.5511549711227417
vt 0.10146500170230865 0.544730007648468
vt 0.08365099877119064 0.5411009788513184
vt 0.10430199652910233 0.5446670055389404
vt 0.5122830271720886 0.3904449939727783
vt 0.51111900806427 0.3841739892959595
vt 0.009816999547183514 0.5466949939727783
vt 0.005733999889343977 0.5450609922409058
vt 0.2513810098171234 0.34566301107406616
vt 0.1430010050535202 0.47939398884773254
vt 0.6604120135307312 0.24913300573825836
vt 0.5217729806900024 0.351157009601593
vt 0.7143599987030029 0.855122983455658
vt 0.7096430063247681 0.840192973613739
vt 0.8861680030822754 0.024445999413728714
vt 0.8911870121955872 0.0231539998203516
vt 0.8169220089912415 0.8541229963302612
vt 0.8135039806365967 0.8570669889450073
vt 0.48639601469039917 0.1306300014257431
vt 0.4793429970741272 0.13473699986934662
vt 0.48793599009513855 0.12567800283432007
vt 0.8817350268363953 0.03127399832010269
vt 0.48360899090766907 0.14252400398254395
vt 0.48345500230789185 0.14900100231170654
vt 0.8676789999008179 0.0265050008893013
vt 0.8741549849510193 0.026652000844478607
vt 0.5135470032691956 0.3800080120563507
vt 0.11381399631500244 0.486268013715744
vt 0.10951899737119675 0.48848000168800354
vt 0.002749999985098839 0.54168301820755
vt 0.7779319882392883 0.8540560007095337
vt 0.7452690005302429 0.8537899851799011
vt 0.7367590069770813 0.8618599772453308
vt 0.8054519891738892 0.854898989200592
vt 0.7945510149002075 0.8538830280303955
vt 0.017186999320983887 0.5425249934196472
vt 0.02559800073504448 0.5343210101127625
vt 0.09623300284147263 0.5408300161361694
vt 0.0668490007519722 0.5334370136260986
vt 0.4506179988384247 0.4240950047969818
vt 0.35298100113868713 0.48030000925064087
vt 0.47176599502563477 0.16413800418376923
vt 0.35359299182891846 0.2561799883842468
vt 0.3578779995441437 0.2590450048446655
vt 0.3621169924736023 0.26517000794410706
vt 0.4391480088233948 0.34487101435661316
vt 0.48044100403785706 0.1566309928894043
vt 0.4797059893608093 0.37490999698638916
vt 0.5306599736213684 0.141416996717453
vt 0.59135502576828 0.046521998941898346
vt 0.7545639872550964 0.15123499929904938
vt 0.8520129919052124 0.03747599944472313
vt 0.7519019842147827 0.1468300074338913
vt 0.6699569821357727 0.06165599822998047
vt 0.7459819912910461 0.142316997051239
vt 0.8599169850349426 0.029160000383853912
vt 0.6418420076370239 0.019757000729441643
vt 0.25559499859809875 0.3718070089817047
vt 0.2479040026664734 0.3603839874267578
vt 0.645546019077301 0.25194400548934937
vt 0.6344950199127197 0.24374400079250336
vt 0.7229869961738586 0.8596910238265991
vt 0.7183910012245178 0.857994019985199
vt 0.8106470108032227 0.8582630157470703
vt 0.10185100138187408 0.5372689962387085
vt 0.1069990023970604 0.5394480228424072
vt 0.009618000127375126 0.538673996925354
vt 0.09661900252103806 0.5333700180053711
vt 0.727599024772644 0.8625109791755676
vt 0.8066700100898743 0.861739993095398
vt 0.12228900194168091 0.48259100317955017
vt 0.11709699779748917 0.49309900403022766
vt 0.1295109987258911 0.48517701029777527
vt 0.13558700680732727 0.4849039912223816
vt 0.5068579912185669 0.3763920068740845
vt 0.517615020275116 0.3716920018196106
vt 0.5153679847717285 0.3643600046634674
vt 0.5159239768981934 0.3583050072193146
vt 0.006045999936759472 0.5341629981994629
vt 0.7780119776725769 0.8614689707756042
vt 0.7997919917106628 0.8618180155754089
vt 0.017000000923871994 0.5350769758224487
vt 0.0886090025305748 0.5335419774055481
vt 0.7144389748573303 0.8625360131263733
vt 0.7109599709510803 0.8573570251464844
vt 0.8170009851455688 0.8615360260009766
vt 0.8203979730606079 0.8562899827957153
vt 0.11362899839878082 0.4945180118083954
vt 0.5052589774131775 0.3797680139541626
vt 0.10399399697780609 0.5320630073547363
vt 0.3630410134792328 0.25621700286865234
vt 0.754967987537384 0.14181800186634064
vt 0.49182599782943726 0.13224199414253235
vt 0.4944800138473511 0.13835400342941284
vt 0.8788310289382935 0.01603199914097786
vt 0.8848119974136353 0.018964000046253204
vt 0.7224950194358826 0.8670979738235474
vt 0.7184699773788452 0.8654069900512695
vt 0.8130109906196594 0.8644850254058838
vt 0.09934700280427933 0.5287240147590637
vt 0.249549999833107 0.3679890036582947
vt 0.24460700154304504 0.37029099464416504
vt 0.1527079939842224 0.4814000129699707
vt 0.638027012348175 0.2499620020389557
vt 0.635496973991394 0.25479501485824585
vt 0.5202249884605408 0.3413969874382019
vt 0.010002999566495419 0.5312129855155945
vt 0.808447003364563 0.866832971572876
vt 0.7305269837379456 0.8681769967079163
vt 0.12225499749183655 0.4960249960422516
vt 0.5041760206222534 0.3711070120334625
vt 0.3659999966621399 0.2610360085964203
vt 0.7502930164337158 0.1386519968509674
vt 0.7780849933624268 0.8683090209960938
vt 0.73682701587677 0.8681269884109497
vt 0.7998620271682739 0.8680739998817444
vt 0.019128000363707542 0.5287259817123413
vt 0.025426000356674194 0.5280179977416992
vt 0.09301900118589401 0.5271409749984741
vt 0.06667699664831161 0.5271340012550354
vt 0.7179629802703857 0.8710839748382568
vt 0.7150819897651672 0.8687859773635864
vt 0.8164979815483093 0.8677970170974731
vt 0.8130769729614258 0.87015700340271
vt 0.366923987865448 0.2561970055103302
vt 0.4785560071468353 0.16972500085830688
vt 0.7551699876785278 0.1379539966583252
vt 0.8467509746551514 0.030463000759482384
vt 0.0025289999321103096 0.5330899953842163
vt 0.002950000111013651 0.5273470282554626
vt 0.006422000005841255 0.5267019867897034
vt 0.01040400005877018 0.5248979926109314
vt 0.10265199840068817 0.5246390104293823
vt 0.10605400055646896 0.5251370072364807
vt 0.10677800327539444 0.5308539867401123
vt 0.09861499816179276 0.5230069756507874
vt 0.4959630072116852 0.14405600726604462
vt 0.49429500102996826 0.14892199635505676
vt 0.8682649731636047 0.015721000730991364
vt 0.8732039928436279 0.014286000281572342
vt 0.2488269954919815 0.3731130063533783
vt 0.2443690001964569 0.3734210133552551
vt 0.6058300137519836 0.8835510015487671
vt 0.6029599905014038 0.8811690211296082
vt 0.6086689829826355 0.7397500276565552
vt 0.6323599815368652 0.2549000084400177
vt 0.6328759789466858 0.25046199560165405
vt 0.503262996673584 0.8835510015487671
vt 0.500370979309082 0.7397500276565552
vt 0.5061219930648804 0.8811690211296082
vt 0.7219889760017395 0.8727750182151794
vt 0.8085119724273682 0.8725159764289856
vt 0.25157201290130615 0.376816987991333
vt 0.6293650269508362 0.24765600264072418
vt 0.11798500269651413 0.8763620257377625
vt 0.11454399675130844 0.8786069750785828
vt 0.11453799903392792 0.8744850158691406
vt 0.1179800033569336 0.8734080195426941
vt 0.11287900060415268 0.734391987323761
vt 0.11631900072097778 0.7344380021095276
vt 0.48868098855018616 0.16378499567508698
vt 0.48190200328826904 0.17248600721359253
vt 0.21137499809265137 0.8744850158691406
vt 0.21138200163841248 0.8786069750785828
vt 0.2079470008611679 0.8763620257377625
vt 0.20908799767494202 0.8734080195426941
vt 0.21315400302410126 0.734391987323761
vt 0.21715399622917175 0.73478102684021
vt 0.6029530167579651 0.8844900131225586
vt 0.59894198179245 0.880482017993927
vt 0.5995180010795593 0.8793830275535583
vt 0.6046479940414429 0.7390180230140686
vt 0.509555995464325 0.8793830275535583
vt 0.5106949806213379 0.8815590143203735
vt 0.5061150193214417 0.8844900131225586
vt 0.5043720006942749 0.7390180230140686
vt 0.015544000081717968 0.5236420035362244
vt 0.13238799571990967 0.49667099118232727
vt 0.12664200365543365 0.4973140060901642
vt 0.13762299716472626 0.4963580071926117
vt 0.5031129717826843 0.36670398712158203
vt 0.5040439963340759 0.3610270023345947
vt 0.504580020904541 0.3557800054550171
vt 0.09287100285291672 0.5219839811325073
vt 0.7271490097045898 0.8733090162277222
vt 0.7999259829521179 0.873757004737854
vt 0.12428600341081619 0.8728809952735901
vt 0.1242929995059967 0.8752859830856323
vt 0.11975999921560287 0.7339109778404236
vt 0.20164799690246582 0.8752859830856323
vt 0.2016420066356659 0.8728809952735901
vt 0.20857299864292145 0.7344380021095276
vt 0.5834649801254272 0.880391001701355
vt 0.5932120084762573 0.8781920075416565
vt 0.6006309986114502 0.7389259934425354
vt 0.5158569812774658 0.8781920075416565
vt 0.525592029094696 0.880391001701355
vt 0.44825300574302673 0.518621027469635
vt 0.44564399123191833 0.5139120221138
vt 0.44825300574302673 0.5122339725494385
vt 0.5089510083198547 0.7389259934425354
vt 0.7368929982185364 0.8737980127334595
vt 0.7781509757041931 0.8739799857139587
vt 0.4825499951839447 0.15303100645542145
vt 0.4941279888153076 0.15456700325012207
vt 0.8636109828948975 0.027222000062465668
vt 0.8626180291175842 0.01562800072133541
vt 0.025268999859690666 0.5228599905967712
vt 0.06650800257921219 0.5214040279388428
vt 0.7180259823799133 0.8761709928512573
vt 0.715142011642456 0.8738849759101868
vt 0.8165590167045593 0.8728960156440735
vt 0.8137120008468628 0.8752380013465881
vt 0.28578299283981323 0.696819007396698
vt 0.27316999435424805 0.6945620179176331
vt 0.31213200092315674 0.6951460242271423
vt 0.3121410012245178 0.6979650259017944
vt 0.13408799469470978 0.733955979347229
vt 0.15064699947834015 0.8729270100593567
vt 0.16325800120830536 0.8747360110282898
vt 0.17528699338436127 0.8683469891548157
vt 0.20170000195503235 0.7339109778404236
vt 0.369157999753952 0.2643449902534485
vt 0.478300005197525 0.3595390021800995
vt 0.31843098998069763 0.6968880295753479
vt 0.3178560137748718 0.6928889751434326
vt 0.32186099886894226 0.6934959888458252
vt 0.32186099886894226 0.6980800032615662
vt 0.6571339964866638 0.021918000653386116
vt 0.7471349835395813 0.135343998670578
vt 0.22502300143241882 0.6934959888458252
vt 0.2290409952402115 0.6928889751434326
vt 0.22846999764442444 0.6968880295753479
vt 0.2250239998102188 0.6980800032615662
vt 0.8091189861297607 0.5117120146751404
vt 0.8091089725494385 0.5162950158119202
vt 0.8033519983291626 0.5151479840278625
vt 0.8050429821014404 0.5117080211639404
vt 0.7168300151824951 0.5134279727935791
vt 0.7162759900093079 0.516867995262146
vt 0.7140030264854431 0.5162950158119202
vt 0.7122930288314819 0.5117120146751404
vt 0.7895740270614624 0.5174379944801331
vt 0.7895740270614624 0.5140010118484497
vt 0.5542389750480652 0.8803449869155884
vt 0.566851019859314 0.8781459927558899
vt 0.5834370255470276 0.7382850050926208
vt 0.5931800007820129 0.7383080124855042
vt 0.5422120094299316 0.8781459927558899
vt 0.515824019908905 0.7383080124855042
vt 0.5255630016326904 0.7382850050926208
vt 0.1833679974079132 0.7339789867401123
vt 0.302390992641449 0.6922820210456848
vt 0.2445179969072342 0.6922820210456848
vt 0.23477700352668762 0.6951460242271423
vt 0.43681299686431885 0.536870002746582
vt 0.4345189929008484 0.5243030190467834
vt 0.43681299686431885 0.5122339725494385
vt 0.5341569781303406 0.7382619976997375
vt 0.0034000000450760126 0.5233240127563477
vt 0.006264999974519014 0.5215449929237366
vt 0.500370979309082 0.36722299456596375
vt 0.5018290281295776 0.37288400530815125
vt 0.49201300740242004 0.1598069965839386
vt 0.8531569838523865 0.02063699997961521
vt 0.8572850227355957 0.017494000494480133
vt 0.721996009349823 0.5168669819831848
vt 0.7317079901695251 0.5140010118484497
vt 0.14551499485969543 0.4904960095882416
vt 0.14175699651241302 0.49403899908065796
vt 0.5070899724960327 0.3517569899559021
vt 0.5108039975166321 0.34816500544548035
vt 0.010258999653160572 0.5203139781951904
vt 0.0978970006108284 0.518435001373291
vt 0.10192199796438217 0.5194939970970154
vt 0.8085690140724182 0.8770300149917603
vt 0.7603549957275391 0.5180119872093201
vt 0.7603549957275391 0.5151469707489014
vt 0.15483200550079346 0.4845390021800995
vt 0.5171890258789062 0.33914801478385925
vt 0.34338799118995667 0.48868799209594727
vt 0.52183598279953 0.15064500272274017
vt 0.8082929849624634 0.6612529754638672
vt 0.805400013923645 0.6606789827346802
vt 0.80138099193573 0.6606780290603638
vt 0.015389000065624714 0.5190569758415222
vt 0.0927169993519783 0.51739901304245
vt 0.7272059917449951 0.877822995185852
vt 0.736956000328064 0.8788849711418152
vt 0.799983024597168 0.8782709836959839
vt 0.31905001401901245 0.548774003982544
vt 0.3241899907588959 0.548865020275116
vt 0.22276900708675385 0.548865020275116
vt 0.22794300317764282 0.548774003982544
vt 0.8123679757118225 0.6606839895248413
vt 0.7137500047683716 0.6606799960136414
vt 0.7086679935455322 0.6606839895248413
vt 0.025111999362707138 0.5177029967308044
vt 0.06635399907827377 0.5168190002441406
vt 0.7782139778137207 0.8790680170059204
vt 0.49771198630332947 0.15008500218391418
vt 0.49820899963378906 0.1448100060224533
vt 0.8672630190849304 0.012269999831914902
vt 0.8725559711456299 0.012020999565720558
vt 0.3024420142173767 0.5481550097465515
vt 0.31446999311447144 0.5481780171394348
vt 0.23253099620342255 0.5481780171394348
vt 0.24456800520420074 0.5481550097465515
vt 0.7177330255508423 0.6606780290603638
vt 0.7807270288467407 0.6606770157814026
vt 0.7251620292663574 0.6606770157814026
vt 0.13247999548912048 0.5001710057258606
vt 0.126009002327919 0.5000309944152832
vt 0.5005329847335815 0.36075401306152344
vt 0.00609199982136488 0.5169600248336792
vt 0.010085999965667725 0.5157279968261719
vt 0.09829699993133545 0.5138369798660278
vt 0.1017490029335022 0.514909029006958
vt 0.12376099824905396 0.7062219977378845
vt 0.11458799988031387 0.7072759866714478
vt 0.1151529997587204 0.7031310200691223
vt 0.12432499974966049 0.7020549774169922
vt 0.21142500638961792 0.7072759866714478
vt 0.20627400279045105 0.7067949771881104
vt 0.20569199323654175 0.7020549774169922
vt 0.2108439952135086 0.7031310200691223
vt 0.49673599004745483 0.1557130068540573
vt 0.8615760207176208 0.01295000035315752
vt 0.015225999988615513 0.5144720077514648
vt 0.0925540030002594 0.5128139853477478
vt 0.6058040261268616 0.7185429930686951
vt 0.6023610234260559 0.7173069715499878
vt 0.6023679971694946 0.7122679948806763
vt 0.6063860058784485 0.7146720290184021
vt 0.5022929906845093 0.35513100028038025
vt 0.1340779960155487 0.7056959867477417
vt 0.13406899571418762 0.701528012752533
vt 0.1971070021390915 0.7062450051307678
vt 0.1970990002155304 0.701528012752533
vt 0.02495099976658821 0.5136910080909729
vt 0.06618999689817429 0.5122339725494385
vt 0.17533600330352783 0.7057179808616638
vt 0.17532700300216675 0.7009779810905457
vt 0.12319499999284744 0.7109169960021973
vt 0.11516900360584259 0.7119939923286438
vt 0.21143299341201782 0.7119939923286438
vt 0.20628100633621216 0.7114899754524231
vt 0.11172299832105637 0.7130249738693237
vt 0.11459899693727493 0.7177879810333252
vt 0.11115600168704987 0.7182689905166626
vt 0.212009996175766 0.7177879810333252
vt 0.21429100632667542 0.7130249738693237
vt 0.21486899256706238 0.7182689905166626
vt 0.21201099455356598 0.7229639887809753
vt 0.21487000584602356 0.7234449982643127
vt 0.5989189743995667 0.7166650295257568
vt 0.5983549952507019 0.711650013923645
vt 0.5101029872894287 0.7166650295257568
vt 0.5066689848899841 0.7173069715499878
vt 0.506676971912384 0.7122679948806763
vt 0.5101119875907898 0.711650013923645
vt 0.6063740253448486 0.7230780124664307
vt 0.6023529767990112 0.7217730283737183
vt 0.5066620111465454 0.7217730283737183
vt 0.5026609897613525 0.7230780124664307
vt 0.5032370090484619 0.7185429930686951
vt 0.5931869745254517 0.7160699963569641
vt 0.5931950211524963 0.7110310196876526
vt 0.5158389806747437 0.7110310196876526
vt 0.5158320069313049 0.7160699963569641
vt 0.13408499956130981 0.7109630107879639
vt 0.1971150040626526 0.7109630107879639
vt 0.6029260158538818 0.7274979948997498
vt 0.6069470047950745 0.7282310128211975
vt 0.5060880184173584 0.7274979948997498
vt 0.5020869970321655 0.7282310128211975
vt 0.17534400522708893 0.7104359865188599
vt 0.1140270009636879 0.7229639887809753
vt 0.11115700006484985 0.7234449982643127
vt 0.5834439992904663 0.7154520153999329
vt 0.5834519863128662 0.7110090255737305
vt 0.5421950221061707 0.7104129791259766
vt 0.542186975479126 0.7154520153999329
vt 0.12262699753046036 0.716733992099762
vt 0.20685899257659912 0.7173069715499878
vt 0.5983380079269409 0.7222769856452942
vt 0.5123879909515381 0.7222769856452942
vt 0.13409000635147095 0.7162070274353027
vt 0.19711999595165253 0.7167800068855286
vt 0.1186169981956482 0.7230550050735474
vt 0.20857900381088257 0.7230550050735474
vt 0.5926079750061035 0.7211319804191589
vt 0.5421810150146484 0.7210860252380371
vt 0.17534799873828888 0.7162299752235413
vt 0.199413001537323 0.7225279808044434
vt 0.5977630019187927 0.7274069786071777
vt 0.5112389922142029 0.7274069786071777
vt 0.12664200365543365 0.7225279808044434
vt 0.17534799873828888 0.7271310091018677
vt 0.5341569781303406 0.7267879843711853
vt 0.5748400092124939 0.7267879843711853
vt 0.17534999549388885 0.72257399559021
vt 0.5421789884567261 0.7313690185546875
vt 0.48701098561286926 0.3661870062351227
vt 0.6509000062942505 0.012911999598145485
vt 0.318477988243103 0.5367310047149658
vt 0.32362300157546997 0.5379459857940674
vt 0.3144719898700714 0.5355629920959473
vt 0.223348006606102 0.5379459857940674
vt 0.2285189926624298 0.5367199778556824
vt 0.23253199458122253 0.5355629920959473
vt 0.36087700724601746 0.4885709881782532
vt 0.3544990122318268 0.4919309914112091
vt 0.374116986989975 0.4933130145072937
vt 0.5191130042076111 0.13937899470329285
vt 0.5227659940719604 0.1331470012664795
vt 0.5186470150947571 0.11970499902963638
vt 0.3499779999256134 0.4981040060520172
vt 0.3406589925289154 0.4917219877243042
vt 0.7148680090904236 0.6738579869270325
vt 0.7097859978675842 0.6721429824829102
vt 0.5127379894256592 0.14363199472427368
vt 0.7194330096244812 0.6744300127029419
vt 0.8071280121803284 0.6732850074768066
vt 0.8048179745674133 0.6738579869270325
vt 0.8111940026283264 0.6721429824829102
vt 0.7990790009498596 0.6744300127029419
vt 0.7893210053443909 0.6750019788742065
vt 0.726298987865448 0.6750019788742065
vt 0.7480599880218506 0.6750019788742065
vt 0.7807360291481018 0.6818789839744568
vt 0.24456900358200073 0.535539984703064
vt 0.29385000467300415 0.5343829989433289
vt 0.3024429976940155 0.535539984703064
vt 0.3559899926185608 0.5019000172615051
vt 0.5092260241508484 0.1374489963054657
vt 0.49054500460624695 0.37071800231933594
vt 0.31904900074005127 0.5298680067062378
vt 0.3236199915409088 0.5322279930114746
vt 0.6465380191802979 0.009173000231385231
vt 0.22334499657154083 0.5322279930114746
vt 0.22794100642204285 0.5298680067062378
vt 0.49327000975608826 0.3752320110797882
vt 0.4836150109767914 0.38066500425338745
vt 0.4842509925365448 0.3879689872264862
vt 0.6362760066986084 0.015585999935865402
vt 0.6421560049057007 0.0062409997917711735
vt 0.629010021686554 0.014611000195145607
vt 0.36685699224472046 0.49234500527381897
vt 0.36118000745773315 0.50484699010849
vt 0.5065240263938904 0.1321289986371994
vt 0.5192750096321106 0.12700000405311584
vt 0.8117949962615967 0.6790199875831604
vt 0.8077200055122375 0.6801630258560181
vt 0.7148860096931458 0.6807349920272827
vt 0.7092409729957581 0.6790199875831604
vt 0.23195700347423553 0.5292720198631287
vt 0.31504198908805847 0.5292720198631287
vt 0.8036810159683228 0.6807339787483215
vt 0.30243998765945435 0.5286759734153748
vt 0.26118600368499756 0.5280920267105103
vt 0.24456700682640076 0.5286759734153748
vt 0.796796977519989 0.6813070178031921
vt 0.7188779711723328 0.6813070178031921
vt 0.7314640283584595 0.6818789839744568
vt 0.789376974105835 0.6887570023536682
vt 0.3196150064468384 0.5247460007667542
vt 0.32361599802970886 0.5270950198173523
vt 0.22334100306034088 0.5270950198173523
vt 0.2273620069026947 0.5247460007667542
vt 0.49516698718070984 0.3805390000343323
vt 0.49509701132774353 0.38624900579452515
vt 0.6369439959526062 0.004100999794900417
vt 0.6312569975852966 0.003936000168323517
vt 0.37212198972702026 0.5055099725723267
vt 0.3664090037345886 0.5061759948730469
vt 0.5054410099983215 0.12684600055217743
vt 0.5063719749450684 0.12116900086402893
vt 0.3600490093231201 0.5087260007858276
vt 0.35365599393844604 0.5053480267524719
vt 0.5045109987258911 0.14012199640274048
vt 0.5014140009880066 0.1343889981508255
vt 0.31503498554229736 0.5235779881477356
vt 0.23194999992847443 0.5235779881477356
vt 0.3024330139160156 0.5224090218544006
vt 0.24456000328063965 0.5224090218544006
vt 0.8077570199966431 0.6870409846305847
vt 0.8037279844284058 0.6876130104064941
vt 0.26117900013923645 0.522396981716156
vt 0.7189149856567383 0.6881849765777588
vt 0.7149140238761902 0.6870390176773071
vt 0.7991260290145874 0.6881849765777588
vt 0.7315009832382202 0.6887570023536682
vt 0.7481160163879395 0.689329981803894
vt 0.32017698884010315 0.5196470022201538
vt 0.3236069977283478 0.5219849944114685
vt 0.2233320027589798 0.5219849944114685
vt 0.22677800059318542 0.5196470022201538
vt 0.3150239884853363 0.5184789896011353
vt 0.23193900287151337 0.5184789896011353
vt 0.48001500964164734 0.3959769904613495
vt 0.4736199975013733 0.4142799973487854
vt 0.4877229928970337 0.39836499094963074
vt 0.48468300700187683 0.4043320119380951
vt 0.4941540062427521 0.3918989896774292
vt 0.49205800890922546 0.39632898569107056
vt 0.6022329926490784 0.024028999730944633
vt 0.6208130121231079 0.018470000475645065
vt 0.6126869916915894 0.013450000435113907
vt 0.61878901720047 0.01068700011819601
vt 0.6255490183830261 0.004579999949783087
vt 0.621025025844574 0.0064650001004338264
vt 0.3831300139427185 0.488647997379303
vt 0.3903470039367676 0.49467000365257263
vt 0.38045498728752136 0.500914990901947
vt 0.3782689869403839 0.5036389827728271
vt 0.5237269997596741 0.11092100292444229
vt 0.5113499760627747 0.11304999887943268
vt 0.5180490016937256 0.10345900058746338
vt 0.5085269808769226 0.11511500179767609
vt 0.3660869896411896 0.5100719928741455
vt 0.500370979309082 0.12748800218105316
vt 0.30242300033569336 0.5173100233078003
vt 0.2445490062236786 0.5173100233078003
vt 0.2611680030822754 0.516726016998291
vt 0.807811975479126 0.6922000050544739
vt 0.8037739992141724 0.6933450102806091
vt 0.7189710140228271 0.693917989730835
vt 0.7149789929389954 0.6927729845046997
vt 0.4977569878101349 0.38660699129104614
vt 0.49820899963378906 0.38047900795936584
vt 0.6310039758682251 0.0012400000123307109
vt 0.63714599609375 0.0010809999657794833
vt 0.47988399863243103 0.41345900297164917
vt 0.6033459901809692 0.01782899908721447
vt 0.7991809844970703 0.693917989730835
vt 0.7894319891929626 0.6944900155067444
vt 0.7315660119056702 0.6944900155067444
vt 0.7481719851493835 0.6950629949569702
vt 0.3722270131111145 0.5098419785499573
vt 0.5020909905433655 0.12094900012016296
vt 0.3155820071697235 0.513975977897644
vt 0.32187899947166443 0.5157290101051331
vt 0.22504200041294098 0.5157290101051331
vt 0.23135100305080414 0.513975977897644
vt 0.30240800976753235 0.5128070116043091
vt 0.24453400075435638 0.5128070116043091
vt 0.49717599153518677 0.39264801144599915
vt 0.6249420046806335 0.001541999983601272
vt 0.261150985956192 0.5122339725494385
vt 0.11858899891376495 0.6952670216560364
vt 0.11745399981737137 0.6908469796180725
vt 0.12146700173616409 0.6914650201797485
vt 0.12260299921035767 0.6970300078392029
vt 0.37875598669052124 0.5075539946556091
vt 0.5046409964561462 0.11446399986743927
vt 0.2097110003232956 0.6920599937438965
vt 0.21314500272274017 0.6908469796180725
vt 0.2114180028438568 0.6964349746704102
vt 0.20740899443626404 0.697625994682312
vt 0.1271989941596985 0.6920599937438965
vt 0.12718799710273743 0.697625994682312
vt 0.1237730011343956 0.5133330225944519
vt 0.1237810030579567 0.5186229944229126
vt 0.11804799735546112 0.5197229981422424
vt 0.11746499687433243 0.5149819850921631
vt 0.21373899281024933 0.5197229981422424
vt 0.20801199972629547 0.5186229944229126
vt 0.20800399780273438 0.5133330225944519
vt 0.21430300176143646 0.5149819850921631
vt 0.1369429975748062 0.6926789879798889
vt 0.13693100214004517 0.6982210278511047
vt 0.1953890025615692 0.6926789879798889
vt 0.19480399787425995 0.6982210278511047
vt 0.17820000648498535 0.6932740211486816
vt 0.1781889945268631 0.6988170146942139
vt 0.1146019995212555 0.5213260054588318
vt 0.11747799813747406 0.5255169868469238
vt 0.11403299868106842 0.5259749889373779
vt 0.2143159955739975 0.5255169868469238
vt 0.21717000007629395 0.5213260054588318
vt 0.21774700284004211 0.5259749889373779
vt 0.1157590001821518 0.5306699872016907
vt 0.11231400072574615 0.5368760228157043
vt 0.11116400361061096 0.5304870009422302
vt 0.21946600079536438 0.5368760228157043
vt 0.21603399515151978 0.5306699872016907
vt 0.2206069976091385 0.5304870009422302
vt 0.11402499675750732 0.6720669865608215
vt 0.11632200330495834 0.6727309823036194
vt 0.11344199627637863 0.6822350025177002
vt 0.11172199994325638 0.6787769794464111
vt 0.11115600168704987 0.6674180030822754
vt 0.21830199658870697 0.6822350025177002
vt 0.21545200049877167 0.6727309823036194
vt 0.21773800253868103 0.6720669865608215
vt 0.22001999616622925 0.6787769794464111
vt 0.22059999406337738 0.6674180030822754
vt 0.13696199655532837 0.5180969834327698
vt 0.13695499300956726 0.5122339725494385
vt 0.19483600556850433 0.5180969834327698
vt 0.19482800364494324 0.5122339725494385
vt 0.11861500144004822 0.6733260154724121
vt 0.11746100336313248 0.6846629977226257
vt 0.21429899334907532 0.6846629977226257
vt 0.21316100656986237 0.6733260154724121
vt 0.12032900005578995 0.685280978679657
vt 0.21143700182437897 0.685280978679657
vt 0.1782130002975464 0.5122569799423218
vt 0.1782200038433075 0.5175470113754272
vt 0.11862800270318985 0.5313109755516052
vt 0.2131740003824234 0.5313109755516052
vt 0.11461400240659714 0.5467470288276672
vt 0.217181995511055 0.5467470288276672
vt 0.12321300059556961 0.5244399905204773
vt 0.20859000086784363 0.5244399905204773
vt 0.13809600472450256 0.6859220266342163
vt 0.1243479996919632 0.6733719706535339
vt 0.20456300675868988 0.685899019241333
vt 0.1369670033454895 0.5239139795303345
vt 0.19484099745750427 0.5239139795303345
vt 0.20743399858474731 0.6733719706535339
vt 0.18623000383377075 0.6865180134773254
vt 0.1948309987783432 0.6734179854393005
vt 0.1266539990901947 0.5308070182800293
vt 0.20515599846839905 0.5308070182800293
vt 0.11805599927902222 0.5468159914016724
vt 0.2137479931116104 0.5468159914016724
vt 0.17822499573230743 0.5239369869232178
vt 0.1237889975309372 0.5468609929084778
vt 0.20802100002765656 0.5468609929084778
vt 0.15357400476932526 0.6734179854393005
vt 0.1369590014219284 0.663133978843689
vt 0.1862500011920929 0.5302799940109253
vt 0.14556600153446198 0.5302799940109253
vt 0.13697099685668945 0.5469070076942444
vt 0.19484399259090424 0.5469070076942444
vt 0.19483299553394318 0.663133978843689
o mesh_input
f 1/1 5/2 2/3 3/4
f 4/5 7/6 1/1 3/4
f 6/7 12/8 5/2 1/1
f 8/9 6/7 1/1 7/6
f 2/3 14/10 9/11 3/4
f 9/11 22/12 4/5 3/4
f 5/2 11/13 10/14
f 5/2 10/14 2/3
f 12/8 16/15 11/13 5/2
f 10/14 18/16 13/17 2/3
f 13/17 27/18 14/10 2/3
f 11/13 15/19 10/14
f 16/15 31/20 17/21 11/13
f 17/21 44/22 15/19 11/13
f 15/19 43/23 18/16 10/14
f 19/24 20/25 7/6 4/5
f 20/25 33/26 21/27 7/6
f 7/6 21/27 8/9
f 23/28 32/29 19/24 4/5
f 4/5 22/12 23/28
f 24/30 26/31 12/8 6/7
f 8/9 34/32 24/30 6/7
f 14/10 28/33 25/34 9/11
f 25/34 36/35 22/12 9/11
f 26/31 30/36 16/15 12/8
f 27/18 41/37 28/33 14/10
f 29/38 42/39 27/18 13/17
f 18/16 45/40 29/38 13/17
f 30/36 56/41 31/20 16/15
f 32/29 33/26 20/25 19/24
f 35/42 34/32 8/9 21/27
f 22/12 36/35 37/43 23/28
f 24/30 38/44 26/31
f 39/45 38/44 24/30 34/32
f 25/34 28/33 40/46
f 40/46 54/47 36/35 25/34
f 38/44 55/48 30/36 26/31
f 41/37 57/49 40/46 28/33
f 42/39 58/50 41/37 27/18
f 15/19 44/22 43/23
f 18/16 43/23 45/40
f 32/29 49/51 46/52 33/26
f 33/26 47/53 21/27
f 46/52 60/54 47/53 33/26
f 32/29 23/28 48/55
f 48/55 63/56 49/51 32/29
f 47/53 59/57 35/42 21/27
f 37/43 62/58 48/55 23/28
f 50/59 44/22 17/21 31/20
f 29/38 45/40 51/60 42/39
f 52/61 39/45 34/32 35/42
f 36/35 54/47 53/62 37/43
f 55/48 82/63 56/41 30/36
f 58/50 83/64 57/49 41/37
f 61/65 59/57 47/53 60/54
f 48/55 62/58 64/66 63/56
f 59/57 86/67 52/61 35/42
f 53/62 88/68 62/58 37/43
f 65/69 67/70 38/71
f 65/69 38/71 39/72
f 38/71 67/70 66/73 55/74
f 40/75 70/76 68/77
f 40/75 68/77 54/78
f 69/79 70/76 40/75 57/80
f 71/81 50/59 31/20 56/41
f 42/39 51/60 72/82 58/50
f 44/22 78/83 73/84 43/23
f 43/23 73/84 74/85 45/40
f 75/86 77/87 46/52 49/51
f 76/88 84/89 60/54 46/52
f 77/87 95/90 76/88 46/52
f 63/56 85/91 75/86 49/51
f 50/59 92/92 78/83 44/22
f 45/40 74/85 79/93 51/60
f 52/94 86/95 80/96 39/72
f 80/96 110/97 65/69 39/72
f 81/98 88/99 53/100 54/78
f 68/77 111/101 81/98 54/78
f 55/74 66/73 82/102
f 57/80 83/103 69/79
f 84/89 96/104 61/65 60/54
f 64/66 97/105 85/91 63/56
f 87/106 86/67 59/57 61/65
f 62/58 88/68 89/107 64/66
f 56/108 82/102 90/109 71/110
f 91/111 83/103 58/112 72/113
f 71/81 98/114 92/92 50/59
f 51/60 79/93 93/115 72/82
f 94/116 95/90 77/87 75/86
f 85/91 112/117 94/116 75/86
f 96/118 120/119 87/120 61/121
f 89/122 122/123 97/124 64/125
f 90/109 127/126 98/127 71/110
f 99/128 100/129 73/84 78/83
f 100/129 108/130 74/85 73/84
f 67/70 102/131 101/132 66/73
f 65/69 110/97 102/131 67/70
f 103/133 104/134 70/76 69/79
f 104/134 111/101 68/77 70/76
f 66/73 101/132 105/135 82/102
f 106/136 103/133 69/79 83/103
f 93/137 128/138 91/111 72/113
f 107/139 99/128 78/83 92/92
f 108/130 116/140 79/93 74/85
f 76/88 95/90 109/141 84/89
f 97/105 126/142 112/117 85/91
f 113/143 110/97 80/96
f 113/143 80/96 86/95
f 86/95 87/120 113/143
f 81/98 111/101 114/144
f 81/98 114/144 88/99
f 88/99 114/144 89/122
f 98/145 129/146 115/147 92/148
f 115/147 134/149 107/150
f 115/151 107/139 92/92
f 116/152 130/153 93/154 79/155
f 84/156 109/157 117/158 96/159
f 82/102 105/135 118/160 90/109
f 119/161 106/136 83/103 91/111
f 121/162 113/143 87/120 120/119
f 89/122 114/144 123/163 122/123
f 124/164 132/165 95/166 94/167
f 112/168 137/169 124/164 94/167
f 125/170 120/119 96/118 117/171
f 122/123 142/172 126/173 97/124
f 90/109 118/160 127/126
f 91/111 128/138 119/161
f 127/126 146/174 129/175 98/127
f 130/176 148/177 128/138 93/137
f 99/178 133/179 131/180 100/181
f 131/180 136/182 108/183 100/181
f 132/165 138/184 109/157 95/166
f 99/178 107/150 133/179
f 134/149 157/185 133/179 107/150
f 108/183 136/182 135/186 116/152
f 126/187 143/188 137/169 112/168
f 138/184 141/189 117/158 109/157
f 139/190 134/149 115/147 129/146
f 116/152 135/186 140/191 130/153
f 141/192 159/193 125/170 117/171
f 142/172 160/194 143/195 126/173
f 144/196 121/162 120/119 125/170
f 122/123 123/163 145/197 142/172
f 127/126 118/160 147/198 146/174
f 149/199 119/161 128/138 148/177
f 124/164 151/200 150/201 132/165
f 137/169 164/202 151/200 124/164
f 152/203 139/204 129/175 146/174
f 130/176 140/205 153/206 148/177
f 131/180 133/179 154/207
f 131/180 154/207 155/208
f 131/180 155/208 136/182
f 156/209 162/210 138/184 132/165
f 150/201 175/211 156/209 132/165
f 157/185 180/212 154/207 133/179
f 136/182 158/213 135/186
f 155/208 182/214 158/213 136/182
f 159/193 183/215 144/196 125/170
f 145/197 184/216 160/194 142/172
f 102/131 105/135 101/132
f 113/143 105/135 102/131
f 113/143 102/131 110/97
f 104/134 103/133 106/136
f 104/134 106/136 114/144
f 104/134 114/144 111/101
f 135/186 158/213 161/217 140/191
f 162/210 171/218 141/189 138/184
f 143/188 172/219 163/220 137/169
f 137/169 163/220 164/202
f 139/190 173/221 165/222 134/149
f 165/222 187/223 157/185 134/149
f 113/143 177/224 166/225 105/135
f 105/135 166/225 147/198
f 105/135 147/198 118/160
f 167/226 178/227 114/144 106/136
f 149/199 167/226 106/136
f 149/199 106/136 119/161
f 146/174 147/198 168/228
f 146/174 168/228 152/203
f 169/229 149/199 148/177
f 169/229 148/177 153/206
f 140/191 161/217 170/230 153/231
f 171/232 183/215 159/193
f 171/232 159/193 141/192
f 160/194 184/216 172/233 143/195
f 139/204 152/203 173/234
f 174/235 175/211 150/201 151/200
f 176/236 174/235 151/200 164/202
f 144/196 177/224 113/143
f 144/196 113/143 121/162
f 114/144 178/227 145/197
f 114/144 145/197 123/163
f 154/207 181/237 179/238 155/208
f 180/212 205/239 181/237 154/207
f 155/208 179/238 182/214
f 152/203 168/228 185/240 173/234
f 186/241 169/229 153/206 170/242
f 187/223 210/243 180/212 157/185
f 158/213 182/214 188/244 161/217
f 156/209 175/211 189/245 162/210
f 163/220 193/246 176/236 164/202
f 190/247 187/223 165/222 173/221
f 161/217 188/244 191/248 170/230
f 162/210 189/245 192/249 171/218
f 163/220 172/219 193/246
f 194/250 186/251 170/230 191/248
f 171/218 192/249 195/252 183/253
f 196/254 193/255 172/233 184/216
f 173/221 185/256 197/257 190/247
f 198/258 199/259 168/228 147/198
f 168/228 199/259 185/240
f 169/229 201/260 200/261 149/199
f 169/229 186/241 201/260
f 202/262 207/263 175/211 174/235
f 203/264 202/262 174/235 176/236
f 147/198 166/225 198/258
f 149/199 200/261 167/226
f 181/237 205/239 204/265 179/238
f 179/238 204/265 206/266 182/214
f 207/263 214/267 189/245 175/211
f 183/215 208/268 177/224 144/196
f 183/215 195/269 208/268
f 178/227 209/270 184/216 145/197
f 184/216 209/270 196/254
f 180/212 210/243 205/239
f 206/266 213/271 188/244 182/214
f 211/272 203/264 176/236 193/246
f 190/247 217/273 212/274 187/223
f 187/223 212/274 210/243
f 213/271 218/275 191/248 188/244
f 189/245 214/267 192/249
f 192/249 214/267 215/276 195/252
f 216/277 211/272 193/246 196/278
f 197/257 228/279 217/273
f 197/257 217/273 190/247
f 218/275 229/280 194/250
f 218/275 194/250 191/248
f 185/240 199/259 219/281 197/282
f 220/283 201/260 186/241 194/284
f 221/285 231/286 207/263 202/262
f 203/264 233/287 221/285 202/262
f 204/265 205/239 206/266
f 195/269 223/288 222/289 208/268
f 215/276 237/290 223/291 195/252
f 224/292 225/293 196/254 209/270
f 196/278 225/294 216/277
f 208/268 222/289 226/295
f 208/268 226/295 177/224
f 177/224 226/295 166/225
f 227/296 224/292 209/270
f 227/296 209/270 178/227
f 178/227 167/226 227/296
f 166/225 239/297 199/259
f 166/225 199/259 198/258
f 201/260 240/298 167/226
f 201/260 167/226 200/261
f 197/257 219/299 228/279
f 194/250 229/280 220/300
f 207/263 232/301 230/302 214/267
f 231/286 428/303 232/301 207/263
f 211/272 238/304 233/287 203/264
f 234/305 236/306 205/239 210/243
f 235/307 245/308 206/266 205/239
f 236/306 439/309 235/307
f 236/306 235/307 205/239
f 214/267 230/302 237/290 215/276
f 216/277 225/294 238/304 211/272
f 239/297 228/310 219/281 199/259
f 220/283 229/311 240/298 201/260
f 217/273 228/279 241/312 212/274
f 242/313 229/280 218/275 213/271
f 212/274 241/312 243/314 210/243
f 210/243 243/314 234/305
f 244/315 242/313 213/271 206/266
f 245/308 416/316 244/315 206/266
f 222/289 433/317 246/318
f 222/289 246/318 226/295
f 226/295 246/318 247/319
f 247/319 402/320 166/225
f 247/319 166/225 226/295
f 248/321 434/322 224/292
f 248/321 224/292 227/296
f 227/296 249/323 248/321
f 167/226 405/324 249/323
f 167/226 249/323 227/296
f 252/325 254/326 250/327
f 252/325 250/327 251/328
f 250/327 253/329 251/328
f 250/327 254/326 255/330
f 250/327 255/330 256/331 253/329
f 251/328 260/332 257/333
f 251/328 257/333 252/325
f 253/329 265/334 258/335
f 253/329 258/335 251/328
f 251/328 258/335 259/336 260/332
f 261/337 263/338 254/326 252/325
f 262/339 261/337 252/325
f 262/339 252/325 257/333
f 264/340 255/330 254/326 263/338
f 253/329 256/331 266/341 265/334
f 259/336 269/342 267/343 260/332
f 259/336 258/335 268/344
f 268/344 279/345 269/342 259/336
f 267/343 270/346 257/333 260/332
f 270/346 275/347 262/339 257/333
f 271/348 272/349 263/338 261/337
f 263/338 272/349 264/340
f 273/350 268/344 258/335 265/334
f 274/351 271/348 261/337 262/339
f 275/347 303/352 274/351 262/339
f 276/353 296/354 273/350
f 276/353 273/350 265/334
f 265/334 266/341 277/355 276/353
f 273/350 297/356 278/357
f 273/350 278/357 268/344
f 278/357 302/358 279/345 268/344
f 280/359 281/360 270/346 267/343
f 269/342 299/361 280/359 267/343
f 281/360 305/362 275/347 270/346
f 282/363 283/364 284/365
f 282/363 290/366 285/367 283/364
f 284/365 300/368 286/369 282/363
f 287/370 288/371 282/363 286/369
f 289/372 290/366 282/363 288/371
f 283/364 292/373 291/374 284/365
f 283/364 285/367 293/375 292/373
f 271/348 298/376 294/377 272/349
f 295/378 264/340 272/349 294/377
f 296/354 319/379 297/356 273/350
f 274/351 304/380 298/376 271/348
f 279/345 318/381 299/361 269/342
f 301/382 287/370 286/369
f 301/382 286/369 300/368
f 291/374 309/383 300/368 284/365
f 277/355 321/384 296/354 276/353
f 297/356 322/385 302/358 278/357
f 303/352 325/386 304/380 274/351
f 305/362 326/387 303/352 275/347
f 306/388 308/389 301/382 300/368
f 307/390 310/391 287/370 301/382
f 308/389 333/392 307/390 301/382
f 309/383 329/393 306/388 300/368
f 310/391 312/394 288/371 287/370
f 292/373 314/395 311/396 291/374
f 311/396 334/397 309/383 291/374
f 313/398 289/372 288/371 312/394
f 292/373 293/375 315/399 314/395
f 298/376 317/400 316/401 294/377
f 316/401 377/402 295/378 294/377
f 304/380 325/386 317/400
f 304/380 317/400 298/376
f 302/358 323/403 318/381 279/345
f 296/354 321/384 320/404
f 296/354 320/404 319/379
f 324/405 323/403 302/358 322/385
f 326/387 358/406 325/386 303/352
f 327/407 340/408 281/360 280/359
f 328/409 327/407 280/359 299/361
f 306/388 331/410 330/411 308/389
f 329/393 345/412 331/410 306/388
f 332/413 336/414 310/391 307/390
f 333/392 355/415 332/413 307/390
f 334/397 344/416 329/393 309/383
f 310/391 336/414 335/417 312/394
f 337/418 338/419 311/396 314/395
f 338/419 346/420 334/397 311/396
f 335/417 349/421 313/398 312/394
f 315/399 352/422 337/418 314/395
f 297/423 319/424 339/425 322/426
f 340/408 343/427 305/362 281/360
f 330/411 354/428 333/392 308/389
f 341/429 328/409 299/361 318/381
f 305/362 343/427 342/430 326/387
f 344/416 365/431 345/412 329/393
f 346/420 364/432 344/416 334/397
f 347/433 348/434 335/417 336/414
f 348/435 403/436 349/437 335/438
f 337/418 351/439 350/440 338/419
f 352/441 406/442 351/443 337/444
f 353/445 341/429 318/381 323/403
f 356/446 355/415 333/392 354/428
f 357/447 347/433 336/414 332/413
f 350/448 371/449 346/450 338/451
f 322/426 339/425 324/452
f 325/453 360/454 359/455 317/456
f 325/453 358/457 360/454
f 331/410 363/458 361/459 330/411
f 330/411 361/459 362/460 354/428
f 345/412 380/461 363/458 331/410
f 344/416 364/432 366/462 365/431
f 367/463 357/447 332/413 355/415
f 368/464 353/445 323/403 324/405
f 326/387 342/430 369/465 358/406
f 346/450 371/449 370/466 364/467
f 320/468 372/469 319/424
f 320/468 374/470 373/471 372/469
f 320/404 321/384 374/472
f 317/456 379/473 375/474 316/475
f 376/476 378/477 316/475 375/474
f 378/477 481/478 377/479
f 378/480 377/402 316/401
f 317/456 359/455 379/473
f 365/431 389/481 380/461 345/412
f 362/460 394/482 356/446 354/428
f 381/483 367/484 355/485 356/486
f 319/424 372/469 382/487 339/425
f 383/488 386/489 340/408 327/407
f 384/490 383/488 327/407 328/409
f 340/408 386/489 385/491 343/427
f 369/492 419/493 360/454 358/457
f 387/494 384/490 328/409 341/429
f 343/495 385/496 388/497 342/498
f 366/462 409/499 389/481 365/431
f 364/467 370/466 390/500 366/501
f 391/502 387/494 341/429 353/445
f 363/458 401/503 392/504 361/459
f 361/505 392/506 393/507 362/508
f 394/509 425/510 381/483 356/486
f 347/511 396/512 395/513 348/435
f 357/514 367/484 396/512
f 357/514 396/512 347/511
f 397/515 398/516 350/448 351/443
f 398/516 370/466 371/449
f 398/516 371/449 350/448
f 399/517 400/518 324/452 339/425
f 382/487 464/519 399/517 339/425
f 324/452 400/518 368/520
f 388/497 420/521 369/522 342/498
f 380/523 408/524 401/525 363/526
f 402/320 404/527 348/435 395/513
f 348/435 404/527 403/436
f 351/443 407/528 405/324 397/515
f 351/443 406/442 407/528
f 368/529 440/530 391/531 353/532
f 389/533 417/534 408/524 380/523
f 393/507 426/535 394/536 362/508
f 390/500 451/537 409/538 366/501
f 228/279 411/539 410/540 241/312
f 239/297 435/541 411/542 228/310
f 242/313 414/543 412/544 229/280
f 229/311 412/545 413/546 240/298
f 410/540 415/547 243/314 241/312
f 242/313 244/315 414/543
f 415/547 438/548 234/305 243/314
f 416/316 462/549 414/543 244/315
f 409/550 452/551 417/534 389/533
f 418/552 396/512 367/484 381/483
f 420/553 466/554 419/493 369/492
f 421/555 424/556 386/557 383/558
f 422/559 421/555 383/558 384/560
f 386/557 424/556 423/561 385/496
f 426/562 457/563 425/510 394/509
f 427/564 428/303 231/286
f 427/564 231/286 221/285
f 230/302 430/565 429/566 237/290
f 232/301 428/303 430/565
f 232/301 430/565 230/302
f 237/290 429/566 223/291
f 431/567 443/568 233/287 238/304
f 432/569 431/567 238/304 225/294
f 223/291 429/566 433/570 222/571
f 434/572 432/569 225/294 224/573
f 239/297 166/225 436/574
f 239/297 436/574 435/541
f 413/546 494/575 437/576 240/298
f 240/298 437/576 167/226
f 438/548 439/309 236/306
f 438/548 236/306 234/305
f 235/307 439/309 416/316 245/308
f 368/520 400/518 441/577 440/578
f 442/579 422/559 384/560 387/580
f 443/568 427/564 221/285 233/287
f 360/454 419/493 444/581 359/455
f 445/582 442/579 387/580 391/531
f 385/496 423/561 446/583 388/497
f 401/525 449/584 447/585
f 401/525 447/585 392/506
f 448/586 453/587 393/507 392/506
f 447/585 485/588 448/586 392/506
f 401/525 408/524 449/584
f 425/510 459/589 418/552 381/483
f 370/466 398/516 450/590 390/500
f 409/538 451/537 452/591
f 440/530 465/592 445/582 391/531
f 446/583 467/593 420/521 388/497
f 453/587 458/594 426/535 393/507
f 417/534 456/595 454/596 408/524
f 454/596 484/597 449/584 408/524
f 390/500 450/590 455/598 451/537
f 452/551 487/599 456/595 417/534
f 458/600 504/601 457/563 426/562
f 425/510 457/563 459/589
f 460/602 463/603 438/548 415/547
f 410/604 472/605 460/606 415/607
f 461/608 462/549 416/316 439/309
f 463/603 461/608 439/309 438/548
f 444/581 375/474 379/473
f 444/581 379/473 359/455
f 399/517 464/519 400/518
f 441/577 502/609 465/610 440/578
f 467/611 509/612 466/554 420/553
f 428/613 427/614 468/615
f 428/613 469/616 430/617
f 468/615 290/366 469/616
f 468/615 469/616 428/613
f 427/614 443/618 470/619
f 470/619 285/367 468/615
f 470/619 468/615 427/614
f 471/620 472/605 410/604 411/621
f 473/622 481/623 412/544 414/543
f 414/543 462/549 473/622
f 400/518 464/519 474/624 441/577
f 475/625 444/581 419/493 466/554
f 421/555 477/626 476/627 424/556
f 422/559 482/628 477/626 421/555
f 476/627 483/629 423/561 424/556
f 430/617 478/630 429/631
f 469/616 289/372 478/630
f 469/632 478/633 430/634
f 443/568 431/567 479/635
f 479/636 293/375 470/619
f 479/635 470/637 443/568
f 431/638 432/639 480/640
f 480/641 315/399 479/636
f 480/642 479/635 431/567
f 412/545 481/478 413/546
f 442/579 490/643 482/628 422/559
f 483/629 492/644 446/583 423/561
f 484/597 485/588 447/585 449/584
f 486/645 487/646 452/591 451/537
f 478/630 313/398 488/647 429/631
f 488/648 506/649 433/317 429/650
f 489/651 471/652 411/542 435/541
f 463/653 460/606 266/341
f 463/653 266/341 461/654
f 461/654 266/341 256/331
f 461/654 256/331 255/330
f 255/330 264/340 462/655
f 255/330 462/655 461/654
f 445/582 495/656 490/643 442/579
f 491/657 493/658 453/587 448/586
f 448/586 485/588 491/657
f 455/598 525/659 486/645 451/537
f 290/366 468/615 285/367
f 290/366 289/372 469/616
f 285/367 470/619 293/375
f 434/322 507/660 480/661 432/662
f 492/644 510/663 467/593 446/583
f 493/658 512/664 458/594 453/587
f 289/372 313/398 478/630
f 293/375 479/636 315/399
f 481/478 378/477 494/575 413/546
f 264/340 295/378 473/665 462/655
f 277/355 266/341 460/606 472/605
f 465/592 514/666 495/656 445/582
f 472/605 471/620 321/384 277/355
f 496/667 497/668 454/596 456/595
f 454/596 497/668 484/597
f 313/398 349/421 488/647
f 315/399 480/641 352/422
f 377/402 481/669 473/665 295/378
f 372/469 464/519 382/487
f 372/469 166/225 498/670
f 372/469 498/670 464/519
f 373/471 436/574 499/671
f 373/471 499/671 372/469
f 499/671 436/574 166/225
f 499/671 166/225 372/469
f 500/672 167/226 375/474
f 500/672 375/474 444/581
f 375/474 501/673 376/476
f 167/226 437/576 501/673
f 167/226 501/673 375/474
f 441/577 474/624 503/674 502/609
f 505/675 459/589 457/563 504/601
f 349/437 403/436 506/649 488/648
f 480/661 507/660 406/442 352/441
f 506/649 530/676 246/318 433/317
f 434/322 248/321 508/677 507/660
f 436/574 373/471 489/651 435/541
f 510/678 541/679 509/612 467/611
f 487/599 528/680 511/681 456/595
f 511/681 536/682 496/667
f 511/681 496/667 456/595
f 512/683 537/684 504/601 458/600
f 471/652 489/651 374/470 321/685
f 513/686 475/625 466/554 509/612
f 515/687 514/666 465/592 502/688
f 494/575 376/476 501/673
f 494/575 501/673 437/576
f 459/589 516/689 395/513 396/512
f 396/512 418/552 459/589
f 397/515 517/690 455/598 398/516
f 398/516 455/598 450/590
f 516/689 575/691 402/320 395/513
f 405/324 576/692 517/690 397/515
f 477/626 519/693 518/694 476/627
f 477/626 482/628 519/693
f 518/694 526/695 483/629 476/627
f 482/628 490/643 520/696
f 520/696 550/697 519/693 482/628
f 521/698 523/699 485/588 484/597
f 485/588 523/699 522/700 491/657
f 524/701 529/702 487/646 486/645
f 525/703 455/704 524/705
f 525/659 524/701 486/645
f 495/656 535/706 520/696 490/643
f 526/695 533/707 492/644 483/629
f 527/708 521/698 484/597 497/668
f 487/646 529/702 528/709
f 404/527 530/676 506/649 403/436
f 507/660 508/677 407/528 406/442
f 246/318 530/676 402/320 247/319
f 405/324 508/677 248/321 249/323
f 464/519 503/674 474/624
f 464/519 498/670 531/710
f 464/519 531/710 503/674
f 513/686 532/711 444/581
f 513/686 444/581 475/625
f 532/711 588/712 500/672
f 532/711 500/672 444/581
f 533/707 545/713 510/663 492/644
f 491/657 522/700 534/714 493/658
f 489/651 373/471 374/470
f 514/666 515/687 535/706
f 514/666 535/706 495/656
f 536/682 527/708 497/668 496/667
f 504/601 537/684 538/715 505/675
f 502/609 539/716 515/717
f 540/718 539/716 502/609 503/674
f 509/612 541/679 542/719
f 509/612 542/719 543/720 513/686
f 493/658 534/714 544/721 512/664
f 378/477 376/476 494/575
f 510/678 545/722 541/679
f 538/715 516/689 459/589
f 538/715 459/589 505/675
f 455/598 517/690 524/701
f 546/723 536/682 511/681 528/680
f 547/724 537/725 512/664 544/721
f 530/676 404/527 402/320
f 508/677 405/324 407/528
f 515/687 539/726 548/727 535/706
f 549/728 542/719 541/679 545/722
f 550/697 551/729 518/694 519/693
f 518/694 551/729 526/695
f 552/730 546/723 528/680 529/731
f 503/674 531/710 540/718
f 513/686 543/720 532/711
f 521/698 527/708 553/732
f 521/698 553/732 523/699
f 523/699 553/732 554/733
f 523/699 554/733 522/700
f 526/695 551/729 555/734 533/707
f 555/734 560/735 545/713 533/707
f 554/733 557/736 534/714 522/700
f 556/737 553/732 527/708 536/682
f 534/714 557/736 544/721
f 535/706 559/738 558/739 520/696
f 535/706 548/727 559/738
f 545/713 560/735 549/740
f 561/741 556/737 536/682 546/723
f 544/721 557/736 562/742 547/724
f 531/710 563/743 539/716 540/718
f 539/716 563/743 548/744
f 564/745 532/711 543/720 542/719
f 542/719 549/728 564/745
f 537/684 547/746 565/747 538/715
f 566/748 552/749 529/702 524/701
f 520/696 558/739 567/750 550/697
f 568/751 561/741 546/723 552/730
f 524/701 517/690 569/752
f 524/701 569/752 566/748
f 570/753 516/689 538/715
f 570/753 538/715 565/747
f 571/754 565/755 547/724 562/742
f 552/730 566/756 572/757 568/751
f 548/727 563/758 573/759 559/738
f 574/760 564/745 549/728 560/761
f 402/320 575/691 498/670 166/225
f 500/672 576/692 405/324 167/226
f 577/762 580/763 551/729 550/697
f 567/750 596/764 577/762
f 567/750 577/762 550/697
f 578/765 579/766 554/733 553/732
f 554/733 579/766 557/736
f 580/763 585/767 555/734 551/729
f 556/737 586/768 578/765 553/732
f 559/738 582/769 581/770 558/739
f 573/759 600/771 582/769
f 573/759 582/769 559/738
f 581/770 596/764 567/750 558/739
f 579/766 587/772 562/742 557/736
f 583/773 584/774 560/735 555/734
f 584/774 599/775 574/776
f 584/774 574/776 560/735
f 555/734 585/767 583/773
f 561/741 590/777 586/768 556/737
f 587/772 597/778 571/754
f 587/772 571/754 562/742
f 564/745 589/779 588/712
f 564/745 588/712 532/711
f 574/760 599/780 589/779
f 574/760 589/779 564/745
f 568/751 591/781 590/777 561/741
f 572/757 598/782 591/781
f 572/757 591/781 568/751
f 592/783 516/689 570/753 565/747
f 571/784 597/785 592/783
f 571/784 592/783 565/747
f 569/752 517/690 593/786 566/748
f 593/786 598/787 572/788
f 593/786 572/788 566/748
f 531/710 498/670 594/789 563/743
f 595/790 600/791 573/792
f 595/790 573/792 563/743
f 563/743 594/789 595/790
f 596/764 608/793 580/763 577/762
f 601/794 613/795 578/765 586/768
f 590/777 614/796 601/794 586/768
f 579/766 604/797 602/798 587/772
f 578/765 612/799 603/800 579/766
f 603/800 638/801 604/797
f 603/800 604/797 579/766
f 587/772 602/798 597/778
f 605/802 614/796 590/777 591/781
f 591/781 598/782 605/802
f 606/803 595/790 594/789 498/670
f 588/712 589/779 607/804 500/672
f 609/805 610/806 596/764 581/770
f 610/806 642/807 608/793
f 610/806 608/793 596/764
f 585/767 580/763 611/808
f 611/808 615/809 583/773 585/767
f 608/793 644/810 611/808 580/763
f 578/765 613/795 612/799
f 615/809 616/811 584/774 583/773
f 616/812 633/813 599/780
f 616/811 599/775 584/774
f 617/814 609/805 581/770 582/769
f 618/815 617/814 582/769 600/771
f 498/670 575/691 619/816
f 620/817 606/803 498/670 619/816
f 500/672 621/818 576/692
f 500/672 607/804 622/819 621/818
f 597/778 602/798 623/820 592/821
f 593/786 628/822 624/823 598/787
f 624/824 665/825 605/802
f 624/824 605/802 598/782
f 592/783 626/826 625/827 516/689
f 592/783 623/828 626/826
f 627/829 628/822 593/786 517/690
f 516/689 630/830 629/831 575/691
f 625/827 626/826 630/830
f 625/827 630/830 516/689
f 631/832 632/833 517/690 576/692
f 632/833 628/822 627/829
f 632/833 627/829 517/690
f 633/813 636/834 589/779 599/780
f 595/790 635/835 634/836 600/791
f 595/790 606/803 635/835
f 589/779 636/834 607/804
f 600/771 634/837 618/815
f 612/799 643/838 637/839 603/800
f 637/839 676/840 638/801 603/800
f 639/841 640/842 613/795 601/794
f 640/842 643/838 612/799 613/795
f 601/794 614/796 639/841
f 609/805 617/814 641/843 610/806
f 641/843 678/844 642/807 610/806
f 611/808 644/810 645/845 615/809
f 642/807 682/846 644/810 608/793
f 575/691 652/847 646/848 619/816
f 575/691 649/849 647/850
f 575/691 647/850 648/851
f 650/852 651/853 575/691
f 650/852 575/691 648/851
f 629/831 769/854 649/849
f 629/831 649/849 575/691
f 651/853 910/855 652/847
f 651/853 652/847 575/691
f 653/856 659/857 576/692 621/818
f 655/858 656/859 576/692
f 655/858 576/692 654/860
f 576/692 658/861 657/862
f 576/692 657/862 654/860
f 656/859 771/863 631/832
f 656/859 631/832 576/692
f 659/857 911/864 658/861
f 659/857 658/861 576/692
f 619/816 661/865 660/866
f 619/816 660/866 620/817
f 619/816 646/848 661/865
f 621/818 622/819 662/867
f 621/818 662/867 663/868
f 621/818 663/868 653/856
f 604/797 668/869 664/870 602/798
f 602/798 664/870 623/820
f 665/825 669/871 614/796 605/802
f 666/872 633/873 616/811 615/809
f 667/874 641/843 617/814 618/815
f 645/845 681/875 666/872 615/809
f 638/801 683/876 668/869 604/797
f 669/871 686/877 639/841 614/796
f 670/878 687/879 635/835 606/803
f 606/803 671/880 670/878
f 620/817 747/881 671/880
f 620/817 671/880 606/803
f 636/834 688/882 672/883 607/804
f 607/804 672/883 673/884
f 673/884 750/885 622/819
f 673/884 622/819 607/804
f 674/886 667/874 618/815 634/837
f 675/887 676/840 637/839 643/838
f 640/842 677/888 675/887 643/838
f 639/841 686/877 677/888 640/842
f 679/889 678/844 641/843
f 679/889 641/843 667/874
f 680/890 681/875 645/845 644/810
f 644/810 682/846 680/890
f 638/801 676/840 683/876
f 623/820 664/870 684/891 626/892
f 685/893 665/825 624/824 628/894
f 642/807 678/844 682/846
f 687/879 674/895 634/836 635/835
f 633/813 689/896 688/882 636/834
f 633/873 666/872 689/897
f 647/850 649/849 690/898
f 647/850 690/898 648/851
f 691/899 656/859 655/858
f 691/899 655/858 654/860
f 684/900 713/901 630/830 626/826
f 632/833 714/902 685/903 628/822
f 668/869 699/904 692/905 664/870
f 664/870 692/905 684/891
f 665/825 685/893 693/906 669/871
f 681/875 709/907 689/897 666/872
f 660/866 661/865 694/908
f 660/866 694/908 695/909
f 695/909 728/910 620/817 660/866
f 697/911 663/868 662/867
f 697/911 662/867 696/912
f 622/819 731/913 696/912 662/867
f 667/874 674/886 698/914 679/889
f 693/906 712/915 686/877 669/871
f 683/876 705/916 699/904 668/869
f 670/878 671/880 700/917 687/879
f 701/918 673/884 672/883 688/882
f 702/919 650/852 648/851 690/898
f 654/860 657/862 703/920 691/899
f 704/921 706/922 676/840 675/887
f 677/888 711/923 704/921 675/887
f 676/840 706/922 705/916 683/876
f 707/924 715/925 678/844 679/889
f 679/889 698/914 707/924
f 708/926 709/907 681/875 680/890
f 710/927 708/926 680/890 682/846
f 686/877 712/915 711/923 677/888
f 692/905 732/928 713/929 684/891
f 714/930 733/931 693/906 685/893
f 678/844 715/925 710/927 682/846
f 690/898 716/932 702/919
f 690/898 649/849 717/933 716/932
f 691/899 703/920 718/934
f 719/935 656/859 691/899 718/934
f 687/936 700/937 720/938 674/886
f 720/938 745/939 698/914 674/886
f 721/940 701/941 688/942 689/897
f 709/907 752/943 721/940 689/897
f 630/830 723/944 722/945 629/831
f 630/830 713/901 723/944
f 724/946 725/947 632/833 631/832
f 632/833 725/947 714/902
f 726/948 727/949 695/909 694/908
f 695/950 727/951 728/952
f 696/912 730/953 729/954 697/911
f 696/955 731/956 730/957
f 699/904 754/958 732/928 692/905
f 733/931 755/959 712/915 693/906
f 661/865 789/960 726/948 694/908
f 729/954 790/961 663/868 697/911
f 735/962 702/963 716/964 734/965
f 736/966 758/967 734/965 716/964
f 717/933 821/968 736/969
f 717/933 736/969 716/932
f 718/970 703/971 737/972 738/973
f 739/974 719/975 718/970 738/973
f 727/951 726/976 740/977 741/978
f 742/979 728/952 727/951 741/978
f 743/980 763/981 729/982 730/957
f 730/957 731/956 744/983 743/980
f 745/939 775/984 707/924 698/914
f 671/880 748/985 746/986
f 671/880 746/986 700/917
f 747/881 813/987 748/985 671/880
f 749/988 751/989 673/884 701/918
f 751/989 816/990 750/885 673/884
f 708/926 776/991 752/943 709/907
f 753/992 754/958 699/904 705/916
f 755/959 777/993 711/923 712/915
f 756/994 779/995 735/962 734/965
f 734/965 758/967 757/996 756/994
f 737/972 781/997 759/998 738/973
f 760/999 739/974 738/973 759/998
f 740/977 791/1000 761/1001
f 740/977 761/1001 741/978
f 762/1002 742/979 741/978 761/1001
f 764/1003 796/1004 763/981
f 764/1005 763/1006 743/1007
f 743/980 744/983 765/1008 764/1003
f 766/1009 753/992 705/916 706/922
f 767/1010 766/1009 706/922 704/921
f 629/831 768/1011 769/854
f 629/831 722/945 770/1012 768/1011
f 631/832 771/863 772/1013
f 773/1014 724/946 631/832 772/1013
f 707/924 775/984 774/1015 715/925
f 710/927 799/1016 776/991 708/926
f 711/923 777/993 767/1010 704/921
f 732/928 818/1017 723/1018 713/929
f 725/1019 819/1020 733/931 714/930
f 778/1021 800/1022 779/1023
f 778/1021 779/1023 756/1024
f 756/994 757/996 780/1025 778/1026
f 781/997 800/1027 782/1028 759/998
f 783/1029 760/999 759/998 782/1028
f 784/1030 786/1031 650/852
f 784/1030 650/852 702/919
f 735/1032 802/1033 784/1034 702/1035
f 657/862 787/1036 785/1037
f 657/862 785/1037 703/920
f 785/1038 803/1039 737/1040 703/1041
f 650/852 786/1031 651/853
f 657/862 658/861 787/1036
f 726/1042 789/1043 788/1044
f 726/1042 788/1044 740/1045
f 763/1046 811/1047 790/1048 729/1049
f 788/1044 820/1050 791/1051 740/1045
f 791/1000 804/1052 792/1053
f 791/1000 792/1053 761/1001
f 793/1054 794/1055 761/1001 792/1053
f 761/1001 794/1055 762/1002
f 795/1056 804/1052 796/1004
f 795/1056 796/1004 764/1003
f 764/1003 798/1057 797/1058 795/1056
f 764/1003 765/1008 798/1057
f 715/925 774/1015 799/1016 710/927
f 782/1028 800/1027 778/1026
f 778/1026 780/1025 801/1059 782/1028
f 782/1028 801/1059 783/1029
f 779/1023 823/1060 802/1033
f 779/1023 802/1033 735/1032
f 803/1039 824/1061 781/1062
f 803/1039 781/1062 737/1040
f 792/1063 804/1064 795/1065
f 805/1066 793/1054 792/1053 795/1056
f 795/1056 797/1058 805/1066
f 700/937 746/1067 806/1068 720/938
f 807/1069 749/988 701/918 721/1070
f 808/1071 821/968 769/854 768/1011
f 768/1011 770/1012 808/1071
f 771/863 822/1072 809/1073 772/1013
f 772/1013 809/1073 773/1014
f 810/1074 811/1047 763/1046
f 810/1074 763/1046 796/1075
f 812/1076 814/1077 747/881 620/817
f 747/881 814/1077 813/987
f 750/885 817/1078 815/1079 622/819
f 750/885 816/990 817/1078
f 806/1068 830/1080 745/939 720/938
f 752/943 831/1081 807/1082 721/940
f 732/928 754/958 818/1017
f 819/1020 833/1083 755/959 733/931
f 769/854 821/968 717/933 649/849
f 719/935 822/1072 771/863 656/859
f 820/1050 829/1084 804/1085 791/1051
f 804/1085 829/1084 810/1074
f 804/1085 810/1074 796/1075
f 800/1022 824/1061 823/1060
f 800/1022 823/1060 779/1023
f 781/1062 824/1061 800/1022
f 728/910 742/1086 812/1076 620/817
f 815/1079 744/1087 731/913 622/819
f 661/865 646/848 825/1088 789/960
f 826/1089 653/856 663/868 790/961
f 789/1043 836/1090 827/1091 788/1044
f 788/1044 827/1091 828/1092 820/1050
f 830/1080 838/1093 775/984 745/939
f 776/991 839/1094 831/1081 752/943
f 832/1095 818/1017 754/958 753/992
f 766/1009 841/1096 832/1095 753/992
f 833/1083 853/1097 777/993 755/959
f 834/1098 786/1099 784/1034 802/1033
f 785/1038 787/1100 835/1101 803/1039
f 789/1043 825/1102 836/1090
f 837/1103 826/1104 790/1048 811/1047
f 838/1093 852/1105 774/1015 775/984
f 799/1016 851/1106 839/1094 776/991
f 840/1107 841/1096 766/1009 767/1010
f 842/1108 722/945 723/944 818/1109
f 725/947 724/946 843/1110 819/1111
f 823/1060 854/1112 844/1113 802/1033
f 802/1033 844/1113 834/1098
f 803/1039 846/1114 845/1115 824/1061
f 803/1039 835/1101 846/1114
f 847/1116 837/1103 811/1047 810/1074
f 829/1084 855/1117 848/1118 810/1074
f 810/1074 848/1118 847/1116
f 746/986 748/985 849/1119 806/1120
f 850/1121 751/989 749/988 807/1069
f 774/1015 852/1105 851/1106 799/1016
f 853/1097 840/1107 767/1010 777/993
f 845/1115 854/1112 823/1060 824/1061
f 820/1050 828/1092 855/1117 829/1084
f 849/1122 857/1123 830/1080 806/1068
f 831/1081 858/1124 850/1125 807/1082
f 856/1126 842/1127 818/1128 832/1129
f 843/1130 861/1131 833/1132 819/1133
f 842/1108 867/1134 770/1012 722/945
f 773/1014 869/1135 843/1110 724/946
f 857/1123 862/1136 838/1093 830/1080
f 839/1094 863/1137 858/1124 831/1081
f 813/1138 872/1139 849/1140 748/1141
f 850/1121 874/1142 816/990 751/989
f 859/1143 856/1126 832/1129 841/1144
f 833/1132 861/1131 860/1145 853/1146
f 862/1136 866/1147 852/1105 838/1093
f 851/1106 865/1148 863/1137 839/1094
f 864/1149 859/1143 841/1144 840/1150
f 860/1145 864/1149 840/1150 853/1146
f 852/1105 866/1147 865/1148 851/1106
f 868/1151 867/1152 842/1127 856/1126
f 869/1153 878/1154 861/1131 843/1130
f 770/1155 867/1152 870/1156 808/1157
f 871/1158 869/1153 773/1159 809/1160
f 739/974 885/1161 822/1162 719/975
f 849/1140 872/1139 873/1163 857/1164
f 875/1165 874/1166 850/1167 858/1168
f 814/1169 881/1170 872/1139 813/1138
f 874/1166 882/1171 817/1172 816/1173
f 857/1164 873/1163 876/1174 862/1175
f 863/1176 886/1177 875/1165 858/1168
f 877/1178 868/1151 856/1126 859/1143
f 878/1154 883/1179 860/1145 861/1131
f 879/1180 881/1170 814/1169 812/1181
f 742/979 762/1002 879/1180 812/1181
f 817/1172 882/1171 880/1182 815/1183
f 880/1182 765/1008 744/983 815/1183
f 883/1179 890/1184 864/1149 860/1145
f 808/1157 870/1156 884/1185 821/1186
f 885/1161 871/1158 809/1160 822/1162
f 876/1174 889/1187 866/1188 862/1175
f 865/1189 891/1190 886/1177 863/1176
f 864/1149 890/1184 877/1178 859/1143
f 887/1191 870/1156 867/1152 868/1151
f 869/1153 871/1158 888/1192 878/1154
f 884/1185 758/967 736/966 821/1186
f 881/1170 897/1193 873/1163 872/1139
f 875/1165 898/1194 882/1171 874/1166
f 889/1187 891/1190 865/1189 866/1188
f 892/1195 887/1191 868/1151 877/1178
f 878/1154 888/1192 893/1196 883/1179
f 870/1156 887/1191 894/1197 884/1185
f 895/1198 888/1192 871/1158 885/1161
f 760/999 895/1198 885/1161 739/974
f 873/1163 897/1193 896/1199 876/1174
f 875/1165 886/1177 898/1194
f 894/1197 757/996 758/967 884/1185
f 876/1174 896/1199 889/1187
f 899/1200 898/1194 886/1177 891/1190
f 900/1201 892/1195 877/1178 890/1184
f 883/1179 893/1196 900/1201 890/1184
f 783/1029 904/1202 895/1198 760/999
f 879/1180 901/1203 897/1193 881/1170
f 762/1002 794/1055 901/1203 879/1180
f 882/1171 898/1194 902/1204 880/1182
f 902/1204 798/1057 765/1008 880/1182
f 889/1187 896/1199 899/1200 891/1190
f 887/1191 892/1195 903/1205 894/1197
f 904/1202 893/1196 888/1192 895/1198
f 903/1205 780/1025 757/996 894/1197
f 801/1059 908/1206 904/1202 783/1029
f 794/1055 793/1054 901/1203
f 798/1057 902/1204 797/1058
f 897/1193 901/1203 896/1199
f 905/1207 797/1058 902/1204 898/1194
f 898/1194 899/1200 905/1207
f 901/1203 793/1054 906/1208 896/1199
f 896/1199 906/1208 899/1200
f 907/1209 903/1205 892/1195 900/1201
f 893/1196 907/1209 900/1201
f 904/1202 908/1206 907/1209 893/1196
f 903/1205 907/1209 908/1206 780/1025
f 780/1025 908/1206 801/1059
f 909/1210 906/1208 793/1054 805/1066
f 797/1058 905/1207 909/1210 805/1066
f 906/1208 909/1210 905/1207 899/1200
f 786/1031 912/1211 910/855
f 786/1031 910/855 651/853
f 911/864 914/1212 787/1036
f 911/864 787/1036 658/861
f 834/1098 913/1213 912/1214 786/1099
f 844/1113 935/1215 913/1213 834/1098
f 914/1216 915/1217 835/1101 787/1100
f 915/1217 936/1218 846/1114 835/1101
f 646/848 917/1219 916/1220 825/1088
f 646/848 652/847 918/1221
f 646/848 918/1221 917/1219
f 919/1222 920/1223 653/856 826/1089
f 921/1224 659/857 653/856
f 921/1224 653/856 920/1223
f 825/1088 916/1220 922/1225 836/1226
f 837/1103 924/1227 923/1228 826/1104
f 826/1089 923/1229 919/1222
f 847/1116 929/1230 924/1227 837/1103
f 827/1091 926/1231 925/1232 828/1092
f 836/1090 922/1233 926/1231 827/1091
f 828/1092 928/1234 927/1235 855/1117
f 828/1092 925/1232 928/1234
f 848/1118 931/1236 929/1230 847/1116
f 930/1237 931/1236 848/1118
f 930/1237 848/1118 855/1117
f 927/1235 959/1238 930/1237 855/1117
f 845/1115 934/1239 932/1240 854/1112
f 933/1241 935/1215 844/1113 854/1112
f 854/1112 932/1240 933/1241
f 846/1114 936/1218 934/1239 845/1115
f 937/1242 922/1225 916/1220
f 937/1242 916/1220 917/1219
f 919/1222 923/1229 938/1243
f 919/1222 938/1243 920/1223
f 912/1211 939/1244 910/855
f 913/1213 948/1245 939/1246 912/1214
f 914/1212 911/864 940/1247
f 940/1248 947/1249 915/1217 914/1216
f 939/1244 961/1250 941/1251 910/855
f 942/1252 652/847 910/855
f 942/1252 910/855 941/1251
f 943/1253 962/1254 940/1247 911/864
f 911/864 659/857 944/1255
f 911/864 944/1255 943/1253
f 945/1256 967/1257 937/1242 917/1219
f 917/1219 918/1221 945/1256
f 938/1243 970/1258 946/1259 920/1223
f 920/1223 946/1259 921/1224
f 937/1260 949/1261 926/1231 922/1233
f 924/1227 956/1262 938/1263 923/1228
f 947/1249 952/1264 936/1218 915/1217
f 935/1215 950/1265 948/1245 913/1213
f 949/1261 955/1266 925/1232 926/1231
f 933/1241 951/1267 950/1265 935/1215
f 932/1240 953/1268 951/1267
f 932/1240 951/1267 933/1241
f 952/1264 954/1269 934/1239 936/1218
f 934/1239 954/1269 953/1268
f 934/1239 953/1268 932/1240
f 955/1266 957/1270 928/1234 925/1232
f 929/1230 958/1271 956/1262 924/1227
f 928/1234 957/1270 927/1235
f 931/1236 960/1272 958/1271 929/1230
f 957/1270 984/1273 959/1238 927/1235
f 930/1237 959/1238 960/1272
f 930/1237 960/1272 931/1236
f 948/1245 973/1274 961/1275 939/1246
f 962/1276 974/1277 947/1249 940/1248
f 941/1251 961/1250 963/1278
f 941/1251 963/1278 964/1279 942/1252
f 943/1253 965/1280 962/1254
f 966/1281 965/1280 943/1253 944/1255
f 968/1282 969/1283 945/1256 918/1221
f 945/1256 969/1283 967/1257
f 946/1259 972/1284 971/1285 921/1224
f 946/1259 970/1258 972/1284
f 967/1257 977/1286 949/1287 937/1242
f 956/1288 981/1289 970/1258 938/1243
f 950/1265 975/1290 973/1274 948/1245
f 974/1277 976/1291 952/1264 947/1249
f 951/1267 978/1292 975/1290 950/1265
f 976/1291 980/1293 954/1269 952/1264
f 977/1294 983/1295 955/1266 949/1261
f 953/1268 979/1296 978/1292 951/1267
f 954/1269 980/1293 979/1296 953/1268
f 958/1271 985/1297 981/1298 956/1262
f 955/1266 983/1295 982/1299 957/1270
f 957/1270 982/1299 984/1273
f 960/1272 987/1300 985/1297 958/1271
f 986/1301 987/1300 960/1272
f 986/1301 960/1272 959/1238
f 959/1238 984/1273 986/1301
f 973/1274 988/1302 963/1303 961/1275
f 965/1304 989/1305 974/1277 962/1276
f 975/1290 1004/1306 988/1302 973/1274
f 989/1305 1005/1307 976/1291 974/1277
f 990/1308 1013/1309 652/847
f 990/1308 652/847 942/1252
f 991/1310 1014/1311 990/1308 942/1252
f 942/1252 964/1279 992/1312
f 993/1313 991/1310 942/1252 992/1312
f 659/857 1015/1314 994/1315
f 659/857 994/1315 944/1255
f 994/1315 1016/1316 995/1317 944/1255
f 944/1255 996/1318 966/1281
f 944/1255 995/1317 997/1319 996/1318
f 652/847 1013/1309 998/1320
f 652/847 998/1320 918/1221
f 998/1320 1017/1321 999/1322 918/1221
f 918/1221 999/1322 1000/1323 968/1282
f 1001/1324 1015/1314 659/857
f 1001/1324 659/857 921/1224
f 1002/1325 1018/1326 1001/1324 921/1224
f 1003/1327 1002/1325 921/1224 971/1285
f 969/1283 1009/1328 977/1286 967/1257
f 981/1289 1010/1329 972/1284 970/1258
f 978/1292 1006/1330 1004/1306 975/1290
f 1005/1307 1008/1331 980/1293 976/1291
f 979/1296 1007/1332 1006/1330 978/1292
f 980/1293 1008/1331 1007/1332 979/1296
f 1009/1333 1019/1334 983/1295 977/1294
f 985/1297 1021/1335 1010/1336 981/1298
f 1011/1337 964/1279 963/1278 988/1338
f 965/1280 966/1281 1012/1339 989/1340
f 1014/1311 1055/1341 1013/1309 990/1308
f 1015/1314 1056/1342 1016/1316 994/1315
f 1013/1309 1055/1341 1017/1321 998/1320
f 1018/1326 1056/1342 1015/1314 1001/1324
f 1019/1334 1020/1343 982/1299 983/1295
f 1020/1343 1022/1344 984/1273 982/1299
f 987/1300 1023/1345 1021/1335 985/1297
f 1022/1344 1026/1346 986/1301 984/1273
f 986/1301 1026/1346 1023/1345 987/1300
f 969/1283 968/1282 1024/1347 1009/1328
f 972/1284 1010/1329 1025/1348 971/1285
f 1027/1349 1011/1350 988/1302 1004/1306
f 989/1305 1012/1351 1028/1352 1005/1307
f 1029/1353 1027/1349 1004/1306 1006/1330
f 1005/1307 1028/1352 1030/1354 1008/1331
f 1031/1355 992/1312 964/1279 1011/1337
f 966/1281 996/1318 1032/1356 1012/1339
f 1033/1357 1029/1353 1006/1330 1007/1332
f 1008/1331 1030/1354 1033/1357 1007/1332
f 1009/1358 1024/1359 1034/1360 1019/1361
f 1035/1362 1024/1347 968/1282 1000/1323
f 971/1285 1025/1348 1036/1363 1003/1327
f 1037/1364 1025/1365 1010/1366 1021/1367
f 1019/1361 1034/1360 1038/1368 1020/1369
f 1027/1370 1047/1371 1031/1372 1011/1373
f 1032/1374 1049/1375 1028/1376 1012/1377
f 1020/1369 1038/1368 1039/1378 1022/1379
f 1040/1380 1037/1364 1021/1367 1023/1381
f 1022/1379 1039/1378 1041/1382 1026/1383
f 1041/1382 1040/1380 1023/1381 1026/1383
f 992/1384 1031/1372 1042/1385 993/1386
f 1043/1387 1032/1374 996/1388 997/1389
f 993/1386 1053/1390 1014/1391 991/1392
f 1016/1393 1054/1394 997/1389 995/1395
f 1044/1396 1050/1397 1000/1398 999/1399
f 999/1399 1017/1400 1044/1396
f 1003/1401 1051/1402 1045/1403 1002/1404
f 1002/1404 1045/1403 1018/1405
f 1046/1406 1047/1371 1027/1370 1029/1407
f 1028/1376 1049/1375 1048/1408 1030/1409
f 1050/1397 1065/1410 1035/1411 1000/1398
f 1036/1412 1066/1413 1051/1402 1003/1401
f 1035/1411 1057/1414 1034/1360 1024/1359
f 1037/1364 1061/1415 1036/1412 1025/1365
f 1033/1416 1052/1417 1046/1406 1029/1407
f 1030/1409 1048/1408 1052/1417 1033/1416
f 1042/1385 1068/1418 1053/1390 993/1386
f 1054/1394 1069/1419 1043/1387 997/1389
f 1014/1391 1053/1390 1055/1420
f 1016/1393 1056/1421 1054/1394
f 1055/1420 1050/1397 1044/1396 1017/1400
f 1045/1403 1051/1402 1056/1421 1018/1405
f 1034/1360 1057/1414 1038/1368
f 1058/1422 1042/1385 1031/1372 1047/1371
f 1032/1374 1043/1387 1059/1423 1049/1375
f 1038/1368 1060/1424 1039/1378
f 1057/1414 1071/1425 1060/1424 1038/1368
f 1062/1426 1061/1415 1037/1364 1040/1380
f 1063/1427 1058/1422 1047/1371 1046/1406
f 1049/1375 1059/1423 1064/1428 1048/1408
f 1065/1410 1071/1425 1057/1414 1035/1411
f 1061/1415 1072/1429 1066/1413 1036/1412
f 1060/1424 1067/1430 1041/1382 1039/1378
f 1040/1380 1041/1382 1067/1430
f 1067/1430 1079/1431 1062/1426 1040/1380
f 1058/1422 1075/1432 1068/1418 1042/1385
f 1069/1419 1076/1433 1059/1423 1043/1387
f 1068/1418 1073/1434 1055/1420 1053/1390
f 1056/1421 1074/1435 1069/1419 1054/1394
f 1052/1417 1070/1436 1063/1427 1046/1406
f 1048/1408 1064/1428 1070/1436 1052/1417
f 1062/1426 1079/1431 1072/1429 1061/1415
f 1055/1420 1073/1434 1065/1410 1050/1397
f 1066/1413 1074/1435 1056/1421 1051/1402
f 1058/1422 1063/1427 1075/1432
f 1059/1423 1076/1433 1064/1428
f 1068/1418 1075/1432 1077/1437 1073/1434
f 1078/1438 1076/1433 1069/1419 1074/1435
f 1077/1437 1071/1425 1065/1410 1073/1434
f 1066/1413 1072/1429 1078/1438 1074/1435
f 1080/1439 1079/1431 1067/1430 1060/1424
f 1071/1425 1085/1440 1080/1439 1060/1424
f 1070/1436 1082/1441 1081/1442 1063/1427
f 1081/1442 1083/1443 1075/1432 1063/1427
f 1064/1428 1082/1441 1070/1436
f 1076/1433 1084/1444 1082/1441 1064/1428
f 1075/1432 1083/1443 1077/1437
f 1076/1433 1078/1438 1084/1444
f 1083/1443 1085/1440 1071/1425 1077/1437
f 1072/1429 1086/1445 1084/1444 1078/1438
f 1072/1429 1079/1431 1086/1445
f 1082/1441 1084/1444 1083/1443 1081/1442
f 1080/1439 1085/1440 1086/1445 1079/1431
f 1086/1445 1085/1440 1083/1443 1084/1444
