mtllib material.mtl
s 0
usemtl Material
v -0.291932 -0.653186 0.413001
v 0.418859 -0.653186 -0.362230
v 0.291932 -0.653186 0.325128
v 0.432528 -0.653186 0.022456
v 0.389568 -0.653186 0.207965
v -0.209918 -0.653186 -0.479394
v -0.098613 -0.653186 -0.551644
v -0.024409 -0.653186 -0.559455
v 0.350514 -0.653186 -0.477441
v -0.413001 -0.653186 0.247020
v -0.387616 -0.653186 0.329034
v -0.385663 -0.653186 -0.012693
v -0.278263 -0.651233 -0.405190
v 0.413001 -0.651233 -0.436434
v 0.125951 -0.651233 -0.547739
v 0.342703 -0.651233 0.293885
v 0.440339 -0.651233 -0.221634
v -0.245067 -0.649281 -0.479394
v -0.413001 -0.651233 0.116187
v 0.303649 -0.649281 -0.516495
v -0.184532 -0.649281 -0.526259
v -0.430576 -0.649281 0.276310
v -0.436434 -0.647328 0.206012
v -0.340750 -0.649281 0.399332
v -0.315365 -0.651233 0.430576
v -0.043936 -0.649281 -0.578983
v -0.284121 -0.659044 0.457914
v -0.227492 -0.655139 0.463772
v -0.006835 -0.655139 0.573124
v -0.317318 -0.655139 0.459866
v 0.387616 -0.647328 -0.485252
v 0.446197 -0.645375 -0.409096
v 0.454008 -0.645375 -0.342703
v -0.395427 -0.647328 0.358325
v -0.430576 -0.643422 0.319270
v -0.135714 -0.645375 -0.571172
v -0.090802 -0.643422 -0.588746
v -0.424717 -0.645375 0.034173
v -0.342703 -0.643422 0.440339
v 0.430576 -0.649281 0.094707
v -0.389568 -0.645375 -0.094707
v -0.311459 -0.643422 -0.389568
v 0.141572 -0.641470 -0.577030
v -0.000976 -0.641470 -0.596557
v -0.452055 -0.639517 0.145478
v 0.475488 -0.639517 -0.032220
v -0.231398 -0.639517 -0.526259
v -0.280216 -0.641470 -0.461819
v -0.114234 -0.653186 0.526259
v 0.502826 -0.627801 0.004882
v 0.504779 -0.627801 -0.108376
v 0.364183 -0.639517 -0.518448
v 0.436434 -0.637564 -0.465725
v 0.432528 -0.641470 0.165005
v -0.455961 -0.639517 0.233350
v 0.524306 -0.619990 -0.073227
v -0.176721 -0.635612 -0.571172
v 0.385663 -0.645375 0.250925
v -0.366136 -0.637564 0.414954
v 0.479394 -0.633659 -0.368088
v 0.528212 -0.616084 -0.159147
v -0.043936 -0.633659 -0.616084
v 0.264594 -0.651233 0.350514
v 0.170863 -0.653186 0.397379
v -0.352467 -0.641470 0.489157
v 0.280216 -0.635612 -0.553597
v -0.424717 -0.635612 -0.047842
v -0.268499 -0.631706 -0.510637
v 0.473535 -0.629753 -0.428623
v -0.459866 -0.635612 0.276310
v -0.454008 -0.631706 0.323176
v -0.479394 -0.627801 0.206012
v 0.403237 -0.633659 -0.508684
v 0.438386 -0.621942 -0.506732
v -0.129856 -0.629753 -0.606321
v -0.084943 -0.623895 -0.625848
v -0.416906 -0.637564 0.362230
v -0.483299 -0.623895 0.135714
v -0.457914 -0.629753 0.055653
v -0.313412 -0.629753 -0.448150
v 0.354419 -0.627801 -0.545786
v 0.147431 -0.625848 -0.606321
v 0.030267 -0.625848 -0.621942
v -0.373947 -0.629753 0.481346
v 0.332939 -0.643422 0.319270
v -0.227492 -0.625848 -0.559455
v -0.368088 -0.629753 0.440339
v -0.491110 -0.619990 0.233350
v 0.506732 -0.616084 -0.389568
v 0.553597 -0.602415 -0.112282
v 0.473535 -0.616084 -0.475488
v 0.541881 -0.608273 -0.047842
v -0.399332 -0.612179 0.520401
v 0.286074 -0.616084 -0.584841
v -0.172816 -0.616084 -0.608273
v 0.498921 -0.608273 -0.452055
v 0.403237 -0.614132 -0.541881
v -0.266547 -0.612179 -0.551644
v -0.036125 -0.614132 -0.643422
v -0.122045 -0.608273 -0.639517
v 0.122045 -0.610226 -0.631706
v -0.225540 -0.608273 -0.588746
v -0.452055 -0.619990 0.354419
v 0.016598 -0.600462 -0.657091
v 0.360277 -0.608273 -0.571172
v 0.438386 -0.600462 -0.539928
v -0.084943 -0.596557 -0.660997
v -0.395427 -0.612179 0.475488
v 0.504779 -0.586793 -0.493063
v 0.473535 -0.596557 -0.512590
v -0.385663 -0.619990 0.424717
v -0.416906 -0.625848 0.381757
v -0.157194 -0.592652 -0.643422
v -0.198201 -0.592652 -0.625848
v -0.389568 -0.610226 0.442292
v -0.444245 -0.600462 0.387616
v -0.573124 0.073227 0.102518
v -0.547739 0.075180 0.133762
v -0.541881 0.116187 0.100565
v -0.559455 0.123998 0.067369
v -0.532117 0.168911 0.057605
v -0.506732 0.161100 0.096660
v -0.508684 0.108376 0.145478
v -0.469630 0.153289 0.143525
v -0.500874 0.073227 0.196249
v -0.524306 0.038078 0.207965
v -0.366136 0.178674 0.233350
v -0.330987 0.258736 0.190391
v -0.377852 0.127903 0.266547
v -0.420812 0.071274 0.278263
v -0.383710 0.081038 0.305601
v -0.416906 0.247020 0.120092
v -0.444245 0.272405 0.067369
v -0.475488 0.258736 0.045889
v -0.352467 0.299743 0.131809
v -0.403237 0.317318 0.063464
v -0.268499 0.358325 0.161100
v -0.233350 0.405190 0.153289
v -0.450103 0.291932 0.038078
v -0.170863 0.385663 0.227492
v -0.217729 0.303649 0.256783
v -0.289979 0.262641 0.221634
v -0.155242 0.426670 0.204060
v -0.295838 0.452055 0.028314
v -0.221634 0.457914 0.102518
v -0.127903 0.457914 0.196249
v -0.330987 0.190391 0.247020
v -0.241161 0.198201 0.317318
v -0.223587 0.256783 0.284121
v -0.481346 0.010740 0.288027
v -0.516495 -0.043936 0.317318
v -0.403237 0.047842 0.319270
v -0.489157 -0.014645 0.309507
v -0.477441 0.278263 0.018551
v -0.573124 -0.008787 0.215776
v -0.590699 -0.049794 0.239209
v -0.573124 -0.090802 0.303649
v -0.598510 -0.100565 0.286074
v -0.619990 -0.024409 0.172816
v -0.629753 -0.065416 0.204060
v -0.637564 -0.084943 0.215776
v -0.303649 0.123998 0.330987
v -0.514543 -0.073227 0.348561
v -0.575077 -0.118140 0.321223
v -0.188438 0.305601 0.272405
v -0.166958 0.278263 0.323176
v -0.127903 0.315365 0.327081
v -0.151336 0.340750 0.274358
v -0.147431 0.258736 0.366136
v -0.190391 0.217729 0.350514
v -0.231398 0.176721 0.346608
v -0.274358 0.110329 0.368088
v -0.106423 0.301696 0.358325
v -0.104471 0.387616 0.291932
v -0.133762 0.368088 0.272405
v -0.190391 0.334892 0.252878
v -0.297790 0.104471 0.350514
v -0.332939 0.067369 0.354419
v -0.393474 0.022456 0.344656
v -0.442292 -0.008787 0.334892
v -0.500874 0.245067 0.024409
v -0.655139 -0.047842 0.145478
v -0.391521 0.004882 0.358325
v -0.436434 -0.043936 0.362230
v -0.178674 0.198201 0.373947
v -0.211870 0.159147 0.368088
v -0.573124 -0.137667 0.334892
v -0.219681 0.489157 0.057605
v -0.172816 0.477441 0.122045
v -0.120092 0.430576 0.245067
v -0.108376 0.440339 0.247020
v -0.122045 0.487205 0.159147
v -0.670761 -0.057605 0.131809
v -0.672713 -0.041984 0.108376
v -0.635612 -0.014645 0.129856
v -0.596557 0.063464 0.075180
v -0.657091 -0.008787 0.081038
v -0.418859 0.340750 0.004882
v -0.303649 0.071274 0.366136
v -0.252878 0.487205 0.020504
v -0.149383 0.510637 0.092754
v -0.084943 0.330987 0.346608
v -0.602415 -0.120092 0.289979
v -0.120092 0.522354 0.098613
v -0.139620 0.528212 0.073227
v -0.202107 0.512590 0.034173
v -0.506732 0.252878 -0.000976
v -0.610226 0.075180 0.022456
v -0.590699 0.098613 0.022456
v -0.621942 0.075180 -0.004882
v -0.590699 0.120092 -0.000976
v -0.557503 0.145478 0.002929
v -0.604368 0.129856 -0.030267
v -0.569219 0.168911 -0.020504
v -0.578983 0.182580 -0.055653
v -0.547739 0.219681 -0.047842
v -0.516495 0.235303 -0.032220
v -0.530164 0.206012 -0.018551
v -0.487205 0.282169 -0.043936
v -0.528212 0.258736 -0.071274
v -0.452055 0.329034 -0.063464
v -0.500874 0.309507 -0.110329
v -0.452055 0.391521 -0.172816
v -0.563361 0.223587 -0.082991
v -0.428623 0.368088 -0.104471
v -0.407143 0.442292 -0.207965
v -0.436434 0.448150 -0.254830
v -0.393474 0.493063 -0.278263
v -0.424717 0.485252 -0.313412
v -0.383710 0.524306 -0.321223
v -0.483299 0.403237 -0.264594
v -0.686382 -0.034173 0.061511
v -0.522354 0.225540 0.004882
v -0.645375 0.036125 0.004882
v -0.635612 0.075180 -0.034173
v -0.475488 0.438386 -0.329034
v -0.539928 0.313412 -0.221634
v -0.520401 0.385663 -0.327081
v -0.452055 0.319270 -0.022456
v -0.413001 0.366136 -0.024409
v -0.381757 0.377852 -0.004882
v -0.356372 0.420812 -0.016598
v -0.377852 0.418859 -0.041984
v -0.319270 0.479394 -0.041984
v -0.321223 0.489157 -0.059558
v -0.418859 0.377852 -0.059558
v -0.274358 0.526259 -0.073227
v -0.662950 0.030267 -0.028314
v -0.549692 0.161100 0.026362
v -0.575077 0.114234 0.043936
v -0.405190 0.407143 -0.110329
v -0.366136 0.498921 -0.215776
v -0.393474 0.450103 -0.178674
v -0.391521 0.471583 -0.223587
v -0.375899 0.438386 -0.110329
v -0.358325 0.454008 -0.075180
v -0.174769 0.323176 0.260689
v -0.104471 0.461819 0.198201
v -0.295838 0.524306 -0.102518
v -0.329034 0.496968 -0.104471
v -0.375899 0.536023 -0.330987
v -0.418859 0.522354 -0.413001
v -0.295838 0.461819 0.000976
v -0.610226 0.141572 -0.067369
v -0.647328 0.088849 -0.084943
v -0.629753 0.188438 -0.229445
v -0.614132 0.211871 -0.239209
v -0.627801 0.211871 -0.286074
v -0.602415 0.258736 -0.317318
v -0.659044 0.059558 -0.077133
v -0.580935 0.264594 -0.247020
v -0.557503 0.348561 -0.375899
v -0.493063 0.432528 -0.379805
v -0.424717 0.522354 -0.436434
v -0.157194 0.342703 0.245067
v -0.694193 -0.030267 0.018551
v -0.645375 0.153289 -0.217729
v -0.393474 0.549692 -0.442292
v -0.528212 0.393474 -0.393474
v -0.627801 0.225540 -0.327081
v -0.688335 -0.053700 0.081038
v -0.702004 -0.047842 0.032220
v -0.666855 0.073227 -0.125951
v -0.660997 0.137667 -0.245067
v -0.674666 0.020504 -0.053700
v -0.645375 0.186485 -0.295838
v -0.207965 0.522354 -0.008787
v -0.180627 0.532117 0.010740
v -0.120092 0.438386 0.209918
v -0.516495 0.413001 -0.424717
v -0.707862 -0.045889 -0.004882
v -0.606321 0.262641 -0.364183
v -0.678571 0.036125 -0.110329
v -0.678571 0.055653 -0.157194
v -0.688335 -0.000976 -0.069322
v -0.137667 0.405190 0.221634
v -0.198201 0.536023 -0.040031
v -0.221634 0.522354 -0.043936
v -0.239209 0.500874 -0.034173
v -0.248972 0.504779 -0.055653
v -0.266547 0.473535 -0.041984
v -0.223587 0.537975 -0.071274
v -0.272405 0.467677 -0.045889
v -0.250925 0.532117 -0.079085
v -0.370041 0.559455 -0.422765
v -0.362230 0.543834 -0.327081
v -0.280216 0.532117 -0.108376
v -0.555550 0.358325 -0.422765
v -0.245067 0.496968 -0.012693
v -0.340750 0.414954 -0.010740
v -0.297790 0.450103 -0.026362
v -0.362230 0.571172 -0.459866
v -0.526259 0.401285 -0.454008
v -0.334892 0.582888 -0.452055
v -0.332939 0.577030 -0.418859
v -0.104471 0.506732 0.135714
v -0.420812 0.526259 -0.465725
v -0.463772 0.475488 -0.455961
v -0.641470 0.202107 -0.348561
v -0.660997 0.157194 -0.317318
v -0.610226 0.258736 -0.413001
v -0.702004 -0.026362 -0.082991
v -0.692240 0.002929 -0.120092
v -0.102518 0.485252 0.170863
v -0.672713 0.108376 -0.252878
v -0.432528 0.510637 -0.487205
v -0.559455 0.350514 -0.454008
v -0.715673 -0.057605 -0.061511
v -0.479394 0.452055 -0.496968
v -0.721531 -0.077133 -0.038078
v -0.717626 -0.081038 -0.008787
v -0.641470 0.196249 -0.411048
v -0.702004 -0.075180 0.047842
v -0.655139 0.168911 -0.371994
v -0.635612 -0.110329 0.225540
v -0.403237 0.537975 -0.498921
v -0.303649 0.473535 -0.032220
v -0.684430 0.041984 -0.188438
v -0.608273 0.254830 -0.455961
v -0.520401 0.395427 -0.512590
v -0.098613 0.289979 0.368088
v -0.709815 -0.055653 -0.153289
v -0.700051 -0.026362 -0.172816
v -0.703957 -0.038078 -0.209918
v -0.723484 -0.092754 -0.168911
v -0.721531 -0.086896 -0.231398
v -0.702004 -0.014645 -0.327081
v -0.694193 0.000976 -0.243114
v -0.690288 0.036125 -0.373947
v -0.682477 0.067369 -0.305601
v -0.680524 0.082991 -0.375899
v -0.725437 -0.088849 -0.094707
v -0.430576 0.504779 -0.518448
v -0.670761 0.122045 -0.336845
v -0.563361 0.332939 -0.489157
v -0.666855 0.131809 -0.383710
v -0.637564 0.192343 -0.455961
v -0.729342 -0.114234 -0.165005
v -0.659044 0.147431 -0.416906
v -0.612179 0.235303 -0.489157
v -0.717626 -0.106423 -0.000976
v -0.700051 -0.102518 0.049794
v -0.582888 0.280216 -0.520401
v -0.467677 0.448150 -0.549692
v -0.680524 0.077133 -0.409096
v -0.709815 -0.049794 -0.332939
v -0.729342 -0.110329 -0.090802
v -0.727390 -0.110329 -0.055653
v -0.627801 -0.135714 0.241161
v -0.698099 -0.127903 0.049794
v -0.090802 0.416906 0.270452
v -0.393474 0.528212 -0.551644
v -0.514543 0.383710 -0.555550
v -0.555550 0.325128 -0.530164
v -0.647328 0.151336 -0.477441
v -0.627801 0.190391 -0.500874
v -0.664902 0.108376 -0.450103
v -0.422765 0.496968 -0.555550
v -0.692240 0.008787 -0.411048
v -0.471583 0.416906 -0.600462
v -0.440339 0.457914 -0.594604
v -0.678571 0.065416 -0.438386
v -0.532117 0.340750 -0.573124
v -0.600462 0.231398 -0.534070
v -0.725437 -0.116187 -0.233350
v -0.713720 -0.079085 -0.332939
v -0.705910 -0.049794 -0.371994
v -0.659044 0.100565 -0.489157
v -0.561408 0.284121 -0.575077
v -0.401285 0.491110 -0.612179
v -0.637564 0.147431 -0.518448
v -0.614132 0.180627 -0.553597
v -0.498921 0.366136 -0.612179
v -0.584841 0.223587 -0.582888
v -0.592652 -0.153289 0.299743
v -0.524306 0.313412 -0.621942
v -0.428623 0.436434 -0.643422
v -0.553597 0.256783 -0.618037
v -0.463772 0.383710 -0.653186
v -0.373947 0.473535 -0.678571
v -0.491110 0.330987 -0.662950
v -0.588746 0.180627 -0.608273
v -0.422765 0.407143 -0.686382
v -0.553597 0.215776 -0.649281
v -0.514543 0.276310 -0.670761
v -0.092754 0.446197 0.233350
v -0.454008 0.348561 -0.698099
v -0.364183 0.448150 -0.713720
v -0.473535 0.297790 -0.709815
v -0.395427 0.391521 -0.729342
v -0.434481 0.327081 -0.735200
v -0.348561 0.416906 -0.754728
v -0.317318 0.477441 -0.731295
v -0.389568 0.344656 -0.766444
v -0.694193 -0.192343 -0.340750
v -0.713720 -0.143525 -0.311459
v -0.702004 -0.149383 -0.360277
v -0.705910 -0.194296 -0.272405
v -0.678571 -0.247020 -0.325128
v -0.723484 -0.151336 -0.227492
v -0.723484 -0.174769 -0.178674
v -0.688335 -0.250925 -0.245067
v -0.672713 -0.303649 -0.194296
v -0.674666 -0.311459 -0.129856
v -0.664902 -0.334892 -0.141572
v -0.664902 -0.299743 -0.256783
v -0.653186 -0.330987 -0.233350
v -0.639517 -0.321223 -0.334892
v -0.660997 -0.231398 -0.416906
v -0.641470 -0.289979 -0.391521
v -0.676619 -0.170863 -0.428623
v -0.616084 -0.329034 -0.409096
v -0.618037 -0.297790 -0.452055
v -0.647328 -0.211870 -0.475488
v -0.614132 -0.264594 -0.500874
v -0.618037 -0.350514 -0.346608
v -0.639517 -0.350514 -0.243114
v -0.688335 -0.125951 -0.426670
v -0.662950 -0.340750 -0.081038
v -0.655139 -0.354419 -0.106423
v -0.590699 -0.360277 -0.422765
v -0.580935 -0.348561 -0.467677
v -0.586793 -0.315365 -0.502826
v -0.655139 -0.153289 -0.498921
v -0.582888 -0.379805 -0.397379
v -0.625848 -0.200154 -0.530164
v -0.590699 -0.262641 -0.549692
v -0.707862 -0.108376 -0.364183
v -0.616084 -0.161100 -0.575077
v -0.588746 -0.213823 -0.588746
v -0.666855 -0.098613 -0.496968
v -0.592652 -0.381757 -0.350514
v -0.561408 -0.334892 -0.526259
v -0.539928 -0.377852 -0.506732
v -0.553597 -0.299743 -0.575077
v -0.545786 -0.391521 -0.469630
v -0.557503 -0.247020 -0.616084
v -0.633659 -0.116187 -0.561408
v -0.645375 -0.067369 -0.555550
v -0.692240 -0.082991 -0.432528
v -0.524306 -0.289979 -0.627801
v -0.577030 -0.176721 -0.627801
v -0.530164 -0.352467 -0.555550
v -0.598510 -0.118140 -0.621942
v -0.563361 -0.143525 -0.664902
v -0.705910 -0.077133 -0.381757
v -0.668808 -0.043936 -0.504779
v -0.719579 -0.120092 -0.288027
v -0.608273 -0.071274 -0.619990
v -0.729342 -0.141572 -0.166958
v -0.694193 -0.049794 -0.432528
v -0.725437 -0.161100 -0.127903
v -0.664902 -0.330987 -0.045889
v -0.731295 -0.129856 -0.125951
v -0.721531 -0.161100 -0.065416
v -0.729342 -0.135714 -0.088849
v -0.649281 -0.360277 -0.028314
v -0.672713 -0.000976 -0.495015
v -0.645375 -0.002929 -0.561408
v -0.537975 -0.202107 -0.666855
v -0.575077 -0.079085 -0.668808
v -0.619990 -0.026362 -0.606321
v -0.545786 -0.104471 -0.702004
v -0.588746 -0.022456 -0.659044
v -0.514543 -0.247020 -0.670761
v -0.506732 -0.327081 -0.614132
v -0.520401 -0.172816 -0.703957
v -0.618037 0.026362 -0.612179
v -0.553597 -0.038078 -0.707862
v -0.498921 -0.389568 -0.555550
v -0.537975 -0.411048 -0.442292
v -0.479394 -0.366136 -0.608273
v -0.549692 -0.416906 -0.393474
v -0.584841 0.034173 -0.664902
v -0.555550 0.022456 -0.705910
v -0.641470 0.059558 -0.557503
v -0.662950 0.051747 -0.506732
v -0.692240 -0.020504 -0.428623
v -0.676619 0.034173 -0.469630
v -0.518448 -0.071274 -0.741059
v -0.483299 -0.231398 -0.711768
v -0.496968 -0.149383 -0.737153
v -0.479394 -0.114234 -0.766444
v -0.487205 -0.291932 -0.666855
v -0.461819 -0.332939 -0.660997
v -0.493063 -0.420812 -0.514543
v -0.465725 -0.424717 -0.555550
v -0.444245 -0.481346 -0.491110
v -0.426670 -0.475488 -0.534070
v -0.413001 -0.520401 -0.473535
v -0.393474 -0.518448 -0.512590
v -0.454008 -0.493063 -0.444245
v -0.379805 -0.561408 -0.467677
v -0.350514 -0.571172 -0.506732
v -0.416906 -0.541881 -0.426670
v -0.463772 -0.508684 -0.370041
v -0.346608 -0.539928 -0.553597
v -0.368088 -0.508684 -0.563361
v -0.373947 -0.588746 -0.422765
v -0.342703 -0.602415 -0.461819
v -0.317318 -0.578983 -0.543834
v -0.426670 -0.567266 -0.315365
v -0.491110 -0.504779 -0.276310
v -0.463772 -0.549692 -0.247020
v -0.537975 -0.450103 -0.262641
v -0.532117 -0.475488 -0.219681
v -0.489157 -0.522354 -0.248972
v -0.565313 -0.426670 -0.207965
v -0.539928 -0.504779 -0.116187
v -0.514543 -0.536023 -0.133762
v -0.584841 -0.405190 -0.165005
v -0.590699 -0.411048 -0.110329
v -0.539928 -0.518448 -0.065416
v -0.586793 -0.389568 -0.225540
v -0.516495 -0.553597 -0.067369
v -0.498921 -0.575077 -0.075180
v -0.532117 -0.442292 -0.327081
v -0.495015 -0.467677 -0.397379
v -0.555550 -0.495015 -0.032220
v -0.526259 -0.555550 0.010740
v -0.604368 -0.391521 -0.114234
v -0.541881 -0.530164 0.038078
v -0.537975 -0.553597 0.088849
v -0.553597 -0.516495 0.090802
v -0.569219 -0.471583 0.057605
v -0.522354 -0.577030 0.088849
v -0.536023 -0.567266 0.151336
v -0.549692 -0.537975 0.145478
v -0.573124 -0.477441 0.133762
v -0.588746 -0.428623 -0.016598
v -0.602415 -0.411048 -0.010740
v -0.522354 -0.586793 0.155242
v -0.500874 -0.586793 0.006835
v -0.483299 -0.578983 -0.114234
v -0.543834 -0.553597 0.194296
v -0.506732 -0.600462 0.110329
v -0.582888 -0.442292 0.104471
v -0.594604 -0.420812 0.065416
v -0.610226 -0.401285 0.047842
v -0.561408 -0.510637 0.186485
v -0.526259 -0.582888 0.204060
v -0.479394 -0.602415 -0.040031
v -0.483299 -0.610226 0.030267
v -0.639517 -0.373947 -0.049794
v -0.428623 -0.584841 -0.247020
v -0.506732 -0.606321 0.178674
v -0.598510 -0.407143 0.102518
v -0.614132 -0.397379 -0.020504
v -0.608273 -0.377852 -0.168911
v -0.551644 -0.530164 0.225540
v -0.534070 -0.563361 0.243114
v -0.327081 -0.598510 -0.498921
v -0.514543 -0.590699 0.266547
v -0.561408 -0.411048 -0.348561
v -0.596557 -0.383710 -0.297790
v -0.504779 -0.606321 0.247020
v -0.397379 -0.596557 -0.305601
v -0.586793 -0.424717 0.139620
v -0.578983 -0.450103 0.141572
v -0.621942 -0.381757 0.055653
v -0.565313 -0.491110 0.225540
v -0.571172 -0.475488 0.184532
v -0.641470 -0.366136 -0.120092
v -0.635612 -0.356372 -0.213823
v -0.455961 -0.602415 -0.114234
v -0.391521 -0.616084 -0.247020
v -0.342703 -0.619990 -0.403237
v -0.301696 -0.621942 -0.487205
v -0.403237 -0.471583 -0.567266
v -0.651233 -0.346608 -0.000976
v -0.297790 -0.608273 -0.524306
v -0.442292 -0.405190 -0.606321
v -0.305601 -0.549692 -0.588746
v -0.432528 -0.623895 -0.094707
v -0.454008 -0.621942 -0.032220
v -0.332939 -0.516495 -0.592652
v -0.618037 -0.370041 -0.207965
v -0.537975 -0.539928 0.272405
v -0.618037 -0.373947 0.088849
v -0.586793 -0.405190 0.168911
v -0.577030 -0.436434 0.180627
v -0.512590 -0.575077 0.305601
v -0.496968 -0.600462 0.303649
v -0.618037 -0.352467 0.127903
v -0.635612 -0.342703 0.071274
v -0.426670 -0.371994 -0.659044
v -0.397379 -0.413001 -0.645375
v -0.356372 -0.479394 -0.606321
v -0.366136 -0.633659 -0.237256
v -0.479394 -0.621942 0.286074
v -0.288027 -0.580935 -0.571172
v -0.301696 -0.514543 -0.623895
v -0.319270 -0.469630 -0.649281
v -0.477441 -0.612179 0.327081
v -0.254830 -0.586793 -0.594604
v -0.266547 -0.553597 -0.618037
v -0.448150 -0.276310 -0.713720
v -0.403237 -0.332939 -0.711768
v -0.719579 -0.135714 -0.028314
v -0.344656 -0.387616 -0.711768
v -0.385663 -0.289979 -0.756680
v -0.454008 -0.202107 -0.752775
v -0.416906 -0.235303 -0.764491
v -0.571172 -0.405190 0.219681
v -0.510637 -0.561408 0.327081
v -0.551644 -0.495015 0.268499
v -0.487205 -0.584841 0.348561
v -0.272405 -0.461819 -0.690288
v -0.270452 -0.491110 -0.664902
v -0.567266 -0.450103 0.221634
v -0.243114 -0.522354 -0.657091
v -0.221634 -0.565313 -0.637564
v -0.434481 -0.155242 -0.787924
v -0.336845 -0.330987 -0.758633
v -0.514543 -0.537975 0.334892
v -0.204060 -0.530164 -0.674666
v -0.225540 -0.483299 -0.696146
v -0.286074 -0.379805 -0.752775
v -0.393474 -0.192343 -0.799640
v -0.366136 -0.243114 -0.793782
v -0.469630 -0.598510 0.360277
v -0.487205 -0.034173 -0.776208
v -0.172816 -0.565313 -0.662950
v -0.518448 0.008787 -0.748869
v -0.559455 -0.473535 0.252878
v -0.588746 0.082991 -0.651233
v -0.553597 0.082991 -0.703957
v -0.614132 0.084943 -0.604368
v -0.446197 -0.081038 -0.799640
v -0.563361 -0.366136 0.260689
v -0.555550 -0.403237 0.262641
v -0.643422 0.102518 -0.534070
v -0.621942 0.129856 -0.573124
v -0.594604 0.129856 -0.625848
v -0.536023 0.057605 -0.725437
v -0.510637 0.082991 -0.752775
v -0.403237 -0.116187 -0.819168
v -0.559455 0.123998 -0.684430
v -0.551644 -0.430576 0.272405
v -0.543834 -0.366136 0.301696
v -0.485252 0.040031 -0.778160
v -0.526259 0.125951 -0.727390
v -0.537975 -0.442292 0.305601
v -0.553597 -0.323176 0.295838
v -0.498921 -0.545786 0.356372
v -0.563361 0.166958 -0.660997
v -0.455961 -0.004882 -0.801593
v -0.448150 0.065416 -0.807451
v -0.475488 0.106423 -0.780113
v -0.530164 0.170863 -0.707862
v -0.526259 -0.475488 0.323176
v -0.508684 -0.510637 0.350514
v -0.506732 -0.495015 0.360277
v -0.522354 -0.459866 0.352467
v -0.510637 -0.483299 0.373947
v -0.526259 -0.465725 0.391521
v -0.537975 -0.413001 0.346608
v -0.553597 -0.362230 0.364183
v -0.514543 -0.481346 0.403237
v -0.530164 -0.440339 0.327081
v -0.496968 -0.495015 0.381757
v -0.520401 -0.459866 0.413001
v -0.489157 -0.514543 0.371994
v -0.493063 -0.471583 0.444245
v -0.485252 -0.450103 0.477441
v -0.471583 -0.487205 0.483299
v -0.475488 -0.491110 0.448150
v -0.457914 -0.516495 0.475488
v -0.436434 -0.563361 0.514543
v -0.422765 -0.586793 0.500874
v -0.416906 -0.586793 0.473535
v -0.444245 -0.524306 0.436434
v -0.416906 -0.567266 0.438386
v -0.446197 -0.512590 0.407143
v -0.420812 -0.586793 0.532117
v -0.434481 -0.555550 0.536023
v -0.413001 -0.578983 0.567266
v -0.403237 -0.596557 0.426670
v -0.403237 -0.598510 0.563361
v -0.418859 -0.577030 0.422765
v -0.487205 -0.487205 0.426670
v -0.375899 -0.555550 0.659044
v -0.364183 -0.563361 0.672713
v -0.350514 -0.528212 0.725437
v -0.327081 -0.536023 0.754728
v -0.327081 -0.498921 0.782066
v -0.573124 -0.174769 0.323176
v -0.539928 -0.329034 0.315365
v -0.473535 -0.573124 0.373947
v -0.524306 0.217729 -0.692240
v -0.491110 0.145478 -0.758633
v -0.502826 0.188438 -0.733248
v -0.491110 0.247020 -0.719579
v -0.471583 0.206012 -0.758633
v -0.452055 0.166958 -0.787924
v -0.471583 -0.545786 0.381757
v -0.454008 0.262641 -0.750822
v -0.432528 0.231398 -0.784018
v -0.420812 0.282169 -0.772302
v 0.106423 -0.139620 -0.910946
v 0.077133 -0.047842 -0.932425
v 0.108376 -0.077133 -0.920709
v 0.051747 -0.086896 -0.928520
v 0.112282 -0.180627 -0.903135
v 0.049794 -0.020504 -0.940236
v 0.012693 -0.036125 -0.942189
v 0.010740 -0.116187 -0.926567
v 0.137667 -0.166958 -0.903135
v -0.028314 -0.067369 -0.938284
v 0.221634 -0.194296 -0.891418
v 0.202107 -0.217729 -0.887513
v 0.254830 -0.215776 -0.879702
v 0.288027 -0.200154 -0.875796
v 0.020504 0.049794 -0.948047
v 0.248972 -0.174769 -0.887513
v 0.082991 0.180627 -0.948047
v 0.108376 0.170863 -0.942189
v 0.301696 -0.172816 -0.873844
v 0.131809 -0.129856 -0.905087
v 0.159147 -0.151336 -0.899229
v 0.045889 0.168911 -0.950000
v -0.036125 -0.002929 -0.946095
v 0.137667 0.165005 -0.932425
v -0.008787 0.081038 -0.950000
v 0.340750 -0.182580 -0.860175
v 0.327081 -0.213823 -0.860175
v 0.106423 0.215776 -0.940236
v 0.141572 0.215776 -0.930473
v 0.159147 -0.098613 -0.893371
v 0.356372 -0.120092 -0.852364
v 0.069322 0.213823 -0.946095
v 0.385663 -0.200154 -0.838695
v 0.397379 -0.131809 -0.836742
v 0.395427 -0.174769 -0.836742
v 0.286074 -0.233350 -0.866033
v 0.168911 0.182580 -0.918756
v 0.125951 0.247020 -0.930473
v 0.391521 -0.223587 -0.830884
v 0.133762 -0.075180 -0.908993
v 0.028314 0.198201 -0.948047
v 0.194296 -0.041984 -0.875796
v -0.053700 0.063464 -0.948047
v 0.241161 -0.245067 -0.871891
v 0.184532 0.245067 -0.908993
v 0.448150 -0.133762 -0.811357
v 0.416906 -0.071274 -0.821120
v 0.393474 -0.043936 -0.826978
v 0.264594 0.043936 -0.850411
v 0.207965 0.010740 -0.869938
v 0.247020 0.081038 -0.854317
v 0.284121 0.088849 -0.836742
v 0.284121 0.123998 -0.834789
v 0.323176 0.063464 -0.825026
v 0.163052 0.262641 -0.914851
v 0.457914 -0.088849 -0.803546
v 0.477441 -0.166958 -0.793782
v 0.323176 0.108376 -0.815262
v 0.399332 -0.004882 -0.817215
v 0.457914 -0.043936 -0.797688
v 0.165005 -0.049794 -0.893371
v 0.192343 0.084943 -0.893371
v 0.151336 0.288027 -0.912898
v 0.495015 -0.127903 -0.784018
v 0.092754 0.248972 -0.936331
v 0.475488 -0.202107 -0.787924
v 0.213823 0.233350 -0.891418
v 0.360277 0.088849 -0.801593
v 0.215776 0.196249 -0.889466
v 0.270452 0.229445 -0.856269
v 0.276310 0.155242 -0.844553
v 0.459866 -0.004882 -0.787924
v 0.498921 -0.086896 -0.778160
v 0.504779 -0.049794 -0.770349
v 0.254830 0.289979 -0.862127
v 0.235303 0.315365 -0.867986
v 0.215776 0.332939 -0.871891
v 0.543834 -0.176721 -0.750822
v 0.539928 -0.127903 -0.754728
v 0.288027 0.272405 -0.840647
v 0.348561 0.155242 -0.791829
v 0.549692 -0.100565 -0.744964
v 0.411048 0.036125 -0.799640
v 0.563361 -0.227492 -0.727390
v 0.118140 0.280216 -0.922662
v 0.325128 0.245067 -0.815262
v 0.352467 0.186485 -0.785971
v 0.580935 -0.161100 -0.723484
v 0.584841 -0.122045 -0.717626
v 0.370041 0.133762 -0.778160
v 0.291932 0.317318 -0.830884
v 0.272405 0.344656 -0.836742
v 0.588746 -0.206012 -0.713720
v 0.483299 -0.233350 -0.774255
v 0.196249 0.348561 -0.873844
v 0.250925 0.368088 -0.840647
v 0.510637 -0.014645 -0.756680
v 0.329034 0.289979 -0.805498
v 0.385663 0.114234 -0.776208
v 0.422765 0.069322 -0.778160
v 0.225540 0.387616 -0.844553
v 0.557503 -0.065416 -0.731295
v 0.465725 0.036125 -0.768397
v 0.330987 -0.241161 -0.848458
v 0.047842 0.237256 -0.942189
v 0.403237 0.155242 -0.744964
v 0.397379 0.180627 -0.744964
v 0.358325 0.243114 -0.782066
v 0.069322 0.270452 -0.932425
v 0.145478 0.332939 -0.895324
v 0.602415 -0.245067 -0.692240
v 0.565313 -0.034173 -0.715673
v 0.616084 -0.157194 -0.690288
v 0.618037 -0.206012 -0.686382
v 0.580935 -0.270452 -0.700051
v 0.319270 0.334892 -0.801593
v 0.297790 0.370041 -0.807451
v 0.274358 0.391521 -0.815262
v 0.416906 0.131809 -0.744964
v 0.602415 -0.098613 -0.696146
v 0.383710 0.254830 -0.754728
v 0.338798 0.356372 -0.776208
v 0.516495 0.022456 -0.735200
v 0.446197 0.079085 -0.758633
v 0.188438 0.377852 -0.862127
v 0.362230 0.305601 -0.768397
v 0.090802 0.305601 -0.916804
v 0.559455 -0.291932 -0.703957
v 0.250925 0.418859 -0.813309
v -0.036125 0.125951 -0.948047
v 0.631706 -0.133762 -0.668808
v 0.647328 -0.188438 -0.653186
v 0.655139 -0.145478 -0.639517
v 0.481346 0.075180 -0.733248
v 0.600462 -0.057605 -0.684430
v 0.635612 -0.258736 -0.653186
v 0.649281 -0.225540 -0.647328
v 0.569219 -0.002929 -0.696146
v 0.311459 0.397379 -0.780113
v 0.153289 0.381757 -0.867986
v 0.110329 0.348561 -0.893371
v 0.428623 0.172816 -0.709815
v 0.616084 -0.288027 -0.660997
v 0.440339 0.147431 -0.713720
v 0.401285 0.268499 -0.729342
v 0.381757 0.315365 -0.741059
v 0.286074 0.418859 -0.787924
v 0.532117 0.045889 -0.705910
v 0.196249 0.409096 -0.840647
v 0.418859 0.198201 -0.711768
v 0.633659 -0.082991 -0.651233
v 0.672713 -0.225540 -0.616084
v -0.040031 0.180627 -0.944142
v -0.079085 0.016598 -0.944142
v -0.096660 0.084943 -0.944142
v -0.094707 0.139620 -0.940236
v 0.286074 -0.260689 -0.852364
v 0.672713 -0.188438 -0.618037
v 0.379805 -0.247020 -0.823073
v 0.356372 -0.270452 -0.823073
v 0.541881 -0.313412 -0.702004
v 0.438386 -0.313412 -0.750822
v 0.592652 -0.315365 -0.664902
v -0.061511 -0.127903 -0.922662
v -0.028314 -0.159147 -0.914851
v 0.079085 -0.202107 -0.897276
v -0.079085 -0.067369 -0.934378
v -0.112282 -0.032220 -0.936331
v -0.024409 0.223587 -0.938284
v -0.028314 0.274358 -0.926567
v -0.010740 0.305601 -0.916804
v 0.014645 0.332939 -0.905087
v -0.123998 0.036125 -0.938284
v 0.188438 -0.243114 -0.877749
v -0.051747 -0.213823 -0.895324
v 0.075180 -0.243114 -0.881655
v -0.084943 -0.184532 -0.905087
v -0.084943 0.252878 -0.924615
v -0.086896 0.200154 -0.934378
v -0.135714 0.151336 -0.932425
v -0.110329 -0.131809 -0.916804
v -0.032220 -0.266547 -0.873844
v -0.147431 -0.090802 -0.920709
v -0.151336 0.094707 -0.932425
v -0.163052 -0.012693 -0.928520
v -0.196249 -0.059558 -0.914851
v 0.077133 -0.293885 -0.858222
v 0.518448 -0.336845 -0.698099
v 0.034173 0.368088 -0.887513
v -0.032220 0.420812 -0.862127
v -0.192343 0.053700 -0.924615
v -0.081038 -0.272405 -0.869938
v -0.112282 -0.235303 -0.883607
v 0.202107 -0.299743 -0.846506
v 0.155242 -0.299743 -0.850411
v 0.243114 -0.301696 -0.836742
v -0.040031 -0.327081 -0.844553
v -0.139620 -0.192343 -0.895324
v -0.165005 -0.143525 -0.905087
v 0.569219 -0.340750 -0.664902
v 0.075180 -0.336845 -0.834789
v 0.286074 -0.307554 -0.821120
v 0.321223 -0.284121 -0.825026
v -0.139620 0.227492 -0.918756
v -0.176721 0.192343 -0.916804
v -0.096660 0.311459 -0.905087
v -0.051747 0.379805 -0.881655
v -0.000976 0.438386 -0.852364
v 0.065416 0.403237 -0.866033
v -0.192343 0.127903 -0.920709
v -0.071274 0.342703 -0.895324
v -0.211870 -0.118140 -0.901182
v 0.141572 -0.420812 -0.778160
v -0.133762 -0.282169 -0.860175
v -0.092754 -0.325128 -0.842600
v 0.192343 -0.420812 -0.766444
v 0.149383 -0.528212 -0.702004
v 0.198201 -0.553597 -0.672713
v 0.254830 -0.532117 -0.674666
v 0.243114 -0.413001 -0.758633
v 0.289979 -0.500874 -0.682477
v 0.370041 -0.565313 -0.608273
v 0.280216 -0.418859 -0.743011
v 0.317318 -0.459866 -0.696146
v 0.403237 -0.545786 -0.610226
v 0.424717 -0.512590 -0.621942
v 0.354419 -0.428623 -0.702004
v 0.336845 -0.403237 -0.725437
v 0.395427 -0.416906 -0.694193
v 0.407143 -0.387616 -0.703957
v 0.500874 -0.426670 -0.631706
v 0.455961 -0.502826 -0.610226
v 0.481346 -0.457914 -0.621942
v 0.440339 -0.551644 -0.588746
v 0.504779 -0.465725 -0.600462
v 0.469630 -0.537975 -0.577030
v 0.508684 -0.399332 -0.647328
v 0.319270 -0.329034 -0.789877
v 0.405190 -0.362230 -0.723484
v 0.416906 -0.340750 -0.735200
v 0.528212 -0.379805 -0.657091
v 0.082991 -0.416906 -0.784018
v -0.014645 -0.401285 -0.799640
v -0.010740 -0.518448 -0.725437
v 0.071274 -0.549692 -0.696146
v 0.284121 -0.577030 -0.629753
v 0.532117 -0.434481 -0.602415
v 0.547739 -0.411048 -0.612179
v 0.559455 -0.370041 -0.647328
v 0.403237 -0.586793 -0.577030
v -0.067369 -0.399332 -0.799640
v -0.049794 -0.493063 -0.741059
v -0.200154 -0.188438 -0.883607
v -0.168911 -0.252878 -0.866033
v -0.209918 -0.248972 -0.858222
v 0.330987 -0.594604 -0.598510
v -0.047842 -0.549692 -0.703957
v -0.141572 -0.327081 -0.834789
v -0.008787 -0.565313 -0.690288
v -0.112282 -0.395427 -0.797688
v 0.598510 -0.354419 -0.629753
v 0.627801 -0.323176 -0.625848
v 0.496968 -0.534070 -0.555550
v 0.534070 -0.471583 -0.569219
v -0.227492 -0.006835 -0.910946
v -0.086896 -0.520401 -0.719579
v -0.084943 -0.561408 -0.692240
v -0.090802 -0.471583 -0.748869
v -0.237256 -0.204060 -0.867986
v -0.252878 -0.143525 -0.881655
v 0.116187 -0.582888 -0.660997
v -0.188438 -0.303649 -0.836742
v -0.250925 -0.075180 -0.895324
v -0.163052 -0.373947 -0.801593
v -0.045889 -0.586793 -0.672713
v -0.139620 -0.448150 -0.756680
v 0.444245 -0.577030 -0.561408
v -0.299743 -0.028314 -0.883607
v 0.227492 -0.594604 -0.625848
v -0.131809 -0.541881 -0.696146
v -0.143525 -0.489157 -0.725437
v -0.227492 -0.334892 -0.807451
v -0.247020 0.100565 -0.905087
v -0.268499 -0.233350 -0.844553
v -0.264594 0.040031 -0.899229
v -0.321223 0.030267 -0.877749
v -0.293885 -0.168911 -0.858222
v -0.309507 -0.102518 -0.867986
v -0.252878 -0.282169 -0.826978
v -0.239209 0.157194 -0.903135
v 0.479394 -0.571172 -0.537975
v 0.580935 -0.383710 -0.616084
v 0.649281 -0.299743 -0.616084
v 0.520401 -0.549692 -0.518448
v 0.555550 -0.442292 -0.571172
v -0.165005 -0.534070 -0.690288
v -0.196249 -0.393474 -0.778160
v -0.190391 -0.485252 -0.711768
v -0.237256 -0.391521 -0.764491
v -0.329034 -0.211870 -0.826978
v -0.358325 -0.081038 -0.850411
v 0.666855 -0.268499 -0.610226
v -0.358325 -0.149383 -0.834789
v -0.307554 0.096660 -0.881655
v -0.293885 0.151336 -0.881655
v -0.137667 0.282169 -0.905087
v -0.125951 -0.577030 -0.668808
v -0.198201 0.252878 -0.897276
v -0.231398 0.207965 -0.895324
v -0.317318 -0.272405 -0.803546
v -0.284121 -0.317318 -0.793782
v -0.366136 -0.016598 -0.854317
v 0.575077 -0.420812 -0.575077
v 0.625848 -0.354419 -0.598510
v -0.409096 -0.061511 -0.826978
v -0.366136 0.049794 -0.856269
v -0.207965 0.301696 -0.879702
v -0.289979 0.204060 -0.873844
v 0.606321 -0.385663 -0.586793
v -0.348561 0.118140 -0.860175
v -0.342703 0.172816 -0.856269
v -0.418859 0.012693 -0.826978
v -0.120092 0.371994 -0.875796
v -0.151336 0.336845 -0.881655
v -0.161100 0.391521 -0.858222
v -0.202107 0.356372 -0.860175
v -0.260689 0.272405 -0.867986
v -0.090802 0.418859 -0.858222
v -0.401285 0.082991 -0.834789
v -0.143525 0.446197 -0.836742
v -0.383710 0.139620 -0.838695
v -0.317318 0.260689 -0.846506
v -0.360277 0.217729 -0.836742
v -0.200154 0.409096 -0.838695
v -0.295838 0.311459 -0.840647
v -0.247020 0.336845 -0.850411
v -0.090802 0.475488 -0.826978
v -0.252878 0.387616 -0.828931
v -0.047842 0.487205 -0.823073
v 0.102518 0.426670 -0.846506
v 0.016598 0.465725 -0.832837
v -0.430576 0.133762 -0.811357
v -0.348561 0.274358 -0.826978
v -0.407143 0.192343 -0.815262
v -0.315365 0.344656 -0.817215
v 0.041984 0.489157 -0.813309
v -0.141572 0.489157 -0.811357
v -0.190391 0.469630 -0.809404
v -0.239209 0.438386 -0.809404
v -0.022456 0.514543 -0.801593
v -0.084943 0.514543 -0.801593
v 0.221634 0.436434 -0.811357
v 0.131809 0.450103 -0.821120
v -0.125951 0.520401 -0.791829
v -0.389568 0.258736 -0.805498
v -0.286074 0.405190 -0.803546
v -0.364183 0.319270 -0.797688
v -0.327081 0.391521 -0.785971
v -0.166958 0.512590 -0.785971
v -0.227492 0.489157 -0.780113
v 0.270452 0.446197 -0.776208
v 0.508684 0.090802 -0.694193
v -0.270452 0.450103 -0.784018
v 0.346608 0.385663 -0.746917
v 0.436434 0.209918 -0.680524
v 0.446197 0.184532 -0.674666
v 0.301696 0.440339 -0.754728
v 0.371994 0.348561 -0.735200
v 0.414954 0.284121 -0.702004
v 0.323176 0.424717 -0.744964
v -0.291932 0.467677 -0.758633
v -0.090802 -0.487205 0.819168
v -0.069322 -0.471583 0.826978
v -0.135714 -0.471583 0.826978
v -0.143525 -0.446197 0.842600
v -0.024409 -0.526259 0.793782
v -0.215776 -0.436434 0.844553
v -0.182580 -0.393474 0.873844
v -0.196249 -0.477441 0.817215
v -0.248972 -0.444245 0.838695
v -0.252878 -0.491110 0.807451
v -0.301696 -0.454008 0.832837
v -0.270452 -0.514543 0.791829
v -0.219681 -0.364183 0.887513
v -0.284121 -0.391521 0.867986
v -0.243114 -0.338798 0.897276
v -0.286074 -0.364183 0.881655
v 0.002929 -0.508684 0.809404
v -0.129856 -0.368088 0.899229
v -0.147431 -0.319270 0.926567
v -0.053700 -0.407143 0.879702
v -0.063464 -0.422765 0.867986
v -0.114234 -0.416906 0.867986
v -0.041984 -0.450103 0.850411
v 0.040031 -0.440339 0.869938
v 0.030267 -0.455961 0.860175
v 0.049794 -0.426670 0.877749
v 0.010740 -0.469630 0.846506
v 0.065416 -0.479394 0.852364
v 0.102518 -0.477441 0.858222
v 0.096660 -0.495015 0.846506
v -0.305601 -0.516495 0.784018
v -0.237256 -0.539928 0.782066
v 0.110329 -0.450103 0.866033
v -0.221634 -0.516495 0.801593
v -0.131809 -0.303649 0.934378
v 0.073227 -0.502826 0.834789
v -0.293885 -0.541881 0.766444
v -0.209918 -0.559455 0.772302
v -0.184532 -0.545786 0.795735
v -0.170863 -0.522354 0.809404
v 0.071274 -0.364183 0.901182
v -0.190391 -0.502826 0.809404
v 0.118140 -0.487205 0.848458
v -0.116187 -0.493063 0.823073
v -0.313412 -0.481346 0.807451
v -0.065416 -0.516495 0.803546
v -0.059558 -0.547739 0.787924
v 0.030267 -0.508684 0.813309
v -0.006835 -0.534070 0.782066
v -0.215776 -0.323176 0.908993
v -0.147431 -0.297790 0.932425
v -0.108376 -0.274358 0.942189
v -0.137667 -0.565313 0.797688
v -0.141572 -0.541881 0.813309
v -0.116187 -0.551644 0.811357
v -0.118140 -0.522354 0.825026
v -0.106423 -0.575077 0.791829
v -0.096660 -0.524306 0.821120
v -0.096660 -0.555550 0.805498
v 0.153289 -0.381757 0.881655
v -0.075180 -0.254830 0.944142
v 0.049794 -0.284121 0.924615
v -0.301696 -0.383710 0.864080
v -0.270452 -0.336845 0.891418
v 0.125951 -0.461819 0.858222
v 0.178674 -0.373947 0.875797
v 0.094707 -0.317318 0.908993
v 0.170863 -0.344656 0.891418
v 0.141572 -0.272405 0.918756
v 0.084943 -0.243114 0.930473
v -0.012693 -0.223587 0.942189
v 0.118140 -0.215776 0.932425
v 0.153289 -0.262641 0.918756
v -0.077133 -0.227492 0.948047
v 0.047842 -0.170863 0.944142
v -0.038078 -0.182580 0.950000
v -0.059558 -0.565313 0.774255
v 0.096660 -0.170863 0.938284
v 0.030267 -0.106423 0.946095
v 0.178674 -0.315365 0.895324
v 0.040031 -0.096660 0.942189
v 0.135714 -0.211870 0.924615
v -0.313412 -0.448150 0.825026
v -0.327081 -0.467677 0.797688
v 0.120092 -0.178674 0.926567
v 0.092754 -0.139620 0.926567
v 0.067369 -0.088849 0.918756
v 0.065416 -0.055653 0.901182
v 0.057605 -0.049794 0.899229
v 0.063464 -0.020504 0.889466
v 0.036125 -0.071274 0.895324
v 0.143525 -0.098613 0.850411
v -0.286074 0.571172 -0.616084
v -0.248972 0.594604 -0.590699
v -0.235303 0.580935 -0.655139
v -0.305601 0.584841 -0.539928
v -0.202107 0.604368 -0.621942
v -0.334892 0.567266 -0.551644
v -0.272405 0.557503 -0.668808
v -0.194296 0.584841 -0.686382
v -0.243114 0.559455 -0.694193
v -0.319270 0.549692 -0.621942
v -0.364183 0.547739 -0.559455
v -0.352467 0.573124 -0.491110
v -0.373947 0.557503 -0.508684
v -0.327081 0.586793 -0.479394
v -0.270452 0.600462 -0.522354
v -0.202107 0.616084 -0.563361
v -0.198201 0.623895 -0.528212
v -0.159147 0.608273 -0.649281
v -0.129856 0.639517 -0.559455
v -0.139620 0.625848 -0.606321
v -0.133762 0.643422 -0.526259
v -0.139620 0.600462 -0.684430
v -0.288027 0.598510 -0.477441
v -0.108376 0.621942 -0.639517
v -0.077133 0.641470 -0.590699
v -0.082991 0.651233 -0.539928
v -0.108376 0.651233 -0.510637
v -0.040031 0.653186 -0.555550
v -0.088849 0.608273 -0.684430
v -0.063464 0.625848 -0.639517
v -0.028314 0.645375 -0.588746
v -0.018551 0.631706 -0.629753
v -0.159147 0.577030 -0.719579
v -0.008787 0.659044 -0.518448
v -0.057605 0.655139 -0.512590
v -0.288027 0.596557 -0.450103
v -0.387616 0.553597 -0.471583
v -0.206012 0.563361 -0.715673
v -0.114234 0.588746 -0.715673
v -0.280216 0.536023 -0.700051
v 0.016598 0.653186 -0.553597
v -0.047842 0.610226 -0.678571
v -0.309507 0.532117 -0.670761
v -0.358325 0.528212 -0.610226
v -0.350514 0.508684 -0.659044
v -0.069322 0.592652 -0.715673
v -0.024409 0.600462 -0.700051
v 0.041984 0.657091 -0.518448
v 0.024409 0.641470 -0.590699
v 0.010740 0.621942 -0.645375
v 0.014645 0.659044 -0.495015
v -0.174769 0.553597 -0.744964
v 0.055653 0.657091 -0.491110
v 0.051747 0.649281 -0.553597
v -0.020504 0.655139 -0.489157
v -0.090802 0.647328 -0.483299
v -0.116187 0.565313 -0.748869
v -0.141572 0.543834 -0.768397
v -0.077133 0.573124 -0.744964
v -0.235303 0.539928 -0.727390
v -0.317318 0.504779 -0.703957
v -0.288027 0.588746 -0.416906
v -0.028314 0.578983 -0.735200
v 0.061511 0.633659 -0.594604
v -0.307554 0.573124 -0.375899
v -0.338798 0.551644 -0.319270
v -0.295838 0.571172 -0.354419
v -0.209918 0.594604 -0.371994
v -0.081038 0.637564 -0.446197
v -0.321223 0.551644 -0.317318
v -0.172816 0.551644 -0.196249
v -0.163052 0.545786 -0.120092
v -0.092754 0.543834 0.038078
v -0.086896 0.555550 -0.155242
v -0.141572 0.557503 -0.229445
v -0.024409 0.557503 -0.098613
v 0.040031 0.573124 -0.190391
v -0.063464 0.565313 -0.215776
v -0.149383 0.567266 -0.307554
v -0.266547 0.555550 -0.299743
v -0.291932 0.555550 -0.323176
v -0.071274 0.571172 -0.254830
v -0.215776 0.561408 -0.311459
v -0.256783 0.555550 -0.332939
v 0.071274 0.582888 -0.233350
v -0.016598 0.584841 -0.288027
v 0.045889 0.598510 -0.321223
v -0.110329 0.578983 -0.325128
v -0.047842 0.584841 -0.293885
v -0.069322 0.598510 -0.370041
v -0.198201 0.569219 -0.323176
v 0.108376 0.606321 -0.346608
v -0.032220 0.608273 -0.366136
v 0.043936 0.653186 -0.461819
v -0.041984 0.614132 -0.397379
v 0.000976 0.627801 -0.405190
v 0.004882 0.606321 -0.336845
v 0.067369 0.616084 -0.360277
v 0.026362 0.645375 -0.438386
v 0.020504 0.621942 -0.377852
v -0.030267 0.645375 -0.459866
v -0.133762 0.536023 0.049794
v -0.098613 0.537975 0.067369
v 0.008787 0.555550 -0.094707
v 0.043936 0.635612 -0.403237
v 0.114234 0.575077 -0.209918
v 0.065416 0.645375 -0.432528
v -0.051747 0.627801 -0.420812
v 0.090802 0.645375 -0.442292
v 0.079085 0.651233 -0.469630
v -0.094707 0.608273 -0.375899
v -0.225540 0.582888 -0.352467
v -0.155242 0.584841 -0.336845
v 0.059558 0.553597 -0.120092
v 0.077133 0.631706 -0.395427
v 0.131809 0.608273 -0.354419
v 0.137667 0.586793 -0.276310
v -0.067369 0.537975 0.041984
v 0.110329 0.631706 -0.405190
v 0.098613 0.647328 -0.485252
v 0.075180 0.651233 -0.512590
v 0.112282 0.641470 -0.454008
v 0.079085 0.643422 -0.545786
v 0.110329 0.637564 -0.524306
v 0.036125 0.614132 -0.651233
v 0.125951 0.633659 -0.498921
v 0.092754 0.627801 -0.578983
v 0.002929 0.588746 -0.711768
v 0.125951 0.616084 -0.573124
v 0.069322 0.608273 -0.643422
v 0.106423 0.604368 -0.623895
v 0.038078 0.580935 -0.711768
v 0.139620 0.619990 -0.534070
v 0.161100 0.618037 -0.481346
v 0.088849 0.586793 -0.670761
v 0.010740 0.563361 -0.746917
v -0.043936 0.559455 -0.760586
v -0.094707 0.543834 -0.776208
v 0.059558 0.559455 -0.733248
v -0.202107 0.524306 -0.762539
v -0.262641 0.510637 -0.741059
v 0.092754 0.545786 -0.733248
v 0.196249 0.586793 -0.512590
v 0.000976 0.534070 -0.782066
v 0.135714 0.559455 -0.676619
v 0.161100 0.537975 -0.696146
v 0.176721 0.553597 -0.649281
v 0.151336 0.573124 -0.633659
v 0.206012 0.534070 -0.668808
v 0.213823 0.543834 -0.635612
v 0.200154 0.557503 -0.606321
v 0.176721 0.571172 -0.602415
v 0.237256 0.547739 -0.588746
v 0.213823 0.561408 -0.565313
v 0.247020 0.555550 -0.539928
v 0.274358 0.545786 -0.563361
v 0.274358 0.551644 -0.504779
v 0.241161 0.561408 -0.498921
v 0.221634 0.565313 -0.530164
v 0.247020 0.534070 -0.627801
v 0.278263 0.532117 -0.610226
v 0.299743 0.539928 -0.526259
v 0.262641 0.516495 -0.668808
v 0.301696 0.534070 -0.569219
v 0.297790 0.520401 -0.625848
v 0.192343 0.518448 -0.709815
v 0.248972 0.496968 -0.721531
v 0.282169 0.498921 -0.692240
v 0.172816 0.500874 -0.750822
v 0.252878 0.479394 -0.748869
v 0.315365 0.514543 -0.610226
v 0.133762 0.524306 -0.739106
v 0.186485 0.580935 -0.555550
v 0.321223 0.524306 -0.555550
v 0.309507 0.489157 -0.678571
v 0.163052 0.483299 -0.778160
v 0.239209 0.457914 -0.784018
v 0.288027 0.471583 -0.731295
v 0.047842 0.539928 -0.762539
v 0.096660 0.518448 -0.764491
v 0.149383 0.467677 -0.799640
v 0.055653 0.510637 -0.789877
v 0.340750 0.496968 -0.590699
v 0.332939 0.489157 -0.633659
v -0.045889 0.536023 -0.784018
v 0.325128 0.459866 -0.702004
v 0.358325 0.463772 -0.623895
v 0.350514 0.450103 -0.666855
v 0.366136 0.465725 -0.586793
v 0.082991 0.268499 0.166958
v 0.106423 0.288027 0.133762
v 0.077133 0.295838 0.114234
v 0.061511 0.278263 0.147431
v 0.108376 0.311459 0.086896
v 0.081038 0.313412 0.086896
v 0.098613 0.325128 0.067369
v 0.309507 0.139620 0.188438
v 0.247020 0.184532 0.180627
v 0.174769 0.221634 0.182580
v 0.411048 0.274358 -0.135714
v 0.418859 0.291932 -0.202107
v 0.383710 0.299743 -0.151336
v 0.397379 0.311459 -0.215776
v 0.362230 0.325128 -0.188438
v 0.375899 0.332939 -0.247020
v 0.409096 0.319270 -0.276310
v 0.344656 0.346608 -0.231398
v 0.350514 0.315365 -0.141572
v 0.352467 0.293885 -0.086896
v 0.377852 0.274358 -0.082991
v 0.329034 0.338798 -0.178674
v 0.323176 0.313412 -0.098613
v 0.364183 0.350514 -0.299743
v 0.330987 0.362230 -0.272405
v 0.342703 0.366136 -0.309507
v 0.393474 0.332939 -0.303649
v 0.360277 0.360277 -0.336845
v 0.295838 0.362230 -0.213823
v 0.303649 0.370041 -0.254830
v 0.303649 0.340750 -0.153289
v 0.262641 0.360277 -0.161100
v 0.260689 0.371994 -0.192343
v 0.321223 0.377852 -0.293885
v 0.225540 0.368088 -0.143525
v 0.307554 0.293885 -0.040031
v 0.284121 0.315365 -0.067369
v 0.344656 0.268499 -0.030267
v 0.180627 0.305601 0.041984
v 0.190391 0.319270 -0.014645
v 0.178674 0.332939 -0.034173
v 0.133762 0.321223 0.043936
v 0.143525 0.288027 0.102518
v 0.161100 0.270452 0.122045
v 0.145478 0.256783 0.159147
v 0.307554 0.268499 0.002929
v 0.112282 0.336845 0.038078
v 0.159147 0.348561 -0.036125
v 0.174769 0.247020 0.147431
v 0.274358 0.188438 0.147431
v 0.223587 0.239209 0.116187
v 0.225540 0.387616 -0.178674
v 0.330987 0.182580 0.090802
v 0.315365 0.151336 0.165005
v 0.364183 0.157194 0.096660
v 0.362230 0.129856 0.157194
v 0.397379 0.135714 0.114234
v 0.413001 0.116187 0.143525
v 0.395427 0.151336 0.079085
v 0.434481 0.135714 0.077133
v 0.426670 0.153289 0.043936
v 0.409096 0.165005 0.040031
v 0.459866 0.153289 0.000976
v 0.370041 0.172816 0.069322
v 0.459866 0.137667 0.043936
v 0.440339 0.172816 -0.008787
v 0.383710 0.247020 -0.041984
v 0.319270 0.241161 0.032220
v 0.288027 0.227492 0.075180
v 0.356372 0.239209 0.000976
v 0.483299 0.133762 0.014645
v 0.295838 0.387616 -0.276310
v 0.409096 0.248972 -0.081038
v 0.448150 0.118140 0.112282
v 0.477441 0.116187 0.088849
v 0.467677 0.168911 -0.043936
v 0.485252 0.145478 -0.024409
v 0.504779 0.127903 -0.008787
v 0.371994 0.110329 0.178674
v 0.397379 0.182580 0.028314
v 0.502826 0.118140 0.041984
v 0.520401 0.102518 0.063464
v 0.334892 0.123998 0.180627
v 0.207965 0.387616 -0.151336
v 0.190391 0.377852 -0.112282
v 0.418859 0.198201 -0.016598
v 0.442292 0.198201 -0.053700
v 0.106423 0.258736 0.176721
v 0.274358 0.377852 -0.211870
v 0.293885 0.377852 -0.239209
v 0.537975 0.104471 0.012693
v 0.434481 0.250925 -0.131809
v 0.506732 0.135714 -0.043936
v 0.489157 0.157194 -0.061511
v 0.327081 0.385663 -0.317318
v 0.344656 0.383710 -0.338798
v 0.362230 0.375899 -0.364183
v 0.469630 0.190391 -0.088849
v 0.440339 0.270452 -0.194296
v 0.432528 0.299743 -0.270452
v 0.528212 0.116187 -0.030267
v 0.506732 0.098613 0.110329
v 0.545786 0.084943 0.094707
v 0.506732 0.081038 0.170863
v 0.561408 0.065416 0.116187
v 0.598510 0.059558 0.069322
v 0.592652 0.047842 0.112282
v 0.614132 0.041984 0.092754
v 0.430576 0.057605 0.297790
v 0.471583 0.045889 0.270452
v 0.422765 0.045889 0.338798
v 0.471583 -0.006835 0.414954
v 0.512590 -0.026362 0.407143
v 0.520401 -0.051747 0.452055
v 0.614132 0.012693 0.159147
v 0.541881 -0.045889 0.405190
v 0.411048 0.010740 0.461819
v 0.432528 -0.018551 0.502826
v 0.411048 -0.020504 0.537975
v 0.485252 -0.034173 0.467677
v 0.440339 -0.041984 0.539928
v 0.389568 0.028314 0.454008
v 0.430576 -0.057605 0.586793
v 0.387616 0.067369 0.344656
v 0.379805 0.004882 0.537975
v 0.350514 0.067369 0.418859
v 0.348561 0.092754 0.338798
v 0.323176 0.104471 0.342703
v 0.327081 0.047842 0.537975
v 0.477441 0.100565 0.145478
v 0.442292 0.106423 0.153289
v 0.442292 0.090802 0.213823
v 0.506732 -0.067369 0.496968
v 0.455961 -0.069322 0.567266
v 0.645375 -0.000976 0.135714
v 0.629753 -0.018551 0.200154
v 0.565313 0.084943 0.049794
v 0.475488 -0.114234 0.616084
v 0.393474 -0.024409 0.582888
v 0.590699 0.073227 0.030267
v 0.619990 0.053700 0.032220
v 0.563361 0.092754 -0.004882
v 0.377852 -0.030267 0.625848
v 0.635612 0.034173 0.061511
v 0.454008 -0.116187 0.651233
v 0.557503 -0.057605 0.401285
v 0.549692 -0.079085 0.452055
v 0.383710 0.102518 0.194296
v 0.346608 0.102518 0.288027
v 0.422765 -0.094707 0.668808
v 0.329034 -0.006835 0.655139
v 0.387616 -0.082991 0.700051
v 0.446197 -0.123998 0.684430
v 0.329034 -0.034173 0.696146
v 0.334892 -0.059558 0.729342
v 0.536023 -0.082991 0.479394
v 0.272405 0.069322 0.621942
v 0.274358 0.081038 0.586793
v 0.274358 0.118140 0.455961
v 0.274358 0.057605 0.647328
v 0.393474 0.338798 -0.354419
v 0.381757 0.350514 -0.371994
v 0.274358 0.155242 0.329034
v 0.371994 0.096660 0.268499
v 0.373947 0.104471 0.223587
v 0.248972 0.186485 0.307554
v 0.248972 0.196249 0.270452
v 0.209918 0.211871 0.327081
v 0.204060 0.221634 0.291932
v 0.163052 0.235303 0.366136
v 0.108376 0.229445 0.594604
v 0.176721 0.207965 0.463772
v 0.225540 0.166958 0.446197
v 0.186485 0.163052 0.592652
v 0.135714 0.206012 0.600462
v 0.110329 0.209918 0.651233
v 0.084943 0.239209 0.610226
v 0.061511 0.225540 0.690288
v 0.079085 0.198201 0.735200
v 0.135714 0.166958 0.709815
v 0.073227 0.182580 0.782066
v 0.096660 0.243114 0.567266
v 0.176721 0.155242 0.641470
v 0.055653 0.211871 0.756680
v 0.454008 0.278263 -0.264594
v 0.473535 0.254830 -0.245067
v 0.202107 0.106423 0.694193
v 0.512590 0.143525 -0.090802
v 0.530164 0.122045 -0.073227
v 0.555550 0.100565 -0.067369
v 0.578983 0.084943 -0.049794
v 0.358325 0.116187 0.207965
v 0.043936 0.252878 0.621942
v 0.455961 0.245067 -0.170863
v 0.489157 0.194296 -0.145478
v 0.496968 0.168911 -0.106423
v 0.477441 0.231398 -0.192343
v 0.289979 -0.016598 0.731295
v 0.272405 0.000976 0.709815
v 0.233350 0.016598 0.776208
v 0.264594 0.008787 0.729342
v 0.225540 0.034173 0.756680
v 0.100565 0.125951 0.825026
v 0.430576 0.309507 -0.327081
v 0.125951 0.254830 0.366136
v 0.270452 0.040031 0.668808
v 0.610226 0.065416 -0.016598
v 0.455961 0.286074 -0.311459
v 0.479394 0.260689 -0.297790
v 0.485252 -0.145478 0.641470
v 0.041984 0.243114 0.700051
v 0.020504 0.272405 0.610226
v 0.024409 0.280216 0.530164
v 0.653186 0.004882 0.092754
v 0.120092 0.151336 0.756680
v 0.534070 0.127903 -0.118140
v 0.553597 0.106423 -0.108376
v 0.643422 -0.036125 0.204060
v 0.163052 0.243114 0.293885
v 0.522354 0.145478 -0.133762
v 0.168911 0.096660 0.756680
v 0.250925 0.065416 0.672713
v 0.081038 0.153289 0.807451
v 0.071274 0.145478 0.832837
v 0.053700 0.163052 0.825026
v 0.057605 0.186485 0.782066
v 0.040031 0.198201 0.782066
v 0.026362 0.239209 0.688335
v 0.096660 0.116187 0.844553
v 0.553597 -0.110329 0.491110
v 0.496968 -0.161100 0.643422
v 0.147431 0.413001 -0.098613
v 0.147431 0.387616 -0.061511
v 0.000976 0.289979 0.539928
v -0.006835 0.317318 0.350514
v 0.055653 0.301696 0.235303
v 0.582888 0.079085 -0.116187
v 0.598510 0.069322 -0.088849
v 0.237256 0.204060 0.248972
v 0.473535 -0.153289 0.674666
v 0.084943 0.414954 0.008787
v 0.041984 0.444245 0.026362
v -0.036125 0.440339 0.149383
v 0.637564 0.038078 0.012693
v 0.182580 0.428623 -0.166958
v 0.454008 0.289979 -0.350514
v 0.137667 0.366136 -0.030267
v 0.125951 0.477441 -0.123998
v 0.108376 0.506732 -0.139620
v 0.500874 0.229445 -0.274358
v 0.498921 0.213823 -0.223587
v 0.481346 0.262641 -0.336845
v 0.516495 0.166958 -0.165005
v 0.559455 0.106423 -0.163052
v 0.539928 0.131809 -0.168911
v 0.077133 0.537975 -0.118140
v 0.174769 0.239209 0.233350
v 0.659044 -0.032220 0.159147
v 0.082991 0.459866 -0.057605
v -0.030267 0.465725 0.104471
v -0.071274 0.459866 0.182580
v -0.084943 0.496968 0.135714
v -0.049794 0.498921 0.071274
v -0.086896 0.526259 0.081038
v 0.016598 0.487205 -0.002929
v -0.045889 0.510637 0.047842
v -0.084943 0.479394 0.161100
v -0.077133 0.432528 0.231398
v -0.075180 0.371994 0.309507
v 0.573124 0.088849 -0.145478
v -0.012693 0.520401 -0.000976
v 0.051747 0.536023 -0.090802
v 0.112282 0.545786 -0.159147
v 0.504779 0.235303 -0.327081
v 0.414954 -0.114234 0.705910
v 0.578983 -0.084943 0.397379
v 0.413001 0.321223 -0.405190
v 0.401285 0.334892 -0.418859
v 0.436434 0.303649 -0.387616
v 0.577030 -0.123998 0.461819
v 0.655139 0.012693 0.045889
v 0.010740 0.334892 0.200154
v 0.022456 0.375899 0.127903
v -0.026362 0.340750 0.262641
v 0.067369 0.340750 0.098613
v 0.520401 0.194296 -0.252878
v 0.594604 0.067369 -0.153289
v 0.469630 0.274358 -0.381757
v 0.305601 0.413001 -0.311459
v 0.610226 0.055653 -0.116187
v -0.008787 0.321223 0.305601
v 0.073227 0.125951 0.852364
v 0.377852 0.366136 -0.391521
v 0.594604 -0.122045 0.416906
v 0.649281 -0.075180 0.243114
v 0.114234 0.567266 -0.182580
v 0.157194 0.545786 -0.200154
v 0.159147 0.561408 -0.217729
v 0.157194 0.573124 -0.237256
v 0.198201 0.553597 -0.262641
v 0.184532 0.571172 -0.282169
v 0.206012 0.557503 -0.293885
v 0.200154 0.577030 -0.350514
v 0.231398 0.551644 -0.348561
v 0.237256 0.561408 -0.405190
v 0.264594 0.547739 -0.438386
v 0.264594 0.537975 -0.403237
v 0.291932 0.534070 -0.450103
v 0.295838 0.522354 -0.426670
v 0.262641 0.524306 -0.370041
v 0.319270 0.512590 -0.461819
v 0.311459 0.528212 -0.485252
v 0.293885 0.541881 -0.487205
v 0.194296 0.592652 -0.405190
v 0.172816 0.594604 -0.358325
v 0.151336 0.621942 -0.424717
v 0.163052 0.580935 -0.282169
v 0.293885 0.506732 -0.395427
v 0.235303 0.528212 -0.297790
v 0.192343 0.539928 -0.233350
v 0.321223 0.526259 -0.518448
v 0.332939 0.508684 -0.496968
v 0.184532 0.604368 -0.446197
v 0.237256 0.510637 -0.268499
v 0.237256 0.565313 -0.440339
v 0.254830 0.557503 -0.467677
v 0.266547 0.498921 -0.317318
v 0.325128 0.495015 -0.442292
v 0.151336 0.604368 -0.362230
v 0.241161 0.485252 -0.241161
v 0.350514 0.481346 -0.483299
v 0.266547 0.477441 -0.278263
v 0.327081 0.477441 -0.418859
v 0.278263 0.491110 -0.336845
v 0.350514 0.493063 -0.526259
v 0.358325 0.457914 -0.461819
v 0.299743 0.475488 -0.366136
v 0.276310 0.500874 -0.364183
v 0.288027 0.452055 -0.325128
v 0.358325 0.436434 -0.428623
v 0.336845 0.442292 -0.393474
v 0.139620 0.629753 -0.465725
v 0.221634 0.575077 -0.477441
v 0.100565 0.375899 0.026362
v 0.288027 0.428623 -0.299743
v 0.371994 0.459866 -0.516495
v 0.280216 0.461819 -0.289979
v -0.065416 0.340750 0.327081
v 0.571172 -0.110329 0.448150
v 0.342703 0.502826 -0.549692
v 0.090802 0.344656 0.063464
v 0.209918 0.496968 -0.215776
v 0.235303 0.454008 -0.207965
v 0.002929 0.309507 0.243114
v 0.041984 0.295838 0.184532
v -0.036125 0.309507 0.323176
v 0.041984 0.293885 0.198201
v 0.059558 0.280216 0.174769
v -0.053700 0.293885 0.356372
v 0.330987 -0.071274 0.743011
v 0.534070 0.151336 -0.200154
v 0.518448 0.209918 -0.301696
v 0.416906 0.317318 -0.455961
v 0.266547 0.442292 -0.241161
v -0.073227 0.309507 0.360277
v 0.239209 0.397379 -0.190391
v 0.495015 0.247020 -0.373947
v 0.619990 0.053700 -0.057605
v 0.379805 0.436434 -0.493063
v 0.297790 -0.045889 0.756680
v 0.448150 -0.145478 0.700051
v 0.536023 0.176721 -0.280216
v 0.532117 0.194296 -0.329034
v 0.416906 0.096660 0.211871
v 0.063464 0.295838 0.209918
v 0.248972 0.192343 0.215776
v 0.584841 0.067369 -0.245067
v 0.618037 0.040031 -0.231398
v 0.619990 0.034173 -0.307554
v 0.571172 0.077133 -0.319270
v 0.610226 0.041984 -0.350514
v 0.561408 0.088849 -0.346608
v 0.596557 0.061511 -0.379805
v 0.580935 0.086896 -0.414954
v 0.557503 0.122045 -0.454008
v 0.606321 0.063464 -0.446197
v 0.627801 0.028314 -0.395427
v 0.639517 0.010740 -0.356372
v 0.541881 0.139620 -0.442292
v 0.573124 0.106423 -0.489157
v 0.541881 0.141572 -0.483299
v 0.647328 0.006835 -0.426670
v 0.660997 -0.014645 -0.360277
v 0.633659 0.030267 -0.477441
v 0.598510 0.075180 -0.514543
v 0.616084 0.045889 -0.145478
v 0.641470 0.016598 -0.237256
v 0.647328 0.010740 -0.174769
v 0.625848 0.032220 -0.112282
v 0.672713 -0.026362 -0.120092
v 0.649281 -0.004882 -0.071274
v 0.684430 -0.045889 -0.086896
v 0.680524 -0.057605 -0.016598
v 0.694193 -0.069322 -0.049794
v 0.692240 -0.049794 -0.141572
v 0.696146 -0.086896 0.004882
v 0.666855 -0.012693 -0.209918
v 0.551644 0.129856 -0.520401
v 0.526259 0.155242 -0.541881
v 0.645375 0.004882 -0.313412
v 0.664902 -0.036125 -0.006835
v 0.670761 -0.026362 -0.313412
v 0.662950 -0.012693 -0.274358
v 0.702004 -0.071274 -0.098613
v 0.434481 0.293885 -0.459866
v 0.457914 0.280216 -0.420812
v 0.553597 0.114234 -0.207965
v 0.547739 0.133762 -0.237256
v 0.682477 -0.061511 0.030267
v 0.379805 0.414954 -0.459866
v 0.397379 0.354419 -0.430576
v 0.514543 0.221634 -0.362230
v 0.709815 -0.094707 -0.057605
v 0.664902 -0.018551 -0.444245
v 0.657091 -0.004882 -0.491110
v 0.680524 -0.041984 -0.393474
v 0.682477 -0.047842 -0.346608
v 0.397379 0.414954 -0.522354
v 0.569219 0.084943 -0.254830
v 0.649281 -0.006835 -0.030267
v 0.651233 0.018551 0.004882
v 0.377852 0.452055 -0.559455
v 0.485252 0.252878 -0.413001
v 0.399332 0.395427 -0.493063
v 0.434481 0.289979 -0.502826
v 0.395427 0.422765 -0.547739
v 0.145478 0.528212 -0.176721
v 0.686382 -0.045889 -0.266547
v 0.666855 -0.028314 0.106423
v 0.686382 -0.053700 -0.452055
v 0.530164 0.161100 -0.469630
v 0.514543 0.174769 -0.516495
v 0.586793 0.081038 -0.559455
v 0.153289 0.247020 0.202107
v 0.625848 0.034173 -0.532117
v 0.692240 -0.061511 -0.311459
v 0.032220 0.309507 0.235303
v 0.551644 0.108376 -0.346608
v 0.510637 0.217729 -0.416906
v 0.553597 0.112282 -0.590699
v 0.532117 0.190391 -0.379805
v 0.473535 0.254830 -0.455961
v 0.659044 -0.057605 0.190391
v 0.623895 0.040031 -0.082991
v 0.696146 -0.073227 -0.389568
v 0.700051 -0.079085 -0.342703
v 0.077133 0.327081 0.086896
v 0.176721 0.473535 -0.174769
v 0.114234 0.520401 -0.149383
v 0.387616 -0.446197 0.516495
v 0.434481 -0.418859 0.463772
v 0.411048 -0.418859 0.536023
v 0.454008 -0.395427 0.481346
v 0.465725 -0.409096 0.399332
v 0.371994 -0.444245 0.569219
v 0.483299 -0.373947 0.455961
v 0.491110 -0.385663 0.391521
v 0.385663 -0.418859 0.604368
v 0.432528 -0.389568 0.557503
v 0.340750 -0.477441 0.545786
v 0.413001 -0.440339 0.446197
v 0.440339 -0.430576 0.393474
v 0.477441 -0.418859 0.348561
v 0.508684 -0.383710 0.354419
v 0.518448 -0.346608 0.413001
v 0.493063 -0.346608 0.493063
v 0.541881 -0.332939 0.366136
v 0.420812 -0.377852 0.604368
v 0.532117 -0.354419 0.348561
v 0.455961 -0.352467 0.571172
v 0.537975 -0.319270 0.414954
v 0.569219 -0.311459 0.321223
v 0.491110 -0.321223 0.539928
v 0.569219 -0.295838 0.356372
v 0.391521 -0.395427 0.629753
v 0.563361 -0.282169 0.403237
v 0.442292 -0.332939 0.623895
v 0.467677 -0.315365 0.594604
v 0.334892 -0.438386 0.655139
v 0.325128 -0.459866 0.635612
v 0.498921 -0.293885 0.557503
v 0.600462 -0.258736 0.305601
v 0.600462 -0.237256 0.348561
v 0.483299 -0.264594 0.619990
v 0.590699 -0.233350 0.389568
v 0.604368 -0.204060 0.389568
v 0.461819 -0.270452 0.651233
v 0.411048 -0.350514 0.649281
v 0.506732 -0.252878 0.578983
v 0.625848 -0.202107 0.297790
v 0.477441 -0.211870 0.672713
v 0.498921 -0.200154 0.641470
v 0.432528 -0.282169 0.682477
v 0.450103 -0.237256 0.696146
v 0.416906 -0.270452 0.713720
v 0.375899 -0.358325 0.682477
v 0.368088 -0.393474 0.660997
v 0.641470 -0.245067 0.237256
v 0.592652 -0.329034 0.272405
v 0.600462 -0.346608 0.241161
v 0.655139 -0.252878 0.194296
v 0.612179 -0.352467 0.198201
v 0.588746 -0.381757 0.229445
v 0.573124 -0.371994 0.276310
v 0.549692 -0.395427 0.299743
v 0.530164 -0.395427 0.327081
v 0.571172 -0.403237 0.248972
v 0.541881 -0.444245 0.260689
v 0.553597 -0.487205 0.174769
v 0.534070 -0.524306 0.168911
v 0.571172 -0.557503 0.040031
v 0.588746 -0.420812 0.176721
v 0.557503 -0.557503 0.075180
v 0.528212 -0.428623 0.299743
v 0.454008 -0.578983 0.241161
v 0.444245 -0.608273 0.223587
v 0.495015 -0.518448 0.237256
v 0.512590 -0.477441 0.262641
v 0.584841 -0.532117 0.032220
v 0.596557 -0.385663 0.192343
v 0.627801 -0.354419 0.139620
v 0.409096 -0.604368 0.280216
v 0.659044 -0.274358 0.151336
v 0.659044 -0.352467 0.069322
v 0.635612 -0.399332 0.069322
v 0.604368 -0.385663 0.153289
v 0.612179 -0.450103 0.045889
v 0.623895 -0.463772 -0.008787
v 0.666855 -0.373947 0.016598
v 0.680524 -0.330987 0.040031
v 0.610226 -0.500874 -0.012693
v 0.516495 -0.196249 0.600462
v 0.686382 -0.288027 0.063464
v 0.674666 -0.233350 0.145478
v 0.655139 -0.206012 0.233350
v 0.672713 -0.198201 0.182580
v 0.623895 -0.180627 0.334892
v 0.545786 -0.582888 0.047842
v 0.432528 -0.627801 0.207965
v 0.438386 -0.559455 0.276310
v 0.403237 -0.625848 0.260689
v 0.700051 -0.295838 0.008787
v 0.637564 -0.174769 0.286074
v 0.506732 -0.436434 0.319270
v 0.373947 -0.633659 0.291932
v 0.577030 -0.565313 -0.006835
v 0.555550 -0.590699 -0.012693
v 0.700051 -0.250925 0.045889
v 0.713720 -0.258736 -0.010740
v 0.664902 -0.170863 0.225540
v 0.711768 -0.291932 -0.043936
v 0.457914 -0.520401 0.278263
v 0.479394 -0.491110 0.282169
v 0.250925 -0.465725 0.723484
v 0.172816 -0.457914 0.817215
v 0.200154 -0.379805 0.852364
v 0.145478 -0.454008 0.850411
v 0.133762 -0.485252 0.836742
v 0.362230 -0.618037 0.317318
v 0.485252 -0.182580 0.670761
v 0.418859 -0.245067 0.725437
v 0.452055 -0.204060 0.707862
v 0.688335 -0.196249 0.122045
v 0.514543 -0.172816 0.614132
v 0.594604 -0.172816 0.422765
v 0.391521 -0.578983 0.311459
v 0.682477 -0.165005 0.168911
v 0.610226 -0.170863 0.387616
v 0.643422 -0.145478 0.282169
v 0.600462 -0.141572 0.418859
v 0.522354 -0.608273 0.028314
v 0.206012 -0.354419 0.858222
v 0.186485 -0.342703 0.881655
v 0.422765 -0.534070 0.301696
v 0.444245 -0.491110 0.309507
v 0.713720 -0.225540 0.006835
v 0.327081 -0.627801 0.336845
v 0.461819 -0.461819 0.323176
v 0.711768 -0.192343 0.026362
v 0.694193 -0.161100 0.110329
v 0.580935 -0.137667 0.457914
v 0.391521 -0.534070 0.327081
v 0.418859 -0.504779 0.319270
v 0.670761 -0.141572 0.209918
v 0.350514 -0.596557 0.334892
v 0.405190 -0.473535 0.344656
v 0.467677 -0.174769 0.692240
v 0.260689 -0.637564 0.368088
v 0.377852 -0.498921 0.346608
v 0.413001 -0.213823 0.737153
v 0.192343 -0.315365 0.875797
v 0.586793 -0.151336 0.432528
v 0.206012 -0.330987 0.858222
v 0.260689 -0.295838 0.830884
v 0.411048 -0.450103 0.356372
v 0.340750 -0.493063 0.368088
v 0.356372 -0.549692 0.342703
v 0.289979 -0.612179 0.364183
v 0.186485 -0.635612 0.405190
v 0.647328 -0.110329 0.264594
v 0.330987 -0.516495 0.364183
v 0.284121 -0.553597 0.377852
v 0.448150 -0.182580 0.711768
v 0.188438 -0.274358 0.875797
v 0.165005 -0.258736 0.907040
v 0.206012 -0.241161 0.834789
v 0.202107 -0.215776 0.842600
v 0.223587 -0.192343 0.811357
v 0.209918 -0.247020 0.815262
v 0.227492 -0.198201 0.795735
v 0.188438 -0.303649 0.842600
v 0.227492 -0.168911 0.797688
v 0.194296 -0.301696 0.854317
v 0.174769 -0.239209 0.885560
v 0.215776 -0.166958 0.815262
v 0.180627 -0.206012 0.866033
v 0.288027 -0.151336 0.766444
v 0.420812 -0.178674 0.727390
v 0.213823 -0.114234 0.803546
v 0.198201 -0.122045 0.813309
v 0.165005 -0.174769 0.867986
v 0.377852 -0.123998 0.725437
v 0.225540 0.004882 0.785971
v 0.155242 -0.075180 0.828931
v 0.137667 -0.069322 0.840647
v 0.131809 -0.022456 0.840647
v 0.141572 0.034173 0.836742
v 0.073227 0.032220 0.885560
v 0.012693 -0.034173 0.918756
v 0.002929 -0.077133 0.922662
v 0.002929 -0.100565 0.922662
v 0.118140 0.084943 0.840647
v 0.020504 0.049794 0.908993
v 0.317318 -0.223587 0.785971
v 0.135714 -0.127903 0.869938
v 0.055653 0.065416 0.885560
v 0.034173 0.082991 0.891418
v 0.409096 -0.149383 0.723484
v 0.297790 -0.172816 0.766444
v 0.256783 -0.213823 0.791829
v 0.311459 -0.192343 0.770349
v 0.192343 -0.323176 0.856269
v 0.268499 -0.233350 0.797688
v 0.207965 -0.301696 0.842600
v 0.034173 0.114234 0.871891
v 0.631706 -0.463772 -0.041984
v 0.672713 -0.393474 -0.061511
v 0.690288 -0.342703 -0.022456
v 0.647328 -0.450103 -0.092754
v 0.696146 -0.346608 -0.073227
v 0.682477 -0.385663 -0.114234
v 0.698099 -0.354419 -0.127903
v 0.660997 -0.430576 -0.141572
v 0.627801 -0.485252 -0.069322
v 0.600462 -0.534070 -0.040031
v 0.610226 -0.526259 -0.081038
v 0.588746 -0.559455 -0.067369
v 0.711768 -0.309507 -0.096660
v 0.682477 -0.393474 -0.231398
v 0.627801 -0.487205 -0.112282
v 0.641470 -0.463772 -0.143525
v 0.666855 -0.422765 -0.248972
v 0.703957 -0.344656 -0.258736
v 0.702004 -0.354419 -0.373947
v 0.711768 -0.319270 -0.145478
v 0.715673 -0.317318 -0.358325
v 0.686382 -0.381757 -0.397379
v 0.598510 -0.547739 -0.116187
v 0.606321 -0.530164 -0.165005
v 0.625848 -0.489157 -0.163052
v 0.711768 -0.327081 -0.413001
v 0.698099 -0.354419 -0.432528
v 0.639517 -0.461819 -0.190391
v 0.588746 -0.559455 -0.163052
v 0.577030 -0.578983 -0.106423
v 0.715673 -0.305601 -0.250925
v 0.604368 -0.514543 -0.245067
v 0.621942 -0.465725 -0.293885
v 0.600462 -0.500874 -0.381757
v 0.614132 -0.469630 -0.383710
v 0.578983 -0.543834 -0.371994
v 0.584841 -0.549692 -0.245067
v 0.565313 -0.567266 -0.344656
v 0.664902 -0.413001 -0.389568
v 0.651233 -0.442292 -0.248972
v 0.575077 -0.537975 -0.416906
v 0.709815 -0.319270 -0.454008
v 0.563361 -0.578983 -0.239209
v 0.682477 -0.377852 -0.436434
v 0.555550 -0.571172 -0.401285
v 0.567266 -0.586793 -0.063464
v 0.569219 -0.584841 -0.157194
v 0.604368 -0.475488 -0.422765
v 0.600462 -0.477441 -0.446197
v 0.621942 -0.450103 -0.426670
v 0.627801 -0.454008 -0.360277
v 0.690288 -0.352467 -0.477441
v 0.664902 -0.399332 -0.446197
v 0.668808 -0.379805 -0.483299
v 0.723484 -0.284121 -0.422765
v 0.551644 -0.561408 -0.442292
v 0.541881 -0.592652 -0.352467
v 0.700051 -0.317318 -0.496968
v 0.571172 -0.524306 -0.455961
v 0.606321 -0.454008 -0.469630
v 0.643422 -0.436434 -0.383710
v 0.641470 -0.428623 -0.430576
v 0.649281 -0.409096 -0.473535
v 0.621942 -0.438386 -0.467677
v 0.541881 -0.602415 -0.217729
v 0.713720 -0.288027 -0.481346
v 0.721531 -0.276310 -0.122045
v 0.721531 -0.264594 -0.073227
v 0.723484 -0.284121 -0.358325
v 0.680524 -0.338798 -0.526259
v 0.664902 -0.362230 -0.524306
v 0.584841 -0.471583 -0.495015
v 0.598510 -0.446197 -0.504779
v 0.705910 -0.272405 -0.526259
v 0.692240 -0.299743 -0.537975
v 0.721531 -0.274358 -0.245067
v 0.729342 -0.252878 -0.368088
v 0.723484 -0.252878 -0.463772
v 0.545786 -0.539928 -0.489157
v 0.530164 -0.577030 -0.465725
v 0.526259 -0.594604 -0.416906
v 0.641470 -0.397379 -0.514543
v 0.727390 -0.241161 -0.116187
v 0.717626 -0.245067 -0.502826
v 0.727390 -0.235303 -0.237256
v 0.672713 -0.311459 -0.571172
v 0.729342 -0.237256 -0.430576
v 0.618037 -0.424717 -0.506732
v 0.641470 -0.371994 -0.555550
v 0.655139 -0.340750 -0.571172
v 0.688335 -0.258736 -0.577030
v 0.731295 -0.202107 -0.120092
v 0.727390 -0.217729 -0.079085
v 0.721531 -0.233350 -0.043936
v 0.725437 -0.217729 -0.473535
v 0.731295 -0.219681 -0.373947
v 0.559455 -0.473535 -0.536023
v 0.577030 -0.446197 -0.539928
v 0.705910 -0.227492 -0.545786
v 0.618037 -0.399332 -0.551644
v 0.596557 -0.426670 -0.539928
v 0.723484 -0.196249 -0.040031
v 0.727390 -0.182580 -0.079085
v 0.717626 -0.204060 -0.512590
v 0.727390 -0.192343 -0.245067
v 0.729342 -0.198201 -0.426670
v 0.694193 -0.202107 -0.578983
v 0.723484 -0.184532 -0.479394
v 0.729342 -0.168911 -0.123998
v 0.715673 -0.165005 0.002929
v 0.729342 -0.192343 -0.370041
v 0.727390 -0.166958 -0.389568
v 0.725437 -0.147431 -0.082991
v 0.721531 -0.157194 -0.043936
v 0.696146 -0.133762 0.094707
v 0.684430 -0.133762 0.161100
v 0.725437 -0.168911 -0.297790
v 0.723484 -0.143525 -0.243114
v 0.725437 -0.135714 -0.131809
v 0.707862 -0.170863 -0.536023
v 0.723484 -0.168911 -0.454008
v 0.709815 -0.133762 0.018551
v 0.719579 -0.133762 -0.430576
v 0.717626 -0.123998 -0.049794
v 0.684430 -0.104471 0.139620
v 0.674666 -0.114234 0.188438
v 0.719579 -0.137667 -0.299743
v 0.694193 -0.106423 0.077133
v 0.711768 -0.135714 -0.496968
v 0.719579 -0.108376 -0.147431
v 0.717626 -0.106423 -0.098613
v 0.688335 -0.139620 -0.575077
v 0.680524 -0.163052 -0.600462
v 0.713720 -0.108376 -0.264594
v 0.709815 -0.100565 -0.303649
v 0.680524 -0.073227 0.114234
v 0.711768 -0.110329 -0.368088
v 0.694193 -0.112282 -0.539928
v 0.703957 -0.096660 -0.475488
v 0.688335 -0.077133 -0.516495
v 0.705910 -0.112282 0.004882
v 0.688335 -0.082991 0.065416
v 0.707862 -0.098613 -0.436434
v 0.670761 -0.032220 0.065416
v 0.664902 -0.114234 -0.614132
v 0.668808 -0.079085 -0.584841
v 0.666855 -0.024409 0.030267
v 0.700051 -0.075180 -0.274358
v 0.707862 -0.081038 -0.147431
v 0.666855 -0.047842 -0.555550
v 0.682477 -0.051747 -0.491110
v 0.657091 -0.014645 -0.534070
v 0.643422 -0.051747 -0.618037
v 0.637564 -0.012693 -0.590699
v 0.621942 0.030267 -0.567266
v 0.604368 -0.022456 -0.660997
v 0.608273 0.008787 -0.627801
v 0.590699 0.057605 -0.600462
v 0.577030 0.051747 -0.639517
v 0.569219 0.030267 -0.672713
v 0.551644 0.100565 -0.619990
v 0.547739 0.075180 -0.659044
v 0.514543 0.118140 -0.655139
v 0.498921 0.166958 -0.594604
v 0.469630 0.180627 -0.631706
v 0.481346 0.196249 -0.571172
v 0.457914 0.202107 -0.629753
v 0.446197 0.219681 -0.647328
v 0.430576 0.274358 -0.670761
v 0.434481 0.295838 -0.635612
v 0.452055 0.231398 -0.612179
v 0.434481 0.317318 -0.588746
v 0.450103 0.247020 -0.575077
v 0.432528 0.307554 -0.534070
v 0.418859 0.362230 -0.530164
v 0.424717 0.342703 -0.602415
v 0.414954 0.379805 -0.559455
v 0.416906 0.348561 -0.637564
v 0.416906 0.317318 -0.670761
v 0.463772 0.219681 -0.573124
v 0.409096 0.385663 -0.592652
v 0.403237 0.354419 -0.672713
v 0.414954 0.336845 -0.479394
v 0.397379 0.330987 -0.707862
v 0.395427 0.414954 -0.594604
v 0.397379 0.387616 -0.641470
v 0.379805 0.430576 -0.623895
v 0.373947 0.413001 -0.668808
v 0.381757 0.375899 -0.696146
v 0.452055 0.258736 -0.508684
v 0.350514 0.416906 -0.711768
v 0.459866 0.159147 -0.678571
v 0.481346 0.213823 -0.526259
v 0.506732 0.194296 -0.489157
v 0.518448 0.190391 -0.455961
v 0.532117 0.170863 -0.432528
v 0.543834 0.147431 -0.405190
v 0.553597 0.123998 -0.301696
v 0.545786 0.163052 -0.356372
v 0.559455 0.106423 -0.270452
v 0.545786 0.159147 -0.303649
v 0.493063 0.229445 -0.457914
v 0.114234 -0.655139 0.454008
v -0.442292 -0.079085 0.356372
v -0.487205 -0.073227 0.356372
v -0.413001 -0.043936 0.360277
v -0.477441 -0.133762 0.338798
v -0.528212 -0.104471 0.346608
v -0.557503 -0.139620 0.342703
v -0.516495 -0.168911 0.342703
v -0.518448 -0.200154 0.344656
v -0.547739 -0.213823 0.334892
v -0.528212 -0.262641 0.336845
v -0.379805 -0.010740 0.362230
v -0.325128 0.040031 0.364183
v -0.463772 -0.123998 0.344656
v -0.508684 -0.174769 0.348561
v -0.522354 -0.231398 0.344656
v -0.520401 -0.161100 0.389568
v -0.528212 -0.184532 0.371994
v -0.477441 -0.116187 0.391521
v -0.532117 -0.182580 0.387616
v -0.389568 -0.002929 0.379805
v -0.500874 -0.137667 0.416906
v -0.434481 -0.063464 0.401285
v -0.534070 -0.254830 0.370041
v -0.537975 -0.286074 0.360277
v -0.536023 -0.301696 0.332939
v -0.551644 -0.334892 0.354419
v -0.553597 -0.354419 0.344656
v -0.541881 -0.381757 0.319270
v -0.536023 -0.278263 0.383710
v 0.176721 -0.578983 0.627801
v 0.196249 -0.541881 0.680524
v 0.161100 -0.565313 0.678571
v 0.143525 -0.547739 0.735200
v 0.131809 -0.582888 0.676619
v 0.118140 -0.561408 0.735200
v 0.098613 -0.594604 0.688335
v 0.139620 -0.610226 0.600462
v 0.110329 -0.612179 0.633659
v 0.166958 -0.612179 0.551644
v 0.143525 -0.635612 0.516495
v 0.106423 -0.633659 0.575077
v 0.176721 -0.629753 0.469630
v 0.176721 -0.522354 0.739106
v 0.143525 -0.647328 0.459866
v 0.155242 -0.649281 0.420812
v 0.071274 -0.627801 0.627801
v 0.114234 -0.647328 0.512590
v 0.073227 -0.645375 0.571172
v 0.118140 -0.528212 0.785971
v 0.135714 -0.510637 0.797688
v 0.114234 -0.508684 0.825026
v 0.096660 -0.539928 0.778160
v 0.081038 -0.586793 0.711768
v 0.049794 -0.619990 0.657091
v 0.036125 -0.608273 0.686382
v 0.227492 -0.514543 0.682477
v 0.225540 -0.495015 0.713720
v 0.151336 -0.487205 0.809404
v 0.096660 -0.514543 0.821120
v 0.280216 -0.518448 0.577030
v 0.323176 -0.471583 0.604368
v 0.256783 -0.514543 0.633659
v 0.223587 -0.543834 0.625848
v 0.200154 -0.580935 0.577030
v 0.204060 -0.598510 0.512590
v 0.309507 -0.510637 0.508684
v 0.309507 -0.518448 0.465725
v 0.364183 -0.469630 0.477441
v 0.184532 -0.627801 0.426670
v 0.391521 -0.457914 0.416906
v 0.344656 -0.491110 0.422765
v 0.307554 -0.522354 0.385663
v 0.371994 -0.471583 0.368088
v -0.178674 -0.647328 0.483299
v -0.206012 -0.631706 0.561408
v -0.243114 -0.643422 0.518448
v -0.282169 -0.655139 0.479394
v -0.289979 -0.645375 0.520401
v -0.254830 -0.627801 0.571172
v -0.213823 -0.618037 0.614132
v -0.321223 -0.649281 0.496968
v -0.145478 -0.645375 0.510637
v -0.176721 -0.631706 0.578983
v -0.321223 -0.633659 0.541881
v -0.172816 -0.618037 0.649281
v -0.268499 -0.610226 0.612179
v -0.299743 -0.621942 0.571172
v -0.274358 -0.590699 0.659044
v -0.323176 -0.586793 0.647328
v -0.301696 -0.555550 0.744964
v -0.245067 -0.571172 0.729342
v -0.213823 -0.569219 0.750822
v -0.354419 -0.600462 0.600462
v -0.346608 -0.575077 0.664902
v -0.221634 -0.600462 0.662950
v -0.194296 -0.598510 0.688335
v -0.356372 -0.627801 0.536023
v -0.391521 -0.606321 0.565313
v -0.165005 -0.577030 0.766444
v -0.155242 -0.612179 0.688335
v -0.127903 -0.588746 0.770349
v -0.112282 -0.623895 0.690288
v -0.102518 -0.592652 0.766444
v -0.092754 -0.623895 0.692240
v -0.081038 -0.643422 0.643422
v -0.120092 -0.637564 0.641470
v -0.077133 -0.653186 0.592652
v -0.149383 -0.635612 0.600462
v -0.327081 -0.551644 0.733248
v -0.038078 -0.649281 0.614132
v -0.049794 -0.633659 0.659044
v -0.010740 -0.639517 0.631706
v 0.016598 -0.653186 0.571172
v 0.018551 -0.643422 0.608273
v -0.016598 -0.618037 0.674666
v 0.008787 -0.596557 0.705910
v 0.059558 -0.571172 0.741059
v -0.034173 -0.596557 0.705910
v -0.069322 -0.612179 0.702004
v 0.065416 -0.534070 0.787924
v 0.022456 -0.534070 0.778160
v -0.016598 -0.561408 0.746917
v -0.002929 -0.575077 0.729342
v -0.079085 -0.588746 0.756680
v -0.125951 0.200154 0.362230
v -0.114234 0.264594 0.371994
v -0.155242 0.229445 0.371994
v -0.084943 0.237256 0.360277
v -0.073227 0.288027 0.370041
v -0.096660 0.211871 0.360277
v -0.063464 0.272405 0.368088
v -0.168911 0.170863 0.379805
v -0.194296 0.147431 0.377852
v -0.131809 0.182580 0.371994
v -0.227492 0.118140 0.373947
v -0.266547 0.088849 0.370041
v 0.004882 0.004882 0.914851
v -0.022456 -0.063464 0.916804
v -0.055653 -0.133762 0.920709
v 0.004882 0.059558 0.907040
v -0.073227 -0.127903 0.912898
v -0.040031 -0.135714 0.926567
v -0.114234 -0.196249 0.918756
v -0.071274 -0.194296 0.922662
v -0.118140 -0.231398 0.916804
v -0.133762 -0.217729 0.914851
v -0.127903 -0.252878 0.916804
v -0.153289 -0.243114 0.912898
v -0.161100 -0.215776 0.907040
v -0.192343 -0.243114 0.897276
v -0.030267 -0.041984 0.905087
v -0.061511 -0.174769 0.924615
v -0.129856 -0.180627 0.905087
v -0.059558 -0.071274 0.897276
v -0.227492 -0.248972 0.875797
v -0.221634 -0.270452 0.885560
v -0.266547 -0.293885 0.873844
v -0.270452 -0.278263 0.866033
v -0.184532 -0.188438 0.869938
v -0.094707 -0.129856 0.899229
v -0.301696 -0.286074 0.842600
v -0.147431 -0.178674 0.889466
v -0.157194 -0.204060 0.895324
v -0.131809 -0.196249 0.897276
v -0.120092 -0.153289 0.883607
v -0.123998 -0.120092 0.866033
v -0.049794 -0.036125 0.885560
v -0.264594 -0.313412 0.889466
v -0.231398 -0.311459 0.899229
v -0.213823 -0.288027 0.895324
v -0.295838 -0.325128 0.869938
v -0.295838 -0.350514 0.875797
v -0.206012 -0.305601 0.910946
v -0.147431 -0.282169 0.926567
v -0.114234 -0.254830 0.938284
v -0.071274 -0.204060 0.942189
v -0.051747 -0.178674 0.948047
v -0.051747 -0.161100 0.940236
v 0.028314 -0.090802 0.938284
v -0.174769 -0.276310 0.895324
v -0.307554 -0.268499 0.825026
v -0.081038 -0.073227 0.875797
v -0.139620 -0.276310 0.905087
v -0.309507 -0.338798 0.858222
v -0.330987 -0.280216 0.805498
v -0.329034 -0.295838 0.815262
v -0.163052 -0.133762 0.840647
v -0.125951 -0.075180 0.830884
v -0.088849 -0.014645 0.821120
v -0.090802 -0.053700 0.842600
v -0.090802 0.022456 0.785971
v -0.260689 -0.174769 0.772302
v -0.309507 -0.313412 0.842600
v -0.311459 -0.301696 0.830884
v -0.061511 -0.002929 0.852364
v -0.104471 -0.123998 0.881655
v -0.186485 -0.030267 0.705910
v -0.334892 -0.092754 0.590699
v -0.348561 -0.133762 0.616084
v -0.471583 -0.123998 0.454008
v -0.340750 -0.243114 0.760586
v -0.409096 -0.200154 0.625848
v -0.334892 -0.260689 0.778160
v -0.379805 -0.241161 0.702004
v -0.049794 0.051747 0.821120
v 0.010740 0.114234 0.854317
v 0.018551 0.092754 0.887513
v -0.332939 0.008787 0.446197
v -0.243114 0.104471 0.432528
v -0.373947 0.008787 0.389568
v -0.112282 0.196249 0.479394
v -0.073227 0.229445 0.493063
v -0.420812 -0.071274 0.434481
v -0.446197 -0.084943 0.422765
v 0.014645 0.127903 0.844553
v -0.020504 0.241161 0.598510
v 0.028314 0.151336 0.838695
v 0.028314 0.196249 0.778160
v -0.123998 0.204060 0.446197
v -0.178674 0.176721 0.407143
v -0.414954 -0.174769 0.600462
v -0.485252 -0.133762 0.448150
v -0.438386 -0.192343 0.582888
v -0.395427 -0.174769 0.621942
v -0.500874 -0.151336 0.436434
v -0.071274 0.245067 0.465725
v -0.040031 0.272405 0.493063
v -0.006835 0.274358 0.563361
v 0.010740 0.262641 0.614132
v -0.014645 0.289979 0.526259
v -0.346608 0.036125 0.383710
v -0.303649 0.073227 0.385663
v -0.036125 0.299743 0.438386
v -0.407143 -0.237256 0.643422
v -0.381757 -0.262641 0.705910
v -0.518448 -0.168911 0.409096
v -0.454008 -0.207965 0.561408
v 0.040031 0.165005 0.826978
v -0.047842 0.274358 0.452055
v -0.325128 -0.329034 0.815262
v -0.034173 0.313412 0.393474
v -0.051747 0.295838 0.397379
v -0.079085 0.241161 0.377852
v -0.409096 -0.260689 0.645375
v -0.102518 -0.116187 0.864080
v -0.524306 -0.217729 0.413001
v -0.315365 -0.360277 0.850411
v -0.026362 0.319270 0.346608
v 0.045889 0.141572 0.848458
v -0.327081 -0.375899 0.815262
v -0.346608 -0.344656 0.768397
v -0.528212 -0.288027 0.407143
v -0.493063 -0.295838 0.471583
v -0.467677 -0.243114 0.530164
v -0.498921 -0.420812 0.459866
v -0.383710 -0.387616 0.670761
v -0.383710 -0.325128 0.684430
v -0.362230 -0.381757 0.719579
v -0.383710 -0.506732 0.657091
v -0.362230 -0.481346 0.707862
v -0.340750 -0.393474 0.778160
v -0.381757 -0.534070 0.655139
v -0.428623 -0.543834 0.557503
v -0.346608 -0.491110 0.748869
v -0.340750 -0.452055 0.764491
v -0.323176 -0.436434 0.801593
v -0.174769 0.178674 0.393474
v -0.266547 0.096660 0.393474
v -0.118140 0.209918 0.407143
v -0.090802 0.221634 0.383710
v -0.071274 0.247020 0.434481
v -0.112282 0.217729 0.428623
vt 0.770685 0.072441
vt 0.514125 0.197470
vt 0.703149 0.216722
vt 0.613441 0.230147
vt 0.665111 0.233077
vt 0.531586 0.026094
vt 0.504268 0.049437
vt 0.496565 0.067989
vt 0.489369 0.171143
vt 0.736610 0.028611
vt 0.756010 0.041350
vt 0.666781 0.015996
vt 0.556163 0.013994
vt 0.495326 0.190283
vt 0.488021 0.107745
vt 0.691133 0.227535
vt 0.549127 0.213712
vt 0.534232 0.016931
vt 0.702504 0.018632
vt 0.482598 0.156157
vt 0.517323 0.029055
vt 0.745613 0.026248
vt 0.727785 0.019263
vt 0.771080 0.058660
vt 0.777219 0.067863
vt 0.492904 0.061412
vt 0.781532 0.078399
vt 0.777883 0.093218
vt 0.786051 0.158673
vt 0.784903 0.070173
vt 0.484455 0.180198
vt 0.499716 0.201050
vt 0.516350 0.208267
vt 0.764333 0.041392
vt 0.756973 0.029280
vt 0.501796 0.038264
vt 0.493707 0.048482
vt 0.682018 0.009198
vt 0.782291 0.061324
vt 0.632421 0.235288
vt 0.645688 0.008447
vt 0.562763 0.006268
vt 0.478724 0.109525
vt 0.484627 0.071052
vt 0.713239 0.010231
vt 0.595749 0.237735
vt 0.520633 0.016498
vt 0.541386 0.008721
vt 0.783785 0.127366
vt 0.603239 0.248224
vt 0.573423 0.240134
vt 0.477077 0.171821
vt 0.485428 0.194512
vt 0.650625 0.241595
vt 0.736558 0.015893
vt 0.581016 0.248257
vt 0.504421 0.027166
vt 0.676717 0.235783
vt 0.777706 0.052787
vt 0.507453 0.213470
vt 0.558100 0.243049
vt 0.482437 0.058306
vt 0.711957 0.211689
vt 0.731492 0.191094
vt 0.795738 0.063302
vt 0.473782 0.147313
vt 0.660640 0.002346
vt 0.527347 0.007513
vt 0.491896 0.207373
vt 0.748270 0.017915
vt 0.760320 0.022926
vt 0.731386 0.006999
vt 0.476391 0.182839
vt 0.473591 0.192532
vt 0.491328 0.036567
vt 0.482314 0.046571
vt 0.767396 0.035766
vt 0.713269 0.000418
vt 0.690292 0.001180
vt 0.547410 0.000418
vt 0.469765 0.167376
vt 0.469519 0.108708
vt 0.474472 0.076992
vt 0.796009 0.056478
vt 0.698833 0.227372
vt 0.510943 0.014184
vt 0.785044 0.053882
vt 0.739692 0.005467
vt 0.499064 0.220116
vt 0.568151 0.254139
vt 0.478747 0.204471
vt 0.586081 0.255649
vt 0.808699 0.052377
vt 0.463546 0.146479
vt 0.493117 0.024330
vt 0.482474 0.213600
vt 0.465860 0.180896
vt 0.515420 0.003515
vt 0.472956 0.057719
vt 0.480275 0.035069
vt 0.463417 0.099943
vt 0.501879 0.011326
vt 0.769217 0.025127
vt 0.463962 0.070277
vt 0.460726 0.167210
vt 0.462655 0.191052
vt 0.470583 0.042759
vt 0.797102 0.049024
vt 0.469266 0.213262
vt 0.467113 0.202781
vt 0.783030 0.047323
vt 0.773497 0.036505
vt 0.480528 0.024366
vt 0.488310 0.014711
vt 0.788378 0.046778
vt 0.779490 0.028226
vt 0.828625 0.561088
vt 0.831790 0.550638
vt 0.843085 0.559624
vt 0.843403 0.569954
vt 0.857900 0.570866
vt 0.858590 0.558215
vt 0.844749 0.544500
vt 0.860833 0.542137
vt 0.836179 0.529997
vt 0.824314 0.528602
vt 0.879207 0.509170
vt 0.904040 0.518736
vt 0.864861 0.500260
vt 0.845089 0.500275
vt 0.852019 0.489478
vt 0.890583 0.545758
vt 0.893840 0.562799
vt 0.886749 0.570958
vt 0.911826 0.537351
vt 0.910279 0.560688
vt 0.936744 0.522830
vt 0.952720 0.522641
vt 0.898274 0.571388
vt 0.955784 0.496518
vt 0.929653 0.491027
vt 0.910312 0.506177
vt 0.967879 0.502070
vt 0.957964 0.561640
vt 0.968050 0.535594
vt 0.979237 0.501928
vt 0.886921 0.501687
vt 0.900288 0.473532
vt 0.917397 0.482340
vt 0.821638 0.503109
vt 0.802703 0.498466
vt 0.841043 0.487165
vt 0.813863 0.497945
vt 0.891594 0.578498
vt 0.805982 0.530961
vt 0.793332 0.525965
vt 0.784196 0.507007
vt 0.779021 0.514000
vt 0.797170 0.546032
vt 0.785479 0.538306
vt 0.779531 0.535771
vt 0.873337 0.474887
vt 0.795144 0.489536
vt 0.776939 0.501860
vt 0.934533 0.483108
vt 0.929884 0.466779
vt 0.944243 0.462625
vt 0.948189 0.479215
vt 0.927042 0.453089
vt 0.911563 0.460028
vt 0.895983 0.464130
vt 0.873640 0.461199
vt 0.943496 0.451677
vt 0.965238 0.471848
vt 0.957026 0.478872
vt 0.941075 0.490430
vt 0.869209 0.468404
vt 0.855269 0.470266
vt 0.836077 0.478344
vt 0.821722 0.485632
vt 0.880601 0.578274
vt 0.787948 0.555603
vt 0.832028 0.473793
vt 0.813977 0.476139
vt 0.908192 0.451727
vt 0.894426 0.455008
vt 0.772090 0.497393
vt 0.976976 0.547253
vt 0.979544 0.525768
vt 0.973370 0.486971
vt 0.977045 0.485791
vt 0.988383 0.510970
vt 0.784128 0.560184
vt 0.787928 0.566426
vt 0.798650 0.558314
vt 0.823875 0.570060
vt 0.798402 0.572512
vt 0.915323 0.577962
vt 0.860400 0.463295
vt 0.972606 0.559770
vt 0.992114 0.531163
vt 0.953926 0.452897
vt 0.773723 0.512679
vt 0.999578 0.526438
vt 0.998621 0.535343
vt 0.986129 0.551734
vt 0.882190 0.585234
vt 0.826211 0.584994
vt 0.834549 0.583768
vt 0.825327 0.593055
vt 0.840090 0.590431
vt 0.850595 0.586644
vt 0.841152 0.599396
vt 0.854682 0.594839
vt 0.857407 0.604755
vt 0.869999 0.600814
vt 0.877702 0.594026
vt 0.868631 0.591132
vt 0.893111 0.595491
vt 0.882422 0.605749
vt 0.909765 0.598525
vt 0.899166 0.614322
vt 0.926826 0.627756
vt 0.869739 0.611057
vt 0.923510 0.607791
vt 0.946508 0.633625
vt 0.944382 0.648284
vt 0.962123 0.651368
vt 0.956424 0.662883
vt 0.972068 0.662189
vt 0.927564 0.653748
vt 0.789062 0.579288
vt 0.873729 0.584495
vt 0.812657 0.591744
vt 0.824167 0.601767
vt 0.938638 0.670093
vt 0.897741 0.645821
vt 0.920097 0.672214
vt 0.906180 0.587617
vt 0.922947 0.585591
vt 0.930122 0.577692
vt 0.943925 0.580415
vt 0.940591 0.588663
vt 0.962351 0.586135
vt 0.964618 0.590468
vt 0.925710 0.595397
vt 0.980646 0.589680
vt 0.809638 0.601588
vt 0.854608 0.580097
vt 0.839691 0.577113
vt 0.935857 0.608022
vt 0.965492 0.633328
vt 0.949325 0.625241
vt 0.955847 0.636873
vt 0.947195 0.606376
vt 0.952103 0.596359
vt 0.941457 0.484714
vt 0.984284 0.497917
vt 0.978015 0.599103
vt 0.966832 0.602093
vt 0.976288 0.664270
vt 0.969141 0.688846
vt 0.961566 0.568242
vt 0.844008 0.609491
vt 0.827123 0.616035
vt 0.856816 0.653015
vt 0.864676 0.654628
vt 0.864172 0.667612
vt 0.879369 0.674328
vt 0.818365 0.614475
vt 0.881602 0.654786
vt 0.907943 0.686982
vt 0.936364 0.684372
vt 0.969022 0.695461
vt 0.948968 0.486556
vt 0.789995 0.590813
vt 0.846203 0.650831
vt 0.980710 0.695111
vt 0.922816 0.689903
vt 0.868518 0.678258
vt 0.783827 0.574237
vt 0.784575 0.587600
vt 0.821918 0.627914
vt 0.841296 0.658864
vt 0.806335 0.608972
vt 0.856236 0.671147
vt 0.989604 0.563317
vt 0.995631 0.555680
vt 0.976016 0.496021
vt 0.929915 0.697432
vt 0.785029 0.597538
vt 0.881119 0.686817
vt 0.810993 0.624341
vt 0.816918 0.636828
vt 0.799721 0.613835
vt 0.965631 0.493479
vt 0.996222 0.570734
vt 0.989139 0.573778
vt 0.981143 0.572530
vt 0.981245 0.578906
vt 0.972019 0.576299
vt 0.993085 0.581596
vt 0.970365 0.577084
vt 0.986808 0.586762
vt 0.986368 0.688321
vt 0.980276 0.662290
vt 0.983022 0.599263
vt 0.911911 0.699086
vt 0.977949 0.567355
vt 0.945477 0.575856
vt 0.961313 0.575972
vt 0.992034 0.697672
vt 0.926793 0.705644
vt 0.999578 0.693696
vt 0.997231 0.684712
vt 0.997213 0.514901
vt 0.971810 0.703239
vt 0.953104 0.702984
vt 0.861868 0.684704
vt 0.847926 0.677709
vt 0.881138 0.699973
vt 0.792076 0.618163
vt 0.801290 0.627702
vt 0.991074 0.505321
vt 0.832982 0.661649
vt 0.967115 0.709889
vt 0.910591 0.707597
vt 0.782297 0.612970
vt 0.946801 0.715000
vt 0.776323 0.606958
vt 0.775172 0.598948
vt 0.862220 0.701496
vt 0.777329 0.583267
vt 0.852860 0.691903
vt 0.773097 0.532299
vt 0.978753 0.712010
vt 0.963723 0.581772
vt 0.813448 0.645558
vt 0.881766 0.711569
vt 0.928325 0.721378
vt 0.941914 0.447280
vt 0.785039 0.637886
vt 0.793920 0.642613
vt 0.791244 0.652932
vt 0.774424 0.642908
vt 0.777398 0.659840
vt 0.800023 0.684346
vt 0.802950 0.661160
vt 0.815401 0.695945
vt 0.822664 0.676697
vt 0.828603 0.695323
vt 0.773856 0.622566
vt 0.967242 0.718722
vt 0.838582 0.683804
vt 0.907156 0.717566
vt 0.842649 0.696100
vt 0.863025 0.713691
vt 0.768185 0.642286
vt 0.848301 0.704587
vt 0.877606 0.721192
vt 0.768158 0.596738
vt 0.770016 0.582101
vt 0.893171 0.727988
vt 0.949615 0.729510
vt 0.827908 0.704507
vt 0.790219 0.686717
vt 0.767724 0.621879
vt 0.767201 0.612163
vt 0.766866 0.526724
vt 0.763091 0.581370
vt 0.974897 0.476215
vt 0.980190 0.727285
vt 0.928002 0.733460
vt 0.907789 0.728954
vt 0.852248 0.721000
vt 0.865019 0.726077
vt 0.838568 0.714900
vt 0.968192 0.729431
vt 0.808767 0.706762
vt 0.943665 0.744757
vt 0.957793 0.741806
vt 0.825655 0.712930
vt 0.916191 0.740123
vt 0.879579 0.733746
vt 0.769287 0.661013
vt 0.782071 0.687381
vt 0.791285 0.697410
vt 0.838195 0.726063
vt 0.898839 0.743014
vt 0.972527 0.745934
vt 0.853538 0.732674
vt 0.865909 0.741379
vt 0.928300 0.750136
vt 0.881344 0.747915
vt 0.765420 0.507333
vt 0.912628 0.755171
vt 0.956552 0.756912
vt 0.894839 0.756631
vt 0.939186 0.761469
vt 0.975406 0.766551
vt 0.923120 0.766508
vt 0.871072 0.757458
vt 0.952315 0.770877
vt 0.885924 0.767973
vt 0.906942 0.771499
vt 0.982617 0.486846
vt 0.934230 0.776795
vt 0.972542 0.778793
vt 0.919699 0.782963
vt 0.954841 0.785598
vt 0.933730 0.790045
vt 0.969547 0.793756
vt 0.988039 0.784705
vt 0.946456 0.800418
vt 0.709826 0.581333
vt 0.725992 0.578753
vt 0.718876 0.590527
vt 0.716640 0.563952
vt 0.696956 0.572213
vt 0.732651 0.556534
vt 0.731019 0.541869
vt 0.703889 0.551903
vt 0.694163 0.534532
vt 0.697714 0.517716
vt 0.690367 0.518680
vt 0.689134 0.550441
vt 0.682599 0.541822
vt 0.674945 0.567847
vt 0.690539 0.596379
vt 0.677438 0.584638
vt 0.704851 0.605388
vt 0.664352 0.585407
vt 0.667848 0.598808
vt 0.688124 0.612797
vt 0.670443 0.614006
vt 0.664838 0.568127
vt 0.675770 0.542479
vt 0.716579 0.609724
vt 0.693403 0.502955
vt 0.687540 0.508167
vt 0.653205 0.586044
vt 0.650860 0.598177
vt 0.655906 0.609813
vt 0.699872 0.624792
vt 0.649839 0.578106
vt 0.683300 0.627752
vt 0.663762 0.626476
vt 0.728911 0.595965
vt 0.686623 0.643234
vt 0.670614 0.641344
vt 0.713690 0.630529
vt 0.654264 0.566319
vt 0.646420 0.614058
vt 0.635821 0.605537
vt 0.648782 0.629727
vt 0.636585 0.595096
vt 0.657110 0.645162
vt 0.699846 0.644832
vt 0.712656 0.649117
vt 0.726489 0.616208
vt 0.642439 0.644453
vt 0.673692 0.655525
vt 0.635896 0.620176
vt 0.689655 0.660373
vt 0.675862 0.669010
vt 0.734615 0.604109
vt 0.725742 0.639328
vt 0.734556 0.575195
vt 0.740124 0.591320
vt 0.701391 0.665497
vt 0.740807 0.541672
vt 0.734626 0.620378
vt 0.738758 0.529862
vt 0.698515 0.494816
vt 0.747278 0.531887
vt 0.743398 0.513567
vt 0.741330 0.561416
vt 0.748227 0.543528
vt 0.748579 0.521682
vt 0.691381 0.487845
vt 0.737361 0.642697
vt 0.726885 0.659177
vt 0.659670 0.663595
vt 0.691127 0.677690
vt 0.714214 0.667768
vt 0.678833 0.683824
vt 0.706380 0.682293
vt 0.646530 0.660184
vt 0.633094 0.637838
vt 0.660368 0.677036
vt 0.725539 0.676584
vt 0.694053 0.693674
vt 0.742780 0.605160
vt 0.623358 0.617287
vt 0.633202 0.586675
vt 0.621150 0.633258
vt 0.637281 0.573959
vt 0.718396 0.692003
vt 0.708351 0.701886
vt 0.741837 0.667558
vt 0.747918 0.653498
vt 0.742253 0.623499
vt 0.749372 0.641607
vt 0.679148 0.699531
vt 0.751915 0.623388
vt 0.641771 0.673790
vt 0.659274 0.689651
vt 0.661950 0.702789
vt 0.633256 0.655420
vt 0.621200 0.650470
vt 0.618822 0.604313
vt 0.610705 0.614682
vt 0.599761 0.593612
vt 0.595052 0.605349
vt 0.587503 0.585980
vt 0.581814 0.596477
vt 0.602180 0.580533
vt 0.573807 0.581016
vt 0.563986 0.590521
vt 0.587047 0.571925
vt 0.605631 0.560127
vt 0.566278 0.605821
vt 0.575732 0.611034
vt 0.570273 0.566998
vt 0.559278 0.576103
vt 0.553838 0.599974
vt 0.591022 0.541009
vt 0.617396 0.536396
vt 0.605691 0.524930
vt 0.637249 0.537704
vt 0.634174 0.524559
vt 0.615459 0.527813
vt 0.650346 0.525960
vt 0.637056 0.495729
vt 0.625266 0.497295
vt 0.661078 0.517122
vt 0.665011 0.502878
vt 0.638104 0.481628
vt 0.659980 0.533644
vt 0.626956 0.478869
vt 0.619120 0.478851
vt 0.633483 0.554792
vt 0.617453 0.570596
vt 0.648087 0.475324
vt 0.634085 0.458771
vt 0.670828 0.505754
vt 0.644098 0.454098
vt 0.642388 0.439062
vt 0.652948 0.441858
vt 0.662565 0.454323
vt 0.635084 0.436840
vt 0.644142 0.422072
vt 0.651898 0.426145
vt 0.667696 0.434231
vt 0.668658 0.477452
vt 0.674931 0.477788
vt 0.638388 0.419166
vt 0.623192 0.456758
vt 0.612777 0.488362
vt 0.651556 0.412587
vt 0.629476 0.429057
vt 0.674917 0.444754
vt 0.678126 0.456971
vt 0.683163 0.463683
vt 0.662670 0.418094
vt 0.643825 0.407396
vt 0.612867 0.467251
vt 0.617221 0.448414
vt 0.685421 0.491977
vt 0.592438 0.521796
vt 0.633955 0.411152
vt 0.684938 0.448379
vt 0.678800 0.481782
vt 0.669929 0.520732
vt 0.660119 0.406730
vt 0.652227 0.399482
vt 0.554748 0.586280
vt 0.646033 0.390938
vt 0.643294 0.563097
vt 0.658153 0.552910
vt 0.639722 0.393978
vt 0.580500 0.535904
vt 0.682488 0.436916
vt 0.675627 0.434335
vt 0.689779 0.463523
vt 0.670444 0.409700
vt 0.671886 0.421237
vt 0.682036 0.510357
vt 0.675995 0.534521
vt 0.603213 0.486105
vt 0.579384 0.518949
vt 0.559434 0.559254
vt 0.548991 0.570276
vt 0.545801 0.581465
vt 0.622768 0.419844
vt 0.589287 0.614833
vt 0.696836 0.481772
vt 0.633555 0.395431
vt 0.545573 0.592504
vt 0.607033 0.630087
vt 0.554264 0.615053
vt 0.595916 0.478948
vt 0.604794 0.463143
vt 0.610414 0.439452
vt 0.565605 0.618868
vt 0.670637 0.531540
vt 0.660202 0.393973
vt 0.693918 0.455143
vt 0.689759 0.430494
vt 0.681975 0.424977
vt 0.627390 0.401161
vt 0.652518 0.382386
vt 0.645253 0.380230
vt 0.702300 0.446281
vt 0.701893 0.462548
vt 0.607373 0.647314
vt 0.594812 0.640750
vt 0.576345 0.625635
vt 0.549470 0.553510
vt 0.571543 0.514698
vt 0.582926 0.476514
vt 0.595068 0.465487
vt 0.636859 0.381525
vt 0.545929 0.607766
vt 0.536703 0.600141
vt 0.557864 0.628346
vt 0.535595 0.587365
vt 0.568255 0.639315
vt 0.642714 0.372367
vt 0.536663 0.614487
vt 0.543864 0.623789
vt 0.626501 0.670981
vt 0.607272 0.666229
vt 0.538697 0.573274
vt 0.752579 0.505435
vt 0.585398 0.663009
vt 0.609558 0.683898
vt 0.630054 0.381071
vt 0.640066 0.689540
vt 0.625924 0.690785
vt 0.692642 0.416299
vt 0.635208 0.369625
vt 0.657083 0.377807
vt 0.526585 0.612088
vt 0.757665 0.514562
vt 0.755239 0.524047
vt 0.671649 0.398117
vt 0.651446 0.369720
vt 0.557759 0.653186
vt 0.553305 0.643361
vt 0.759060 0.484334
vt 0.680811 0.413093
vt 0.542293 0.639040
vt 0.531132 0.629778
vt 0.525013 0.602585
vt 0.644173 0.706214
vt 0.591679 0.682429
vt 0.521682 0.624867
vt 0.762075 0.499941
vt 0.663424 0.377181
vt 0.531546 0.644858
vt 0.543361 0.655161
vt 0.572385 0.678071
vt 0.628182 0.707439
vt 0.613046 0.701168
vt 0.512247 0.619301
vt 0.640739 0.362792
vt 0.647798 0.364599
vt 0.766985 0.429543
vt 0.680298 0.716075
vt 0.519040 0.639378
vt 0.696748 0.712952
vt 0.676395 0.403535
vt 0.731749 0.695907
vt 0.722490 0.710562
vt 0.761526 0.638828
vt 0.740010 0.683852
vt 0.661647 0.718796
vt 0.705322 0.407221
vt 0.695425 0.404213
vt 0.755406 0.668634
vt 0.755321 0.683139
vt 0.762102 0.657087
vt 0.746531 0.697046
vt 0.712506 0.713364
vt 0.713019 0.725782
vt 0.645425 0.722812
vt 0.735047 0.712110
vt 0.688629 0.400112
vt 0.707275 0.395072
vt 0.768304 0.672639
vt 0.697502 0.727940
vt 0.727567 0.725119
vt 0.687093 0.390086
vt 0.718586 0.399443
vt 0.661877 0.370396
vt 0.764938 0.410516
vt 0.748652 0.713503
vt 0.770099 0.687643
vt 0.760889 0.701905
vt 0.681125 0.730068
vt 0.696529 0.742943
vt 0.712221 0.739811
vt 0.741042 0.727589
vt 0.679070 0.383276
vt 0.671028 0.373566
vt 0.675657 0.371433
vt 0.684902 0.376722
vt 0.680137 0.368958
vt 0.687491 0.366843
vt 0.696589 0.382306
vt 0.710959 0.382684
vt 0.684056 0.362548
vt 0.688124 0.384674
vt 0.676505 0.364853
vt 0.689939 0.361740
vt 0.670111 0.365735
vt 0.687260 0.351127
vt 0.694508 0.343631
vt 0.685254 0.338866
vt 0.681254 0.347362
vt 0.676604 0.337623
vt 0.667844 0.323452
vt 0.660036 0.324349
vt 0.656832 0.330705
vt 0.669483 0.345443
vt 0.657430 0.341010
vt 0.645568 0.335385
vt 0.669246 0.352493
vt 0.648903 0.327476
vt 0.662373 0.316638
vt 0.653233 0.316784
vt 0.671484 0.318623
vt 0.666622 0.307247
vt 0.648438 0.341020
vt 0.641494 0.338317
vt 0.660112 0.306339
vt 0.654008 0.344583
vt 0.681536 0.353922
vt 0.676958 0.277416
vt 0.674428 0.271633
vt 0.687548 0.254340
vt 0.684535 0.241793
vt 0.698056 0.233891
vt 0.760135 0.401589
vt 0.717870 0.392826
vt 0.654870 0.362799
vt 0.770693 0.400303
vt 0.647447 0.355186
vt 0.761485 0.720014
vt 0.754055 0.732627
vt 0.725587 0.739128
vt 0.740020 0.739026
vt 0.770693 0.739121
vt 0.755245 0.747162
vt 0.738782 0.751299
vt 0.724082 0.754044
vt 0.661711 0.361104
vt 0.767925 0.755964
vt 0.752505 0.761219
vt 0.739128 0.766254
vt 0.769218 0.771423
vt 0.752359 0.773640
vt 0.258156 0.265582
vt 0.249551 0.289617
vt 0.258184 0.282023
vt 0.243267 0.279338
vt 0.259894 0.254708
vt 0.242175 0.296589
vt 0.232687 0.292439
vt 0.232774 0.271543
vt 0.266525 0.258339
vt 0.222336 0.284143
vt 0.288251 0.250872
vt 0.283383 0.244848
vt 0.296904 0.245098
vt 0.305412 0.248758
vt 0.234151 0.314393
vt 0.295359 0.255459
vt 0.249376 0.347908
vt 0.255991 0.345635
vt 0.309204 0.255411
vt 0.265082 0.268091
vt 0.272311 0.262340
vt 0.240029 0.344763
vt 0.219926 0.300646
vt 0.263850 0.344350
vt 0.226458 0.322202
vt 0.319510 0.252417
vt 0.315759 0.244736
vt 0.255308 0.356859
vt 0.264538 0.357170
vt 0.273112 0.276136
vt 0.324983 0.267958
vt 0.245847 0.356145
vt 0.331727 0.247133
vt 0.336018 0.264269
vt 0.334742 0.253375
vt 0.305187 0.240138
vt 0.272488 0.349062
vt 0.260436 0.364964
vt 0.333379 0.240969
vt 0.265500 0.282379
vt 0.235475 0.352103
vt 0.283596 0.290587
vt 0.215005 0.317473
vt 0.293690 0.237428
vt 0.276465 0.365189
vt 0.350683 0.262706
vt 0.343311 0.279613
vt 0.337436 0.287263
vt 0.304089 0.312479
vt 0.287914 0.304089
vt 0.299314 0.322566
vt 0.310508 0.324632
vt 0.310671 0.334200
vt 0.321521 0.317444
vt 0.270517 0.369454
vt 0.354735 0.274181
vt 0.358886 0.253376
vt 0.322824 0.330011
vt 0.340516 0.297504
vt 0.356235 0.286000
vt 0.274693 0.288758
vt 0.281332 0.323721
vt 0.267496 0.375990
vt 0.365045 0.263122
vt 0.251859 0.365239
vt 0.358378 0.244098
vt 0.285535 0.362675
vt 0.333719 0.324340
vt 0.286688 0.353057
vt 0.303348 0.362543
vt 0.307195 0.342659
vt 0.358529 0.296438
vt 0.367566 0.273820
vt 0.370661 0.283564
vt 0.297878 0.378468
vt 0.292065 0.384959
vt 0.286559 0.389495
vt 0.379506 0.248826
vt 0.379311 0.261905
vt 0.308878 0.374479
vt 0.332018 0.343431
vt 0.383619 0.268931
vt 0.345956 0.308551
vt 0.385796 0.234387
vt 0.258652 0.373649
vt 0.321638 0.367860
vt 0.333506 0.352282
vt 0.392289 0.251673
vt 0.395241 0.262043
vt 0.339435 0.337619
vt 0.310371 0.386910
vt 0.304422 0.394114
vt 0.394136 0.239260
vt 0.361156 0.235340
vt 0.281216 0.393649
vt 0.298257 0.400435
vt 0.374571 0.293072
vt 0.323300 0.380360
vt 0.343511 0.331837
vt 0.351933 0.318034
vt 0.291029 0.405760
vt 0.388325 0.278318
vt 0.363106 0.307873
vt 0.317210 0.237382
vt 0.240401 0.362084
vt 0.352556 0.344372
vt 0.350923 0.351618
vt 0.334607 0.368164
vt 0.245937 0.370812
vt 0.266729 0.388621
vt 0.399161 0.227730
vt 0.393326 0.286917
vt 0.405622 0.251208
vt 0.404979 0.237755
vt 0.392273 0.221529
vt 0.320895 0.392884
vt 0.314241 0.402455
vt 0.306996 0.408270
vt 0.355819 0.337374
vt 0.403477 0.267883
vt 0.344831 0.372184
vt 0.329156 0.399886
vt 0.379801 0.303726
vt 0.360389 0.320747
vt 0.279810 0.402345
vt 0.336795 0.385927
vt 0.251744 0.380533
vt 0.386099 0.216005
vt 0.300748 0.416686
vt 0.219197 0.333519
vt 0.413790 0.256879
vt 0.417958 0.240774
vt 0.424143 0.252336
vt 0.372493 0.319677
vt 0.406477 0.279633
vt 0.412456 0.221506
vt 0.417892 0.230171
vt 0.398251 0.296189
vt 0.321405 0.411666
vt 0.270015 0.403406
vt 0.257483 0.393107
vt 0.364446 0.350349
vt 0.405585 0.214146
vt 0.366464 0.342729
vt 0.353202 0.376754
vt 0.346050 0.389703
vt 0.313613 0.417925
vt 0.388572 0.311065
vt 0.283293 0.412532
vt 0.361772 0.357531
vt 0.419445 0.271151
vt 0.428956 0.228153
vt 0.217939 0.347519
vt 0.208716 0.305325
vt 0.203752 0.322721
vt 0.203853 0.336818
vt 0.305762 0.232489
vt 0.430321 0.238861
vt 0.330944 0.234453
vt 0.324909 0.228560
vt 0.381620 0.210003
vt 0.351082 0.212277
vt 0.398584 0.206974
vt 0.214095 0.267913
vt 0.222912 0.259799
vt 0.251369 0.248619
vt 0.209196 0.283670
vt 0.200377 0.292486
vt 0.221773 0.358713
vt 0.220565 0.372154
vt 0.225058 0.380758
vt 0.231749 0.388653
vt 0.196841 0.309988
vt 0.280156 0.237830
vt 0.217123 0.244609
vt 0.250697 0.237171
vt 0.208274 0.252466
vt 0.205667 0.366520
vt 0.205510 0.352573
vt 0.192926 0.339720
vt 0.201337 0.266323
vt 0.222589 0.229884
vt 0.191373 0.276747
vt 0.189149 0.324940
vt 0.186813 0.296995
vt 0.178092 0.284292
vt 0.251765 0.222619
vt 0.375857 0.203106
vt 0.237077 0.399152
vt 0.218675 0.415104
vt 0.178484 0.313992
vt 0.209715 0.227784
vt 0.201273 0.238007
vt 0.284633 0.221538
vt 0.272373 0.221291
vt 0.295550 0.220612
vt 0.220970 0.212134
vt 0.193849 0.249525
vt 0.186880 0.262398
vt 0.392181 0.199926
vt 0.251828 0.209754
vt 0.307272 0.218233
vt 0.315982 0.224792
vt 0.191134 0.359875
vt 0.181409 0.350486
vt 0.201958 0.382673
vt 0.213518 0.402496
vt 0.227410 0.420815
vt 0.245954 0.410187
vt 0.177781 0.333424
vt 0.208483 0.391650
vt 0.174141 0.268468
vt 0.271192 0.184038
vt 0.195684 0.224168
vt 0.206849 0.212042
vt 0.285192 0.183360
vt 0.276060 0.148685
vt 0.290645 0.139630
vt 0.306007 0.146183
vt 0.299074 0.185139
vt 0.315336 0.155377
vt 0.341245 0.131789
vt 0.309734 0.182531
vt 0.322284 0.167502
vt 0.350272 0.137634
vt 0.355638 0.147718
vt 0.332076 0.176522
vt 0.326114 0.185088
vt 0.343573 0.179309
vt 0.346293 0.187801
vt 0.376763 0.171949
vt 0.365227 0.149320
vt 0.371938 0.162437
vt 0.361862 0.134262
vt 0.380210 0.158277
vt 0.371181 0.136626
vt 0.377697 0.180964
vt 0.317657 0.210121
vt 0.344438 0.196185
vt 0.346694 0.203098
vt 0.381961 0.187872
vt 0.255300 0.184747
vt 0.228548 0.189250
vt 0.231371 0.151627
vt 0.254828 0.141360
vt 0.316349 0.129891
vt 0.388110 0.167022
vt 0.391596 0.174736
vt 0.391207 0.190197
vt 0.352388 0.123128
vt 0.214207 0.189228
vt 0.220142 0.159299
vt 0.177451 0.249367
vt 0.186058 0.231822
vt 0.174803 0.231941
vt 0.331030 0.122299
vt 0.221569 0.140664
vt 0.193633 0.210424
vt 0.232801 0.135489
vt 0.201894 0.189580
vt 0.403671 0.193169
vt 0.412609 0.201542
vt 0.380949 0.135199
vt 0.391454 0.153269
vt 0.169162 0.297764
vt 0.210191 0.149298
vt 0.211362 0.135643
vt 0.208419 0.164986
vt 0.167176 0.244064
vt 0.162720 0.260591
vt 0.268546 0.129111
vt 0.180681 0.216193
vt 0.162956 0.279190
vt 0.187721 0.194943
vt 0.240848 0.122472
vt 0.222780 0.127184
vt 0.194543 0.171224
vt 0.365025 0.124307
vt 0.148734 0.290965
vt 0.300963 0.123601
vt 0.197747 0.140187
vt 0.193612 0.156867
vt 0.169543 0.204985
vt 0.162779 0.325964
vt 0.158085 0.234456
vt 0.158242 0.309740
vt 0.141927 0.306513
vt 0.150807 0.252267
vt 0.146086 0.270446
vt 0.162375 0.220311
vt 0.164416 0.341070
vt 0.271378 0.118125
vt 0.377070 0.123219
vt 0.211831 0.122408
vt 0.400252 0.183409
vt 0.420326 0.207368
vt 0.391011 0.126611
vt 0.365133 0.115166
vt 0.340946 0.115568
vt 0.398004 0.161345
vt 0.187953 0.140708
vt 0.178197 0.186971
vt 0.179808 0.155313
vt 0.166149 0.185396
vt 0.140016 0.238370
vt 0.131308 0.275236
vt 0.426754 0.215681
vt 0.131276 0.255718
vt 0.145252 0.324592
vt 0.148528 0.339472
vt 0.191020 0.374783
vt 0.199763 0.127704
vt 0.174605 0.366970
vt 0.165753 0.354860
vt 0.226186 0.116065
vt 0.143034 0.220212
vt 0.152752 0.207594
vt 0.319403 0.113505
vt 0.128612 0.293002
vt 0.279748 0.110879
vt 0.151481 0.186517
vt 0.185859 0.128887
vt 0.127953 0.226875
vt 0.403239 0.167916
vt 0.355170 0.110879
vt 0.415069 0.189878
vt 0.116876 0.263808
vt 0.201072 0.115562
vt 0.115188 0.279521
vt 0.176019 0.138739
vt 0.169006 0.153081
vt 0.119548 0.241244
vt 0.106241 0.250612
vt 0.128002 0.311339
vt 0.136068 0.199699
vt 0.190638 0.119416
vt 0.170962 0.380708
vt 0.121022 0.210195
vt 0.377799 0.112931
vt 0.148756 0.353964
vt 0.410708 0.179643
vt 0.132440 0.330298
vt 0.133424 0.345425
vt 0.111471 0.300294
vt 0.194590 0.400449
vt 0.186287 0.390507
vt 0.182570 0.406634
vt 0.171376 0.396637
vt 0.156005 0.372962
vt 0.202153 0.414619
vt 0.388758 0.113270
vt 0.178283 0.115858
vt 0.102483 0.272883
vt 0.116208 0.320267
vt 0.186553 0.423405
vt 0.120932 0.336240
vt 0.139132 0.370173
vt 0.126792 0.358250
vt 0.100762 0.314927
vt 0.098861 0.294591
vt 0.170706 0.412467
vt 0.144488 0.384593
vt 0.158450 0.391529
vt 0.201302 0.432918
vt 0.155427 0.406705
vt 0.213679 0.436801
vt 0.256826 0.418162
vt 0.232481 0.430305
vt 0.105498 0.334625
vt 0.128987 0.374491
vt 0.112026 0.351361
vt 0.087917 0.285330
vt 0.137205 0.394952
vt 0.240045 0.438939
vt 0.185952 0.437800
vt 0.171753 0.431756
vt 0.157912 0.422366
vt 0.220977 0.447020
vt 0.202418 0.446554
vt 0.292431 0.422646
vt 0.266138 0.427213
vt 0.189968 0.448954
vt 0.115592 0.370744
vt 0.144231 0.413079
vt 0.096636 0.344483
vt 0.089623 0.326879
vt 0.121789 0.388571
vt 0.101337 0.363471
vt 0.131113 0.410143
vt 0.176933 0.446678
vt 0.159022 0.439607
vt 0.310936 0.427490
vt 0.103189 0.378895
vt 0.385400 0.325428
vt 0.146969 0.427582
vt 0.335773 0.409982
vt 0.371627 0.361759
vt 0.375151 0.354785
vt 0.111379 0.397597
vt 0.087416 0.356681
vt 0.322889 0.426321
vt 0.344469 0.399694
vt 0.361416 0.382004
vt 0.329971 0.421910
vt 0.121902 0.419668
vt 0.138520 0.434623
vt 0.094867 0.394217
vt 0.069389 0.084136
vt 0.076963 0.084689
vt 0.063761 0.072087
vt 0.067940 0.064729
vt 0.073962 0.105736
vt 0.055495 0.049227
vt 0.071831 0.045303
vt 0.049982 0.062502
vt 0.047161 0.044886
vt 0.035755 0.055101
vt 0.034762 0.037261
vt 0.026974 0.057173
vt 0.070516 0.032006
vt 0.051520 0.026516
vt 0.070844 0.022285
vt 0.056830 0.020142
vt 0.083775 0.106236
vt 0.088935 0.048382
vt 0.095879 0.034054
vt 0.095933 0.071243
vt 0.090295 0.073267
vt 0.081108 0.062733
vt 0.088409 0.083743
vt 0.108500 0.095400
vt 0.103106 0.097262
vt 0.113387 0.094043
vt 0.095598 0.097324
vt 0.105707 0.108608
vt 0.113916 0.114544
vt 0.108917 0.117671
vt 0.019005 0.051580
vt 0.028267 0.068706
vt 0.120698 0.110410
vt 0.037185 0.066055
vt 0.102194 0.033455
vt 0.101726 0.115790
vt 0.015273 0.059626
vt 0.029157 0.078056
vt 0.039084 0.078769
vt 0.046840 0.076156
vt 0.130067 0.084712
vt 0.046308 0.068761
vt 0.114721 0.120084
vt 0.063417 0.080041
vt 0.025428 0.041987
vt 0.068289 0.095433
vt 0.062922 0.103353
vt 0.089581 0.110902
vt 0.075008 0.111692
vt 0.079889 0.023463
vt 0.099886 0.029492
vt 0.112513 0.031751
vt 0.045075 0.090910
vt 0.049593 0.085018
vt 0.052563 0.091227
vt 0.057782 0.085166
vt 0.049141 0.098782
vt 0.061010 0.089303
vt 0.055112 0.095741
vt 0.142354 0.104649
vt 0.122770 0.034138
vt 0.141440 0.064202
vt 0.048750 0.021977
vt 0.065251 0.017155
vt 0.121342 0.116099
vt 0.148661 0.108548
vt 0.143667 0.079847
vt 0.153040 0.100360
vt 0.161598 0.079543
vt 0.156212 0.062714
vt 0.140939 0.040019
vt 0.167937 0.063651
vt 0.165761 0.079920
vt 0.127617 0.028342
vt 0.162862 0.041277
vt 0.143868 0.027001
vt 0.059038 0.107880
vt 0.172340 0.050755
vt 0.171906 0.025399
vt 0.160296 0.096221
vt 0.008024 0.053313
vt 0.175880 0.025462
vt 0.172397 0.066659
vt 0.016649 0.044403
vt 0.032019 0.034206
vt 0.022481 0.036930
vt 0.176065 0.057227
vt 0.178958 0.044383
vt 0.185063 0.029863
vt 0.193336 0.023481
vt 0.193574 0.020679
vt 0.201956 0.017155
vt 0.185191 0.017802
vt 0.206503 0.048716
vt 0.486312 0.484583
vt 0.475475 0.491463
vt 0.489772 0.500524
vt 0.469459 0.473077
vt 0.477631 0.505454
vt 0.476081 0.466555
vt 0.498227 0.492562
vt 0.492690 0.513076
vt 0.501157 0.501963
vt 0.492547 0.476460
vt 0.482155 0.459389
vt 0.462861 0.456646
vt 0.470142 0.452439
vt 0.456923 0.462232
vt 0.461331 0.480130
vt 0.463864 0.500128
vt 0.455212 0.497926
vt 0.479565 0.517830
vt 0.455458 0.516471
vt 0.467283 0.518385
vt 0.448432 0.512718
vt 0.486073 0.525513
vt 0.452407 0.471715
vt 0.471944 0.528361
vt 0.457466 0.530786
vt 0.456306 0.450873
vt 0.446662 0.525037
vt 0.442640 0.517067
vt 0.446135 0.535608
vt 0.480853 0.536951
vt 0.467631 0.538312
vt 0.452452 0.541129
vt 0.460982 0.547176
vt 0.497675 0.524271
vt 0.451107 0.457368
vt 0.435331 0.538942
vt 0.438435 0.528050
vt 0.445929 0.468955
vt 0.462829 0.444843
vt 0.502337 0.512818
vt 0.491653 0.534291
vt 0.508174 0.493075
vt 0.440636 0.547424
vt 0.475675 0.545664
vt 0.504643 0.482952
vt 0.495464 0.464877
vt 0.472116 0.442958
vt 0.484836 0.450233
vt 0.508202 0.470781
vt 0.487145 0.544581
vt 0.478795 0.553197
vt 0.430891 0.549597
vt 0.448199 0.552680
vt 0.462140 0.555329
vt 0.428303 0.541861
vt 0.507330 0.522918
vt 0.423968 0.550112
vt 0.437548 0.554894
vt 0.456612 0.439651
vt 0.430043 0.533860
vt 0.442724 0.454330
vt 0.435042 0.518203
vt 0.501619 0.537259
vt 0.510939 0.533243
vt 0.496194 0.546010
vt 0.510227 0.506496
vt 0.516160 0.483209
vt 0.503892 0.452400
vt 0.466682 0.433891
vt 0.437971 0.465339
vt 0.488723 0.556376
vt 0.445842 0.561244
vt 0.429748 0.456187
vt 0.418438 0.442122
vt 0.423355 0.456827
vt 0.420035 0.479197
vt 0.425771 0.516590
vt 0.422485 0.436695
vt 0.361382 0.436002
vt 0.416119 0.446091
vt 0.347108 0.446364
vt 0.372917 0.470209
vt 0.353543 0.465620
vt 0.308243 0.468729
vt 0.355391 0.487320
vt 0.378174 0.480674
vt 0.336119 0.497786
vt 0.353574 0.521096
vt 0.368160 0.498270
vt 0.397655 0.485863
vt 0.406514 0.457424
vt 0.414627 0.453833
vt 0.378326 0.499846
vt 0.404637 0.470524
vt 0.413147 0.462727
vt 0.361671 0.532070
vt 0.381822 0.515801
vt 0.384741 0.533330
vt 0.398523 0.496910
vt 0.385934 0.509047
vt 0.405667 0.510826
vt 0.406172 0.476040
vt 0.385858 0.549814
vt 0.402022 0.519354
vt 0.418646 0.545237
vt 0.410035 0.519783
vt 0.408854 0.530588
vt 0.392242 0.525427
vt 0.392832 0.541698
vt 0.414796 0.539431
vt 0.400908 0.532667
vt 0.351488 0.440261
vt 0.352221 0.433891
vt 0.424289 0.528981
vt 0.336998 0.449582
vt 0.308825 0.457439
vt 0.322738 0.449202
vt 0.301485 0.464653
vt 0.303210 0.453601
vt 0.332165 0.505671
vt 0.405348 0.540265
vt 0.352563 0.540365
vt 0.410382 0.547389
vt 0.294752 0.456157
vt 0.416936 0.520258
vt 0.410438 0.553596
vt 0.417367 0.553299
vt 0.410314 0.506055
vt 0.416529 0.473371
vt 0.406111 0.487994
vt 0.333774 0.520403
vt 0.400765 0.546865
vt 0.385917 0.555824
vt 0.366540 0.550939
vt 0.304659 0.474572
vt 0.283066 0.456688
vt 0.400253 0.554932
vt 0.418962 0.558793
vt 0.426790 0.556160
vt 0.411054 0.559209
vt 0.433537 0.560208
vt 0.426167 0.565128
vt 0.461414 0.561822
vt 0.419307 0.566421
vt 0.439722 0.566915
vt 0.479637 0.561067
vt 0.435532 0.574224
vt 0.456767 0.568820
vt 0.448956 0.575449
vt 0.476709 0.569600
vt 0.425637 0.573370
vt 0.412087 0.573216
vt 0.462009 0.577115
vt 0.488831 0.567535
vt 0.497982 0.555977
vt 0.519222 0.465009
vt 0.508389 0.545620
vt 0.480970 0.578104
vt 0.517601 0.517628
vt 0.519474 0.500345
vt 0.478444 0.587084
vt 0.415271 0.586423
vt 0.500922 0.570463
vt 0.459918 0.590777
vt 0.462778 0.600399
vt 0.449327 0.598108
vt 0.447730 0.589149
vt 0.451359 0.608406
vt 0.442300 0.606032
vt 0.436624 0.598961
vt 0.437925 0.592123
vt 0.428649 0.606292
vt 0.425570 0.597715
vt 0.416179 0.602932
vt 0.418663 0.612004
vt 0.405191 0.605701
vt 0.407275 0.597133
vt 0.416583 0.595665
vt 0.436914 0.613545
vt 0.429200 0.618813
vt 0.407421 0.614218
vt 0.445233 0.622838
vt 0.417047 0.619471
vt 0.430754 0.625798
vt 0.463419 0.610799
vt 0.460246 0.627044
vt 0.449028 0.631435
vt 0.476619 0.612000
vt 0.467256 0.632595
vt 0.425075 0.628715
vt 0.476808 0.599303
vt 0.426027 0.588991
vt 0.411660 0.623206
vt 0.442728 0.637448
vt 0.485747 0.614220
vt 0.478965 0.635406
vt 0.459027 0.639992
vt 0.490659 0.579564
vt 0.487574 0.593471
vt 0.494083 0.614791
vt 0.499110 0.586685
vt 0.417336 0.634570
vt 0.428824 0.638354
vt 0.506342 0.558977
vt 0.489897 0.636650
vt 0.473980 0.643680
vt 0.503361 0.614684
vt 0.508739 0.587706
vt 0.447613 0.647666
vt 0.510745 0.568066
vt 0.518457 0.539873
vt 0.517543 0.551771
vt 0.464951 0.649990
vt 0.488075 0.646208
vt 0.423282 0.647160
vt 0.522026 0.528664
vt 0.435611 0.651860
vt 0.529067 0.512202
vt 0.526467 0.484559
vt 0.530414 0.469468
vt 0.529564 0.538001
vt 0.412523 0.644723
vt 0.532394 0.493218
vt 0.476856 0.652831
vt 0.460626 0.656806
vt 0.544341 0.476285
vt 0.223702 0.515675
vt 0.232088 0.524460
vt 0.239351 0.518459
vt 0.230896 0.512607
vt 0.245786 0.528243
vt 0.247400 0.521146
vt 0.252869 0.526703
vt 0.184639 0.578066
vt 0.197088 0.560425
vt 0.206481 0.539785
vt 0.274003 0.627848
vt 0.291487 0.635538
vt 0.282691 0.620878
vt 0.298604 0.630259
vt 0.296099 0.617702
vt 0.310225 0.626855
vt 0.313271 0.639270
vt 0.310298 0.616476
vt 0.284477 0.610645
vt 0.268716 0.606993
vt 0.263639 0.614218
vt 0.297644 0.607570
vt 0.275799 0.599733
vt 0.326052 0.628670
vt 0.323166 0.616579
vt 0.331875 0.623269
vt 0.322736 0.637670
vt 0.336691 0.631259
vt 0.311430 0.601372
vt 0.321738 0.607438
vt 0.293431 0.598610
vt 0.300312 0.587968
vt 0.309433 0.589669
vt 0.330934 0.615248
vt 0.299291 0.576678
vt 0.260502 0.591313
vt 0.271156 0.586942
vt 0.252555 0.601085
vt 0.250918 0.550983
vt 0.265361 0.558258
vt 0.272358 0.556595
vt 0.255647 0.538227
vt 0.236776 0.536680
vt 0.228667 0.540006
vt 0.219228 0.532923
vt 0.247010 0.588598
vt 0.260624 0.532497
vt 0.276179 0.551038
vt 0.218560 0.542078
vt 0.203611 0.570534
vt 0.221563 0.558006
vt 0.309884 0.578685
vt 0.212159 0.591169
vt 0.191445 0.581260
vt 0.204930 0.600494
vt 0.187052 0.595041
vt 0.195483 0.608230
vt 0.184665 0.610066
vt 0.206196 0.610625
vt 0.201757 0.621733
vt 0.212779 0.622295
vt 0.216571 0.617463
vt 0.220973 0.635576
vt 0.213335 0.603868
vt 0.208269 0.631794
vt 0.227471 0.630171
vt 0.249903 0.613467
vt 0.235550 0.590306
vt 0.225329 0.579046
vt 0.240368 0.602836
vt 0.213261 0.641430
vt 0.329397 0.606686
vt 0.257805 0.623655
vt 0.189833 0.622380
vt 0.193072 0.632570
vt 0.233662 0.641407
vt 0.224360 0.645634
vt 0.216673 0.650119
vt 0.178557 0.596143
vt 0.222788 0.614467
vt 0.202935 0.644209
vt 0.194311 0.647223
vt 0.182537 0.586164
vt 0.304754 0.571744
vt 0.295733 0.564255
vt 0.234551 0.623470
vt 0.241907 0.633492
vt 0.218091 0.520961
vt 0.314476 0.594412
vt 0.319993 0.602078
vt 0.205683 0.657566
vt 0.268494 0.635220
vt 0.226330 0.654281
vt 0.234875 0.649984
vt 0.337247 0.618363
vt 0.341436 0.624859
vt 0.345541 0.632788
vt 0.247530 0.644997
vt 0.285510 0.641790
vt 0.307852 0.645918
vt 0.218722 0.659693
vt 0.183302 0.638658
vt 0.182406 0.651082
vt 0.166349 0.633089
vt 0.173540 0.654029
vt 0.181431 0.668915
vt 0.170022 0.663508
vt 0.172456 0.671393
vt 0.137108 0.602353
vt 0.139465 0.616390
vt 0.126180 0.596744
vt 0.097396 0.604591
vt 0.094048 0.617154
vt 0.079260 0.616265
vt 0.152618 0.666455
vt 0.090004 0.626235
vt 0.092189 0.582956
vt 0.076833 0.586232
vt 0.069273 0.577216
vt 0.080037 0.604397
vt 0.064054 0.586174
vt 0.097837 0.576968
vt 0.051029 0.580014
vt 0.130041 0.585549
vt 0.074699 0.567105
vt 0.114237 0.567861
vt 0.137494 0.574413
vt 0.139753 0.566674
vt 0.083861 0.550026
vt 0.177148 0.627257
vt 0.178713 0.617074
vt 0.161682 0.611596
vt 0.067010 0.609449
vt 0.052613 0.589556
vt 0.154374 0.677874
vt 0.137498 0.668422
vt 0.191850 0.661171
vt 0.033253 0.593309
vt 0.058837 0.568127
vt 0.193166 0.670629
vt 0.188008 0.679016
vt 0.206491 0.666944
vt 0.048452 0.560008
vt 0.177410 0.680953
vt 0.025677 0.584444
vt 0.088315 0.631589
vt 0.073562 0.626003
vt 0.172886 0.597769
vt 0.151684 0.578655
vt 0.026310 0.572695
vt 0.047181 0.542578
vt 0.022257 0.559630
vt 0.017125 0.579528
vt 0.033201 0.540935
vt 0.021109 0.541387
vt 0.067267 0.620004
vt 0.069604 0.524522
vt 0.079699 0.527909
vt 0.116741 0.539828
vt 0.061649 0.523232
vt 0.335985 0.643485
vt 0.342710 0.641714
vt 0.152758 0.551012
vt 0.154137 0.587500
vt 0.166306 0.591977
vt 0.163617 0.544069
vt 0.173894 0.547371
vt 0.164690 0.529942
vt 0.174951 0.531860
vt 0.161383 0.511866
vt 0.108256 0.471610
vt 0.132908 0.505863
vt 0.128682 0.524056
vt 0.094861 0.497310
vt 0.101946 0.479768
vt 0.091760 0.467293
vt 0.107333 0.463249
vt 0.087437 0.449503
vt 0.071767 0.451396
vt 0.070174 0.470827
vt 0.058776 0.445841
vt 0.117522 0.470812
vt 0.082552 0.489957
vt 0.069930 0.442272
vt 0.302348 0.652436
vt 0.293467 0.657082
vt 0.061402 0.495098
vt 0.238590 0.660879
vt 0.230078 0.665209
vt 0.223864 0.672761
vt 0.215456 0.677398
vt 0.172706 0.588874
vt 0.109292 0.450676
vt 0.275632 0.645436
vt 0.260501 0.656018
vt 0.247017 0.656063
vt 0.277602 0.654415
vt 0.029227 0.525723
vt 0.037775 0.522488
vt 0.026275 0.503305
vt 0.034755 0.517081
vt 0.034011 0.501790
vt 0.037986 0.453605
vt 0.322833 0.651494
vt 0.166669 0.501299
vt 0.053727 0.522063
vt 0.202085 0.681973
vt 0.314393 0.657783
vt 0.306396 0.664231
vt 0.021843 0.596195
vt 0.088407 0.441514
vt 0.116367 0.444476
vt 0.137188 0.454694
vt 0.164879 0.684406
vt 0.057440 0.463397
vt 0.241736 0.671400
vt 0.235059 0.677238
vt 0.133171 0.673101
vt 0.180280 0.520026
vt 0.248770 0.668522
vt 0.046462 0.481201
vt 0.057808 0.513875
vt 0.047452 0.447930
vt 0.040429 0.443514
vt 0.045770 0.438162
vt 0.059930 0.441127
vt 0.062218 0.435542
vt 0.091308 0.436496
vt 0.031898 0.451547
vt 0.059359 0.625720
vt 0.018344 0.600490
vt 0.300614 0.549910
vt 0.288766 0.547651
vt 0.137867 0.446987
vt 0.189128 0.466046
vt 0.210787 0.496615
vt 0.231276 0.688400
vt 0.221740 0.689098
vt 0.181028 0.546541
vt 0.013416 0.590448
vt 0.282376 0.522221
vt 0.286099 0.508075
vt 0.264771 0.475391
vt 0.189541 0.687374
vt 0.315644 0.564153
vt 0.324474 0.662019
vt 0.278857 0.543913
vt 0.318013 0.542009
vt 0.326716 0.537786
vt 0.295457 0.669997
vt 0.281365 0.665371
vt 0.315885 0.669495
vt 0.259774 0.668201
vt 0.248267 0.686056
vt 0.254408 0.679006
vt 0.329903 0.525372
vt 0.194053 0.530708
vt 0.143388 0.681958
vt 0.303617 0.526347
vt 0.277937 0.480385
vt 0.263508 0.461559
vt 0.280107 0.461760
vt 0.291306 0.477801
vt 0.296089 0.466333
vt 0.300664 0.502627
vt 0.297725 0.480710
vt 0.272253 0.454082
vt 0.271998 0.459696
vt 0.252155 0.451404
vt 0.249366 0.456203
vt 0.239602 0.449499
vt 0.223208 0.451646
vt 0.240668 0.689112
vt 0.307510 0.493123
vt 0.325170 0.516699
vt 0.337869 0.537084
vt 0.308573 0.676795
vt 0.014757 0.568821
vt 0.083730 0.640324
vt 0.345060 0.656922
vt 0.350976 0.654383
vt 0.336641 0.661648
vt 0.062645 0.636439
vt 0.177025 0.690166
vt 0.233563 0.488570
vt 0.254409 0.497011
vt 0.224325 0.471444
vt 0.251543 0.513807
vt 0.262964 0.451479
vt 0.284473 0.676406
vt 0.238287 0.697797
vt 0.329083 0.671590
vt 0.340978 0.609629
vt 0.226123 0.697436
vt 0.201102 0.470795
vt 0.032338 0.443896
vt 0.349943 0.640967
vt 0.072410 0.646029
vt 0.117455 0.674478
vt 0.345778 0.538352
vt 0.344345 0.550829
vt 0.350038 0.551705
vt 0.355511 0.552359
vt 0.356272 0.564800
vt 0.363086 0.562522
vt 0.362763 0.569322
vt 0.377380 0.572286
vt 0.372337 0.580939
vt 0.385624 0.586991
vt 0.390160 0.597488
vt 0.381105 0.595003
vt 0.389893 0.605800
vt 0.383113 0.605588
vt 0.372015 0.592782
vt 0.388863 0.615066
vt 0.396236 0.613907
vt 0.398969 0.609017
vt 0.391194 0.575134
vt 0.382606 0.565939
vt 0.400694 0.565790
vt 0.365479 0.557328
vt 0.374211 0.603912
vt 0.358400 0.578624
vt 0.348797 0.561903
vt 0.403105 0.619294
vt 0.395864 0.621826
vt 0.401824 0.575977
vt 0.349895 0.577629
vt 0.394010 0.590145
vt 0.398495 0.597341
vt 0.357086 0.590370
vt 0.382055 0.616598
vt 0.385850 0.561050
vt 0.340463 0.578116
vt 0.388868 0.627785
vt 0.345912 0.588291
vt 0.374346 0.616963
vt 0.359562 0.595963
vt 0.400354 0.630466
vt 0.380613 0.630581
vt 0.363072 0.606098
vt 0.366900 0.597905
vt 0.350635 0.602399
vt 0.369921 0.630194
vt 0.363222 0.621165
vt 0.410884 0.566557
vt 0.404488 0.589568
vt 0.271056 0.527130
vt 0.341466 0.602654
vt 0.393438 0.638916
vt 0.345350 0.594303
vt 0.213613 0.454410
vt 0.068265 0.635339
vt 0.407325 0.629871
vt 0.257993 0.523404
vt 0.338068 0.567922
vt 0.328818 0.576738
vt 0.220982 0.483510
vt 0.227887 0.501353
vt 0.207352 0.464035
vt 0.224688 0.499307
vt 0.225443 0.508194
vt 0.198729 0.457409
vt 0.015957 0.540316
vt 0.265068 0.678895
vt 0.298374 0.680085
vt 0.356844 0.665248
vt 0.332623 0.588243
vt 0.201577 0.451312
vt 0.314192 0.581964
vt 0.322048 0.679532
vt 0.210180 0.691314
vt 0.384472 0.641753
vt 0.018057 0.528081
vt 0.009713 0.580775
vt 0.287721 0.685921
vt 0.302119 0.688917
vt 0.164894 0.604945
vt 0.216086 0.502313
vt 0.187346 0.554691
vt 0.262202 0.708881
vt 0.252806 0.717516
vt 0.270955 0.729301
vt 0.282803 0.714989
vt 0.283350 0.732103
vt 0.291595 0.714977
vt 0.293920 0.730325
vt 0.306750 0.727972
vt 0.322250 0.723090
vt 0.309795 0.740652
vt 0.291533 0.743648
vt 0.278918 0.743455
vt 0.322619 0.715737
vt 0.327881 0.733293
vt 0.332969 0.720995
vt 0.295275 0.755038
vt 0.275309 0.752174
vt 0.311553 0.755416
vt 0.328555 0.746581
vt 0.232037 0.704313
vt 0.249707 0.726467
vt 0.232982 0.720015
vt 0.221266 0.704065
vt 0.213191 0.723891
vt 0.204988 0.709630
vt 0.201847 0.725142
vt 0.183082 0.717627
vt 0.189169 0.726352
vt 0.214502 0.734291
vt 0.173264 0.722969
vt 0.237616 0.732307
vt 0.339989 0.729846
vt 0.350298 0.724100
vt 0.267095 0.739640
vt 0.184172 0.709766
vt 0.261574 0.749547
vt 0.253986 0.740419
vt 0.200637 0.734323
vt 0.353793 0.672932
vt 0.340413 0.673928
vt 0.260729 0.689998
vt 0.270715 0.689618
vt 0.170802 0.712487
vt 0.373481 0.641544
vt 0.356881 0.651608
vt 0.314767 0.685655
vt 0.187093 0.734744
vt 0.295346 0.765007
vt 0.309091 0.767599
vt 0.278912 0.764942
vt 0.266498 0.760031
vt 0.388194 0.652446
vt 0.267870 0.704470
vt 0.194447 0.704686
vt 0.188129 0.694240
vt 0.403242 0.646481
vt 0.333150 0.682290
vt 0.378019 0.652718
vt 0.363977 0.679532
vt 0.395815 0.653770
vt 0.337231 0.547517
vt 0.246535 0.749375
vt 0.155926 0.690544
vt 0.291574 0.776151
vt 0.332743 0.713545
vt 0.347151 0.715069
vt 0.341341 0.749882
vt 0.204878 0.529086
vt 0.326138 0.761021
vt 0.255505 0.759425
vt 0.213923 0.490340
vt 0.294646 0.709684
vt 0.328104 0.693419
vt 0.355431 0.743189
vt 0.314134 0.696765
vt 0.345219 0.685900
vt 0.131936 0.681387
vt 0.214811 0.698184
vt 0.273129 0.772951
vt 0.260588 0.768263
vt 0.250411 0.518969
vt 0.326353 0.559159
vt 0.331088 0.538755
vt 0.151030 0.873424
vt 0.170410 0.868480
vt 0.151236 0.862731
vt 0.170229 0.859259
vt 0.189577 0.870294
vt 0.137382 0.868500
vt 0.180811 0.854311
vt 0.195969 0.863268
vt 0.132844 0.857515
vt 0.150844 0.851819
vt 0.136613 0.881892
vt 0.170412 0.877700
vt 0.186379 0.878648
vt 0.202083 0.876894
vt 0.207017 0.865138
vt 0.196529 0.849321
vt 0.175092 0.843417
vt 0.211151 0.848856
vt 0.139715 0.845427
vt 0.212999 0.856603
vt 0.152729 0.840172
vt 0.199924 0.841043
vt 0.226254 0.845766
vt 0.165585 0.833310
vt 0.218693 0.838660
vt 0.129474 0.849184
vt 0.207666 0.831430
vt 0.140488 0.831899
vt 0.150865 0.828738
vt 0.113979 0.860521
vt 0.115486 0.868174
vt 0.163945 0.824877
vt 0.236522 0.832093
vt 0.227339 0.822973
vt 0.149553 0.813851
vt 0.216649 0.819059
vt 0.219747 0.811059
vt 0.139828 0.814074
vt 0.130054 0.835848
vt 0.162015 0.812934
vt 0.244456 0.817180
vt 0.139355 0.797954
vt 0.149294 0.796133
vt 0.128851 0.816117
vt 0.130005 0.803756
vt 0.120712 0.811937
vt 0.117685 0.837142
vt 0.119609 0.847530
vt 0.258377 0.832127
vt 0.239948 0.852753
vt 0.247374 0.859168
vt 0.269676 0.836861
vt 0.258580 0.863487
vt 0.247000 0.869473
vt 0.234640 0.864191
vt 0.225236 0.869512
vt 0.216336 0.868626
vt 0.239278 0.874185
vt 0.231011 0.885097
vt 0.250330 0.902072
vt 0.247520 0.912966
vt 0.280462 0.929219
vt 0.257374 0.883452
vt 0.270714 0.927174
vt 0.221018 0.879000
vt 0.218152 0.926518
vt 0.219837 0.935787
vt 0.226699 0.908909
vt 0.225068 0.895279
vt 0.285159 0.922933
vt 0.256503 0.873112
vt 0.274149 0.867989
vt 0.202290 0.933237
vt 0.279189 0.845526
vt 0.294337 0.871451
vt 0.289244 0.884272
vt 0.266680 0.876011
vt 0.289425 0.900240
vt 0.302957 0.907484
vt 0.306435 0.880609
vt 0.304737 0.867416
vt 0.300299 0.917678
vt 0.160872 0.797066
vt 0.302278 0.854700
vt 0.284612 0.835018
vt 0.263002 0.822063
vt 0.277505 0.823361
vt 0.236437 0.808795
vt 0.274455 0.936797
vt 0.221047 0.943003
vt 0.208392 0.920336
vt 0.205131 0.940528
vt 0.316215 0.860465
vt 0.250179 0.810610
vt 0.213340 0.880845
vt 0.193707 0.942235
vt 0.291734 0.934926
vt 0.289487 0.943597
vt 0.310150 0.846336
vt 0.324580 0.852364
vt 0.267966 0.813454
vt 0.330233 0.863362
vt 0.211661 0.909059
vt 0.214999 0.899761
vt 0.086417 0.866137
vt 0.056025 0.861259
vt 0.055868 0.838729
vt 0.045380 0.859392
vt 0.045284 0.868338
vt 0.186687 0.937578
vt 0.141606 0.790608
vt 0.119340 0.805195
vt 0.128698 0.795170
vt 0.204049 0.947924
vt 0.293950 0.826944
vt 0.158470 0.790354
vt 0.212594 0.800911
vt 0.192982 0.926266
vt 0.283785 0.815680
vt 0.222837 0.802717
vt 0.253536 0.803136
vt 0.216190 0.793176
vt 0.047749 0.837150
vt 0.274971 0.947314
vt 0.230291 0.950741
vt 0.180848 0.946072
vt 0.056138 0.831696
vt 0.040401 0.868860
vt 0.047632 0.828776
vt 0.200430 0.913452
vt 0.202893 0.900562
vt 0.322616 0.842623
vt 0.176437 0.941343
vt 0.203790 0.890715
vt 0.295596 0.953069
vt 0.277171 0.956782
vt 0.319981 0.832677
vt 0.299678 0.818616
vt 0.204455 0.789827
vt 0.187651 0.949615
vt 0.189578 0.914107
vt 0.196090 0.905273
vt 0.274164 0.806923
vt 0.040342 0.861836
vt 0.180976 0.932105
vt 0.188355 0.896856
vt 0.134638 0.788134
vt 0.157444 0.946566
vt 0.182680 0.905075
vt 0.116559 0.797363
vt 0.048882 0.821314
vt 0.042851 0.822094
vt 0.042958 0.829932
vt 0.210655 0.794486
vt 0.056233 0.825279
vt 0.161212 0.951250
vt 0.071868 0.817528
vt 0.187225 0.889809
vt 0.171078 0.904959
vt 0.179860 0.919523
vt 0.163839 0.938479
vt 0.133445 0.955264
vt 0.135440 0.948992
vt 0.260496 0.794988
vt 0.170114 0.911682
vt 0.158729 0.923342
vt 0.127536 0.789824
vt 0.207875 0.782503
vt 0.047040 0.811509
vt 0.037002 0.808719
vt 0.056847 0.802438
vt 0.054295 0.796377
vt 0.063431 0.790084
vt 0.061709 0.803685
vt 0.067382 0.791447
vt 0.055161 0.817333
vt 0.066870 0.784007
vt 0.052824 0.817271
vt 0.032959 0.810031
vt 0.150046 0.785690
vt 0.203821 0.785975
vt 0.042239 0.803199
vt 0.061360 0.783735
vt 0.046248 0.794375
vt 0.084559 0.779709
vt 0.027796 0.797458
vt 0.139559 0.782438
vt 0.097696 0.759440
vt 0.119653 0.788573
vt 0.129736 0.779978
vt 0.088516 0.752736
vt 0.063212 0.769827
vt 0.058312 0.771798
vt 0.042775 0.786275
vt 0.110326 0.773396
vt 0.121395 0.771120
vt 0.024125 0.788915
vt 0.068658 0.739197
vt 0.047017 0.759334
vt 0.041653 0.757767
vt 0.040551 0.745766
vt 0.043415 0.731317
vt 0.018912 0.745023
vt 0.021806 0.731616
vt 0.003679 0.748159
vt 0.000719 0.759107
vt 0.011896 0.758148
vt 0.000422 0.765105
vt 0.037994 0.718018
vt 0.017346 0.754399
vt 0.007105 0.726703
vt 0.071757 0.736052
vt 0.089499 0.799567
vt 0.041241 0.765768
vt 0.036614 0.773661
vt 0.015050 0.764050
vt 0.032929 0.709647
vt 0.018084 0.722802
vt 0.018775 0.778076
vt 0.012610 0.717958
vt 0.117696 0.780748
vt 0.086774 0.785274
vt 0.026728 0.706695
vt 0.074567 0.795630
vt 0.089600 0.790709
vt 0.053651 0.822120
vt 0.076759 0.800985
vt 0.059069 0.817849
vt 0.015225 0.708860
vt 0.311772 0.909916
vt 0.324625 0.891817
vt 0.319893 0.874995
vt 0.326485 0.910122
vt 0.332474 0.880010
vt 0.338878 0.893992
vt 0.345549 0.886611
vt 0.341023 0.908905
vt 0.316707 0.917838
vt 0.303912 0.928794
vt 0.315297 0.930017
vt 0.307915 0.938395
vt 0.341974 0.872174
vt 0.367658 0.906568
vt 0.327308 0.922435
vt 0.337817 0.918702
vt 0.368996 0.916480
vt 0.379476 0.895756
vt 0.407466 0.908799
vt 0.353391 0.878845
vt 0.407240 0.897612
vt 0.410487 0.918695
vt 0.321631 0.939531
vt 0.335783 0.939561
vt 0.339826 0.928048
vt 0.419788 0.905239
vt 0.421878 0.914473
vt 0.349721 0.923032
vt 0.331917 0.947900
vt 0.315363 0.947999
vt 0.381299 0.884822
vt 0.357385 0.944260
vt 0.374853 0.936122
vt 0.393200 0.954829
vt 0.397052 0.946396
vt 0.386047 0.965994
vt 0.353441 0.954385
vt 0.376511 0.970278
vt 0.405186 0.927481
vt 0.366704 0.922737
vt 0.397887 0.969548
vt 0.430548 0.907360
vt 0.348452 0.963046
vt 0.420474 0.921792
vt 0.390223 0.977797
vt 0.303284 0.946567
vt 0.327298 0.955375
vt 0.406291 0.952668
vt 0.412062 0.955860
vt 0.410144 0.945069
vt 0.392921 0.938962
vt 0.433049 0.918849
vt 0.420668 0.929564
vt 0.431838 0.928053
vt 0.426360 0.895302
vt 0.401497 0.980278
vt 0.375361 0.979795
vt 0.441285 0.911738
vt 0.409181 0.970991
vt 0.420671 0.952201
vt 0.400982 0.935026
vt 0.413578 0.937874
vt 0.426469 0.936217
vt 0.421883 0.946213
vt 0.339934 0.969173
vt 0.313450 0.956983
vt 0.440293 0.902391
vt 0.351409 0.865779
vt 0.340102 0.858708
vt 0.410455 0.889199
vt 0.446534 0.921289
vt 0.443888 0.928336
vt 0.425256 0.961609
vt 0.430611 0.954989
vt 0.453001 0.903590
vt 0.453339 0.912267
vt 0.382770 0.876283
vt 0.415945 0.882279
vt 0.439486 0.891822
vt 0.415772 0.981343
vt 0.405510 0.989066
vt 0.391135 0.988802
vt 0.438039 0.938469
vt 0.353028 0.856332
vt 0.449898 0.894089
vt 0.384459 0.865582
vt 0.460886 0.920101
vt 0.432905 0.884574
vt 0.433339 0.947398
vt 0.451127 0.936520
vt 0.381353 0.993961
vt 0.458198 0.929017
vt 0.398226 0.999582
vt 0.467710 0.906651
vt 0.357396 0.846752
vt 0.345561 0.847325
vt 0.335207 0.848488
vt 0.445471 0.884272
vt 0.420664 0.874610
vt 0.435846 0.970046
vt 0.439967 0.961825
vt 0.422252 0.990386
vt 0.462717 0.894776
vt 0.447616 0.945844
vt 0.441916 0.954335
vt 0.411268 0.998059
vt 0.476095 0.914290
vt 0.322968 0.968729
vt 0.337193 0.838732
vt 0.348439 0.838363
vt 0.456672 0.885192
vt 0.390466 0.855353
vt 0.435948 0.874646
vt 0.464664 0.938898
vt 0.474723 0.924467
vt 0.475376 0.933835
vt 0.474388 0.892516
vt 0.450472 0.876836
vt 0.458556 0.947972
vt 0.361219 0.838594
vt 0.328227 0.827310
vt 0.482390 0.903566
vt 0.422416 0.867408
vt 0.429952 0.863065
vt 0.352328 0.829598
vt 0.341251 0.828920
vt 0.305691 0.812504
vt 0.287912 0.808126
vt 0.406306 0.854263
vt 0.394513 0.842559
vt 0.366114 0.830632
vt 0.466561 0.879739
vt 0.445949 0.870253
vt 0.326243 0.817868
vt 0.444018 0.858889
vt 0.345384 0.820546
vt 0.295363 0.801757
vt 0.281596 0.801179
vt 0.409960 0.846233
vt 0.312089 0.806294
vt 0.460681 0.866679
vt 0.372636 0.824721
vt 0.359886 0.819916
vt 0.487404 0.894237
vt 0.481023 0.876511
vt 0.485266 0.885464
vt 0.403634 0.835091
vt 0.414792 0.836645
vt 0.268299 0.786962
vt 0.303889 0.794756
vt 0.430676 0.845841
vt 0.475025 0.865542
vt 0.460088 0.854239
vt 0.473645 0.853695
vt 0.331358 0.812895
vt 0.448991 0.967708
vt 0.349798 0.812922
vt 0.316623 0.800435
vt 0.283729 0.785402
vt 0.293627 0.780301
vt 0.308331 0.782441
vt 0.449759 0.850282
vt 0.319392 0.785832
vt 0.327461 0.796237
vt 0.445207 0.977192
vt 0.495653 0.874610
vt 0.491999 0.862147
vt 0.327134 0.773798
vt 0.329545 0.785220
vt 0.338789 0.773914
vt 0.347658 0.782171
vt 0.333005 0.805472
vt 0.427555 0.834399
vt 0.440810 0.837650
vt 0.499540 0.885780
vt 0.409717 0.826626
vt 0.375295 0.816917
vt 0.488546 0.850493
vt 0.339397 0.789934
vt 0.217250 0.787875
vt 0.470603 0.843776
vt 0.421165 0.826152
vt 0.363139 0.809597
vt 0.459983 0.839397
vt 0.488002 0.838811
vt 0.410787 0.817352
vt 0.452168 0.960078
vt 0.505892 0.858742
vt 0.376935 0.807125
vt 0.511866 0.870784
vt 0.504289 0.845048
vt 0.478308 0.830234
vt 0.432271 0.825310
vt 0.505290 0.830152
vt 0.524548 0.855595
vt 0.519366 0.843334
vt 0.527218 0.867653
vt 0.496612 0.824095
vt 0.520564 0.826206
vt 0.531160 0.832600
vt 0.540207 0.854026
vt 0.537951 0.842307
vt 0.513876 0.813762
vt 0.535650 0.815919
vt 0.529751 0.808476
vt 0.542784 0.827876
vt 0.553439 0.841195
vt 0.559171 0.826836
vt 0.551910 0.814419
vt 0.545871 0.791167
vt 0.561044 0.791783
vt 0.546558 0.778452
vt 0.565054 0.785298
vt 0.575288 0.796438
vt 0.573316 0.783139
vt 0.581262 0.790708
vt 0.588813 0.772412
vt 0.582869 0.761391
vt 0.565516 0.774531
vt 0.574444 0.748236
vt 0.558536 0.764141
vt 0.559026 0.741084
vt 0.548051 0.740057
vt 0.567924 0.726358
vt 0.582556 0.743808
vt 0.578389 0.726926
vt 0.592847 0.747859
vt 0.596511 0.761115
vt 0.552572 0.771571
vt 0.599709 0.774629
vt 0.588052 0.730796
vt 0.603804 0.751586
vt 0.550769 0.723207
vt 0.609858 0.763009
vt 0.575772 0.710680
vt 0.541388 0.723951
vt 0.583691 0.713077
vt 0.594231 0.723150
vt 0.601588 0.737883
vt 0.605478 0.723323
vt 0.564870 0.710367
vt 0.541879 0.708989
vt 0.592870 0.706695
vt 0.614732 0.734914
vt 0.615256 0.749121
vt 0.543138 0.750025
vt 0.538002 0.731593
vt 0.603013 0.707320
vt 0.618123 0.772025
vt 0.612893 0.713712
vt 0.628971 0.739904
vt 0.622611 0.723981
vt 0.622550 0.762132
vt 0.634058 0.753474
vt 0.571237 0.804142
vt 0.537775 0.766469
vt 0.525815 0.777044
vt 0.522689 0.767057
vt 0.510565 0.773592
vt 0.512501 0.763371
vt 0.502465 0.765187
vt 0.492042 0.751664
vt 0.499468 0.775088
vt 0.491101 0.767171
vt 0.469547 0.767792
vt 0.460440 0.756590
vt 0.480979 0.755434
vt 0.449338 0.756155
vt 0.466930 0.747779
vt 0.445787 0.743126
vt 0.441397 0.759527
vt 0.434921 0.743415
vt 0.479650 0.742342
vt 0.464161 0.738868
vt 0.507430 0.749634
vt 0.521273 0.752250
vt 0.526631 0.744102
vt 0.514306 0.738341
vt 0.636240 0.726076
vt 0.642314 0.742073
vt 0.527723 0.787183
vt 0.585195 0.803632
vt 0.581672 0.811257
vt 0.849310 0.784748
vt 0.789274 0.780335
vt 0.827452 0.787029
vt 0.895693 0.780335
vt 0.063826 0.260320
vt 0.060031 0.269336
vt 0.052610 0.255371
vt 0.065607 0.272672
vt 0.063626 0.242470
vt 0.047699 0.242225
vt 0.046117 0.230014
vt 0.063639 0.287278
vt 0.046130 0.251284
vt 0.059832 0.229003
vt 0.063732 0.221407
vt 0.058525 0.213870
vt 0.070115 0.205388
vt 0.068861 0.285251
vt 0.074648 0.305314
vt 0.065804 0.246608
vt 0.068189 0.310807
vt 0.041807 0.227958
vt 0.075591 0.315900
vt 0.075591 0.187029
vt 0.062995 0.228703
vt 0.046182 0.218396
vt 0.067875 0.213948
vt 0.663586 0.979946
vt 0.667802 0.991556
vt 0.681182 0.973575
vt 0.660292 0.988067
vt 0.684362 0.986906
vt 0.695274 0.973627
vt 0.661039 0.992430
vt 0.656030 0.980130
vt 0.707709 0.971130
vt 0.721706 0.973068
vt 0.678037 0.996234
vt 0.703216 0.984412
vt 0.647408 0.980616
vt 0.641019 0.988320
vt 0.638598 0.979138
vt 0.632240 0.986122
vt 0.627729 0.978801
vt 0.618512 0.985523
vt 0.619939 0.974554
vt 0.613235 0.983272
vt 0.605618 0.975984
vt 0.634775 0.992390
vt 0.611284 0.988567
vt 0.609828 0.971130
vt 0.589186 0.971910
vt 0.597020 0.983407
vt 0.589354 0.978113
vt 0.579814 0.976933
vt 0.705878 0.903886
vt 0.700963 0.921131
vt 0.711646 0.917271
vt 0.717977 0.932474
vt 0.720273 0.914219
vt 0.725422 0.930381
vt 0.730144 0.915005
vt 0.716063 0.893101
vt 0.725452 0.900250
vt 0.706465 0.881660
vt 0.712122 0.870061
vt 0.724710 0.883706
vt 0.700369 0.859873
vt 0.707663 0.937096
vt 0.709573 0.854716
vt 0.704158 0.844909
vt 0.736074 0.896287
vt 0.720153 0.867112
vt 0.733727 0.880720
vt 0.725717 0.946654
vt 0.720409 0.951959
vt 0.727344 0.958363
vt 0.731763 0.943040
vt 0.735328 0.921142
vt 0.742624 0.903697
vt 0.746970 0.911774
vt 0.690611 0.925461
vt 0.691049 0.935392
vt 0.657673 0.922343
vt 0.654207 0.929911
vt 0.682305 0.941868
vt 0.714876 0.958194
vt 0.721046 0.964652
vt 0.726009 0.966946
vt 0.706857 0.964429
vt 0.732129 0.956546
vt 0.732171 0.965266
vt 0.670852 0.900457
vt 0.657143 0.913299
vt 0.680116 0.914202
vt 0.690741 0.908316
vt 0.696969 0.891901
vt 0.649255 0.898605
vt 0.639658 0.908736
vt 0.635978 0.920506
vt 0.693412 0.874365
vt 0.657692 0.885081
vt 0.655229 0.873543
vt 0.637269 0.882910
vt 0.632137 0.895811
vt 0.619825 0.879607
vt 0.694943 0.849343
vt 0.624500 0.869709
vt 0.639942 0.866336
vt 0.607956 0.868335
vt 0.693928 0.843196
vt 0.649331 0.852642
vt 0.613966 0.855833
vt 0.626525 0.855159
vt 0.636332 0.851928
vt 0.658514 0.846863
vt 0.594172 0.859794
vt 0.699124 0.838912
vt 0.717392 0.851408
vt 0.800365 0.849524
vt 0.810158 0.870252
vt 0.818994 0.857146
vt 0.828480 0.845046
vt 0.813103 0.842502
vt 0.831779 0.856147
vt 0.828415 0.839087
vt 0.823835 0.871663
vt 0.813890 0.884808
vt 0.839584 0.848951
vt 0.792194 0.857862
vt 0.802567 0.875735
vt 0.837647 0.838912
vt 0.841020 0.861668
vt 0.803384 0.895189
vt 0.829034 0.883286
vt 0.836249 0.870833
vt 0.832337 0.896786
vt 0.845494 0.892623
vt 0.842803 0.920858
vt 0.826565 0.917338
vt 0.818621 0.924002
vt 0.852483 0.878497
vt 0.852684 0.897409
vt 0.817697 0.898596
vt 0.810837 0.906135
vt 0.850641 0.859632
vt 0.861634 0.867902
vt 0.818469 0.930513
vt 0.805258 0.928796
vt 0.848321 0.846554
vt 0.799542 0.906229
vt 0.794694 0.929748
vt 0.787489 0.907113
vt 0.787779 0.929256
vt 0.782274 0.908251
vt 0.777550 0.894671
vt 0.788090 0.893454
vt 0.775074 0.881105
vt 0.795360 0.881989
vt 0.849677 0.917481
vt 0.783631 0.862469
vt 0.765190 0.887968
vt 0.755489 0.877702
vt 0.858318 0.899952
vt 0.769649 0.900336
vt 0.758307 0.894008
vt 0.799058 0.938836
vt 0.749019 0.878172
vt 0.749700 0.888527
vt 0.760973 0.906783
vt 0.789896 0.937412
vt 0.754707 0.917433
vt 0.741503 0.929708
vt 0.766393 0.916741
vt 0.841956 0.928025
vt 0.863204 0.855535
vt 0.776144 0.912727
vt 0.740440 0.945894
vt 0.738657 0.961327
vt 0.750546 0.955277
vt 0.752277 0.943388
vt 0.760414 0.943901
vt 0.762447 0.931626
vt 0.758385 0.925817
vt 0.780960 0.928279
vt 0.851191 0.924541
vt 0.775715 0.936333
vt 0.865523 0.867720
vt 0.872044 0.859645
vt 0.741482 0.245618
vt 0.748181 0.229194
vt 0.752925 0.243011
vt 0.736919 0.231527
vt 0.741834 0.218242
vt 0.736064 0.239029
vt 0.737176 0.220192
vt 0.748231 0.258744
vt 0.748217 0.221085
vt 0.754375 0.253473
vt 0.751428 0.267538
vt 0.737800 0.213013
vt 0.755455 0.235041
vt 0.744871 0.212688
vt 0.740429 0.251112
vt 0.757872 0.266965
vt 0.755811 0.278788
vt 0.766289 0.286846
vt 0.761424 0.290901
vt 0.768159 0.300000
vt 0.751297 0.208211
vt 0.756280 0.193552
vt 0.768159 0.181172
vt 0.777282 0.238258
vt 0.784668 0.217766
vt 0.785149 0.237430
vt 0.785447 0.258578
vt 0.778940 0.226800
vt 0.784995 0.204614
vt 0.789815 0.204351
vt 0.790937 0.258801
vt 0.780885 0.257205
vt 0.793631 0.279201
vt 0.783878 0.274546
vt 0.791221 0.288105
vt 0.796697 0.286188
vt 0.791761 0.294515
vt 0.798782 0.294170
vt 0.803508 0.288963
vt 0.808163 0.298453
vt 0.790317 0.232718
vt 0.783251 0.269263
vt 0.799492 0.276742
vt 0.795263 0.243037
vt 0.774738 0.243796
vt 0.817416 0.304042
vt 0.812437 0.308429
vt 0.821271 0.319658
vt 0.824685 0.316221
vt 0.815937 0.284693
vt 0.797328 0.261175
vt 0.834049 0.321326
vt 0.806881 0.278383
vt 0.805642 0.285335
vt 0.801116 0.280496
vt 0.804226 0.268943
vt 0.810876 0.261532
vt 0.798103 0.232993
vt 0.816487 0.324479
vt 0.808322 0.319790
vt 0.807568 0.311884
vt 0.815099 0.330962
vt 0.824765 0.330671
vt 0.821918 0.337057
vt 0.802127 0.315459
vt 0.802528 0.320629
vt 0.807926 0.327916
vt 0.788485 0.307359
vt 0.790661 0.303784
vt 0.785041 0.293968
vt 0.781523 0.297980
vt 0.778015 0.283853
vt 0.779424 0.277562
vt 0.817909 0.340005
vt 0.776614 0.269599
vt 0.779124 0.265217
vt 0.764885 0.243587
vt 0.767531 0.239827
vt 0.800869 0.304031
vt 0.772871 0.269140
vt 0.839601 0.317552
vt 0.803185 0.245392
vt 0.763936 0.239964
vt 0.794020 0.300289
vt 0.828475 0.335321
vt 0.846562 0.322502
vt 0.843330 0.326134
vt 0.821561 0.268429
vt 0.820650 0.249841
vt 0.819572 0.230519
vt 0.813111 0.240944
vt 0.829574 0.220601
vt 0.848965 0.287984
vt 0.833386 0.329105
vt 0.836921 0.326416
vt 0.808884 0.225392
vt 0.802816 0.260306
vt 0.859588 0.242099
vt 0.904240 0.271883
vt 0.898549 0.284161
vt 0.953357 0.292520
vt 0.859833 0.313981
vt 0.901869 0.308313
vt 0.854184 0.317693
vt 0.878566 0.316679
vt 0.816752 0.209825
vt 0.802837 0.188879
vt 0.793300 0.194311
vt 0.941624 0.241749
vt 0.936213 0.206445
vt 0.960461 0.244970
vt 0.910877 0.168971
vt 0.903561 0.156512
vt 0.953246 0.272000
vt 0.958960 0.278330
vt 0.805002 0.184796
vt 0.871453 0.151885
vt 0.795165 0.186159
vt 0.805450 0.177398
vt 0.820844 0.164181
vt 0.920586 0.167211
vt 0.936142 0.179349
vt 0.909704 0.302365
vt 0.956135 0.296496
vt 0.916166 0.308691
vt 0.902293 0.300511
vt 0.960376 0.302224
vt 0.965709 0.298256
vt 0.910432 0.151259
vt 0.900440 0.141972
vt 0.879071 0.140655
vt 0.864389 0.143333
vt 0.889253 0.136393
vt 0.864392 0.139476
vt 0.843934 0.150130
vt 0.959183 0.234456
vt 0.954309 0.219854
vt 0.839305 0.147356
vt 0.963384 0.270588
vt 0.964506 0.249329
vt 0.913822 0.131176
vt 0.896073 0.317905
vt 0.877021 0.322362
vt 0.968740 0.308104
vt 0.922656 0.313756
vt 0.974299 0.306032
vt 0.975270 0.312817
vt 0.806717 0.171850
vt 0.818315 0.161883
vt 0.912186 0.139715
vt 0.841143 0.334738
vt 0.924721 0.124175
vt 0.926089 0.130748
vt 0.936288 0.145444
vt 0.894977 0.324265
vt 0.807008 0.257627
vt 0.966959 0.321641
vt 0.829890 0.341436
vt 0.937182 0.127515
vt 0.943245 0.117633
vt 0.935516 0.116737
vt 0.883968 0.134297
vt 0.936217 0.135089
vt 0.941734 0.145736
vt 0.943870 0.153433
vt 0.799547 0.176831
vt 0.823528 0.346912
vt 0.839176 0.347378
vt 0.854413 0.341279
vt 0.973699 0.339139
vt 0.966565 0.341018
vt 0.977618 0.363020
vt 0.946202 0.340722
vt 0.930673 0.324282
vt 0.945315 0.375071
vt 0.880867 0.357280
vt 0.880005 0.339919
vt 0.866627 0.353514
vt 0.879577 0.390080
vt 0.865422 0.380964
vt 0.958029 0.387536
vt 0.849138 0.353946
vt 0.878724 0.397605
vt 0.908057 0.404439
vt 0.938238 0.382309
vt 0.852951 0.381813
vt 0.849997 0.370458
vt 0.839410 0.373235
vt 0.839358 0.364457
vt 0.831811 0.366480
vt 0.857773 0.392983
vt 0.876199 0.403304
vt 0.902342 0.413808
vt 0.842016 0.382564
vt 0.963865 0.390059
vt 0.913604 0.408638
vt 0.944506 0.107607
vt 0.961368 0.098759
vt 0.767840 0.223200
vt 0.788115 0.193770
vt 0.804094 0.169058
vt 0.932118 0.112173
vt 0.791174 0.174371
vt 0.960930 0.089904
vt 0.796775 0.169079
vt 0.971507 0.083828
vt 0.966416 0.078721
vt 0.977618 0.076569
vt 0.990857 0.404283
vt 0.984644 0.404581
vt 0.991132 0.383837
vt 0.991132 0.417155
vt 0.984375 0.388659
vt 0.989735 0.373640
vt 0.412584 0.694979
vt 0.412584 0.659833
vt 0.409206 0.680773
vt 0.192695 0.983094
vt 0.182294 0.980690
vt 0.183201 0.984641
vt 0.204971 0.981454
vt 0.215720 0.973238
vt 0.173754 0.989425
vt 0.164024 0.981314
vt 0.157674 0.989640
vt 0.218509 0.979420
vt 0.228110 0.972475
vt 0.146014 0.977693
vt 0.160097 0.976052
vt 0.162050 0.995398
vt 0.182592 0.976720
vt 0.229676 0.977697
vt 0.243666 0.969532
vt 0.144354 0.969260
vt 0.135298 0.974967
vt 0.152271 0.992306
vt 0.163780 0.970325
vt 0.206889 0.964435
vt 0.131334 0.964435
vt 0.817990 0.364435
vt 0.809544 0.368072
vt 0.817990 0.378691
vt 0.812559 0.385356
vt 0.867821 0.806276
vt 0.865000 0.809623
vt 0.860220 0.806276
f 27/27 30/30 25/25
f 27/2591 2310/2594 30/2597
f 27/2591 28/2589 2306/2588
f 27/2591 2306/2588 2310/2594
f 27/27 1/1 28/28
f 27/27 25/25 1/1
f 30/30 39/39 25/25
f 30/2597 2310/2594 65/2615
f 30/30 65/65 39/39
f 2306/2588 28/2589 2305/2587
f 2306/2588 2307/2590 2310/2594
f 2306/2588 2305/2587 2307/2590
f 28/28 1/1 29/29
f 28/28 29/29 49/49
f 28/2869 49/2870 2303/2871
f 28/2589 2303/2585 2305/2587
f 29/2628 2229/2584 2342/2633
f 29/2469 3/2467 2229/2466
f 29/2628 2336/2623 49/2626
f 29/2628 2339/2627 2336/2623
f 29/2628 2342/2633 2339/2627
f 2229/2584 2277/2539 2342/2633
f 2229/2466 3/2467 64/2468
f 2229/2584 64/2583 2274/2536
f 2229/2584 2274/2536 2273/2535
f 2229/2584 2273/2535 2276/2538
f 2229/2584 2276/2538 2277/2539
f 10/10 12/12 1/1
f 10/10 19/19 12/12
f 10/10 1/1 11/11
f 10/10 11/11 22/22
f 10/10 23/23 19/19
f 10/10 22/22 23/23
f 11/11 1/1 24/24
f 11/11 35/35 22/22
f 11/11 24/24 34/34
f 11/11 34/34 35/35
f 12/12 6/6 1/1
f 12/12 13/13 6/6
f 12/12 19/19 38/38
f 12/12 41/41 13/13
f 12/12 38/38 41/41
f 1/1 6/6 2/2
f 6/6 7/7 2/2
f 6/6 21/21 7/7
f 6/6 13/13 18/18
f 6/6 18/18 21/21
f 49/2626 2336/2623 2335/2622
f 49/2626 2311/2595 2303/2585
f 49/2626 2337/2624 2311/2595
f 49/2626 2335/2622 2337/2624
f 7/7 8/8 2/2
f 7/7 26/26 8/8
f 7/7 21/21 36/36
f 7/7 37/37 26/26
f 7/7 36/36 37/37
f 2336/2623 2339/2627 2334/2621
f 2336/2623 2334/2621 2335/2622
f 8/8 9/9 2/2
f 8/8 15/15 9/9
f 8/8 26/26 15/15
f 2342/2633 2343/2634 2339/2627
f 2342/2633 2277/2539 2343/2634
f 64/64 3/3 63/63
f 64/2115 63/2109 1969/2101
f 64/2583 1980/2576 2274/2536
f 64/2115 1969/2101 1980/2116
f 3/3 2/2 4/4
f 3/3 4/4 5/5
f 3/3 5/5 16/16
f 3/3 16/16 63/63
f 9/9 14/14 2/2
f 9/9 15/15 20/20
f 9/9 31/31 14/14
f 9/9 20/20 31/31
f 5/5 4/4 40/40
f 5/5 58/58 16/16
f 5/5 40/40 54/54
f 5/5 54/54 58/58
f 2/2 17/17 4/4
f 2/2 14/14 32/32
f 2/2 33/33 17/17
f 2/2 32/32 33/33
f 4/4 17/17 46/46
f 4/4 46/46 40/40
f 19/19 23/23 45/45
f 19/19 45/45 38/38
f 25/25 39/39 24/24
f 13/13 48/48 18/18
f 13/13 41/41 42/42
f 13/13 42/42 48/48
f 15/15 26/26 44/44
f 15/15 43/43 20/20
f 15/15 44/44 43/43
f 63/63 16/16 85/85
f 63/2109 85/2079 1969/2101
f 16/2093 58/2067 1926/2049
f 16/2093 1926/2049 85/2079
f 14/14 31/31 53/53
f 14/14 53/53 32/32
f 17/17 33/33 46/46
f 22/22 55/55 23/23
f 22/22 35/35 70/70
f 22/22 70/70 55/55
f 24/24 59/59 34/34
f 24/24 39/39 59/59
f 2310/2594 2307/2590 2313/2598
f 2310/2594 2326/2611 65/2615
f 2310/2594 2313/2598 2326/2611
f 18/18 47/47 21/21
f 18/18 48/48 68/68
f 18/18 68/68 47/47
f 21/21 57/57 36/36
f 21/21 47/47 57/57
f 26/26 37/37 62/62
f 26/26 62/62 44/44
f 2339/2627 2340/2630 2334/2621
f 2339/2627 2343/2634 2341/2631
f 2339/2627 2341/2631 2340/2630
f 2274/2536 2271/2533 2273/2535
f 2274/2536 1980/2576 2298/2572
f 2274/2536 2298/2572 2271/2533
f 20/20 52/52 31/31
f 20/20 43/43 66/66
f 20/20 66/66 52/52
f 40/40 50/50 54/54
f 40/40 46/46 50/50
f 23/23 55/55 45/45
f 34/34 77/77 35/35
f 34/34 59/59 77/77
f 2303/2585 2311/2595 2304/2586
f 2303/2585 2304/2586 2305/2587
f 2276/2538 2273/2535 2269/2531
f 2276/2538 2270/2532 2277/2539
f 2276/2538 2269/2531 2270/2532
f 2273/2535 2271/2533 2269/2531
f 31/31 52/52 73/73
f 31/31 73/73 53/53
f 38/38 67/67 41/41
f 38/38 45/45 79/79
f 38/38 79/79 67/67
f 41/621 609/620 42/619
f 41/621 67/622 609/620
f 2307/2590 2305/2587 2308/2592
f 2307/2590 2308/2592 2313/2598
f 2311/2595 2337/2624 2312/2596
f 2311/2595 2312/2596 2304/2586
f 36/36 75/75 37/37
f 36/36 57/57 75/75
f 2277/2539 2275/2537 2343/2634
f 2277/2539 2270/2532 2275/2537
f 58/2067 54/2078 1920/2043
f 58/2067 1922/2045 1926/2049
f 58/2067 1920/2043 1922/2045
f 32/32 60/60 33/33
f 32/32 53/53 69/69
f 32/32 69/69 60/60
f 33/33 51/51 46/46
f 33/33 60/60 51/51
f 35/35 77/77 71/71
f 35/35 71/71 70/70
f 39/39 65/65 84/84
f 39/39 87/87 59/59
f 39/39 84/84 87/87
f 42/42 80/80 48/48
f 42/619 609/620 587/592
f 42/619 587/592 80/593
f 2305/2587 2304/2586 2308/2592
f 37/37 76/76 62/62
f 37/37 75/75 76/76
f 2334/2621 2331/2618 2335/2622
f 2334/2621 2340/2630 2333/2620
f 2334/2621 2333/2620 2331/2618
f 2343/2634 2283/2545 2341/2631
f 2343/2634 2275/2537 2283/2545
f 85/2079 1958/2086 1969/2101
f 85/2079 1926/2049 1940/2063
f 85/2079 1940/2063 1958/2086
f 65/65 93/93 84/84
f 65/2615 2326/2611 2327/2612
f 65/2615 2327/2612 93/2641
f 48/634 588/594 68/627
f 48/634 80/593 588/594
f 44/44 83/83 43/43
f 44/44 62/62 83/83
f 43/43 82/82 66/66
f 43/43 83/83 82/82
f 54/2078 1952/2077 1920/2043
f 54/2078 50/2089 1952/2077
f 55/55 72/72 45/45
f 55/55 70/70 72/72
f 45/45 78/78 79/79
f 45/45 72/72 78/78
f 47/47 86/86 57/57
f 47/47 68/68 86/86
f 2341/2631 2344/2635 2340/2630
f 2341/2631 2283/2545 2284/2546
f 2341/2631 2284/2546 2344/2635
f 52/52 66/66 81/81
f 52/52 81/81 73/73
f 46/46 56/56 50/50
f 46/46 51/51 56/56
f 77/77 59/59 112/112
f 77/77 103/103 71/71
f 77/77 112/112 103/103
f 59/59 87/87 111/111
f 59/59 111/111 112/112
f 2335/2622 2314/2599 2337/2624
f 2335/2622 2331/2618 2329/2616
f 2335/2622 2329/2616 2314/2599
f 1969/2101 1979/2114 1980/2116
f 1969/2101 1958/2086 1979/2114
f 53/53 73/73 74/74
f 53/53 91/91 69/69
f 53/53 74/74 91/91
f 70/638 71/642 610/623
f 70/70 88/88 72/72
f 70/638 610/623 88/598
f 67/622 594/602 609/620
f 67/622 79/604 595/603
f 67/622 595/603 594/602
f 57/57 95/95 75/75
f 57/57 86/86 95/95
f 2337/2624 2314/2599 2312/2596
f 2269/2531 2266/2528 2270/2532
f 2269/2531 2271/2533 2268/2530
f 2269/2531 2268/2530 2266/2528
f 1980/2576 2301/2577 2298/2572
f 1980/2116 1979/2114 1983/2119
f 1980/2576 1983/2581 2301/2577
f 66/66 94/94 81/81
f 66/66 82/82 94/94
f 609/620 594/602 586/591
f 609/620 586/591 587/592
f 2313/2598 2322/2607 2326/2611
f 2313/2598 2308/2592 2316/2601
f 2313/2598 2316/2601 2322/2607
f 2340/2630 2348/2642 2333/2620
f 2340/2630 2344/2635 2348/2642
f 62/62 99/99 83/83
f 62/62 76/76 99/99
f 2270/2532 2267/2529 2275/2537
f 2270/2532 2266/2528 2267/2529
f 1926/2049 1922/2045 1903/2026
f 1926/2049 1903/2026 1940/2063
f 73/73 81/81 97/97
f 73/73 97/97 74/74
f 60/60 69/69 89/89
f 60/60 61/61 51/51
f 60/60 89/89 61/61
f 71/642 614/629 610/623
f 71/642 103/667 614/629
f 68/68 98/98 86/86
f 68/627 588/594 591/599
f 68/627 591/599 98/625
f 2304/2586 2312/2596 2309/2593
f 2304/2586 2309/2593 2308/2592
f 2312/2596 2314/2599 2309/2593
f 79/604 78/595 563/568
f 79/604 563/568 595/603
f 84/84 108/108 87/87
f 84/84 93/93 108/108
f 87/87 115/115 111/111
f 87/87 108/108 115/115
f 80/593 520/525 588/594
f 80/593 587/592 520/525
f 75/75 100/100 76/76
f 75/75 95/95 100/100
f 2271/2533 2298/2572 2296/2568
f 2271/2533 2294/2566 2268/2530
f 2271/2533 2295/2567 2294/2566
f 2271/2533 2296/2568 2295/2567
f 69/69 91/91 96/96
f 69/69 96/96 89/89
f 72/611 566/571 78/595
f 72/611 88/598 566/571
f 2326/2611 2322/2607 2327/2612
f 2308/2592 2315/2600 2316/2601
f 2308/2592 2309/2593 2315/2600
f 2275/2537 2265/2527 2283/2545
f 2275/2537 2267/2529 2265/2527
f 2298/2572 2301/2577 2300/2574
f 2298/2572 2300/2574 2296/2568
f 1958/2086 1940/2063 1966/2098
f 1958/2086 1966/2098 1979/2114
f 81/81 94/94 105/105
f 81/81 105/105 97/97
f 1920/2043 1897/2020 1922/2045
f 1920/2043 1919/2042 1897/2020
f 1920/2043 1952/2077 1919/2042
f 50/50 56/56 92/92
f 50/2089 92/2088 1952/2077
f 51/51 61/61 56/56
f 112/112 116/116 103/103
f 112/112 111/111 116/116
f 86/86 102/102 95/95
f 86/655 98/625 102/644
f 83/83 101/101 82/82
f 83/83 99/99 104/104
f 83/83 104/104 101/101
f 82/1083 101/1055 94/1081
f 1922/2045 1897/2020 1903/2026
f 78/595 556/561 563/568
f 78/595 566/571 556/561
f 594/602 595/603 585/590
f 594/602 585/590 586/591
f 2331/2618 2333/2620 2332/2619
f 2331/2618 2330/2617 2329/2616
f 2331/2618 2332/2619 2330/2617
f 2333/2620 2348/2642 2332/2619
f 76/76 107/107 99/99
f 76/76 100/100 107/107
f 610/623 576/581 88/598
f 610/623 614/629 603/613
f 610/623 603/613 576/581
f 595/603 563/568 562/567
f 595/603 562/567 585/590
f 588/594 572/577 591/599
f 588/594 520/525 572/577
f 2316/2601 2315/2600 2318/2603
f 2316/2601 2318/2603 2322/2607
f 74/74 110/110 91/91
f 74/74 97/97 106/106
f 74/74 106/106 110/110
f 88/598 576/581 566/571
f 103/667 641/668 614/629
f 103/667 116/749 641/668
f 111/736 115/728 698/735
f 111/736 698/735 116/749
f 587/592 586/591 577/582
f 587/592 519/524 520/525
f 587/592 577/582 519/524
f 2283/2545 2282/2544 2284/2546
f 2283/2545 2265/2527 2282/2544
f 56/56 61/61 90/90
f 56/56 90/90 92/92
f 2309/2593 2314/2599 2324/2609
f 2309/2593 2317/2602 2315/2600
f 2309/2593 2324/2609 2317/2602
f 2314/2599 2329/2616 2325/2610
f 2314/2599 2325/2610 2324/2609
f 2344/2635 2347/2639 2348/2642
f 2344/2635 2284/2546 2345/2637
f 2344/2635 2345/2637 2347/2639
f 1940/2063 1903/2026 1947/2071
f 1940/2063 1947/2071 1966/2098
f 586/591 585/590 565/570
f 586/591 565/570 577/582
f 95/666 102/644 114/658
f 95/95 113/113 100/100
f 95/95 114/114 113/113
f 94/1081 101/1055 998/1043
f 94/1081 975/1019 105/1062
f 94/1081 998/1043 975/1019
f 91/91 109/109 96/96
f 91/91 110/110 109/109
f 89/2273 2091/2247 61/2290
f 89/2273 96/2275 2107/2264
f 89/2273 2083/2239 2091/2247
f 89/2273 2107/2264 2083/2239
f 61/2290 2091/2247 90/2248
f 99/1078 994/1039 104/1038
f 99/1078 107/1057 994/1039
f 97/1088 105/1062 969/1013
f 97/1088 969/1013 106/1061
f 614/629 627/648 603/613
f 614/629 641/668 627/648
f 93/732 690/724 108/730
f 93/2641 2327/2612 699/2653
f 93/2641 699/2653 695/2654
f 93/732 695/731 690/724
f 108/730 691/725 115/728
f 108/730 690/724 691/725
f 98/625 591/599 611/624
f 98/625 615/630 102/644
f 98/625 611/624 615/630
f 2329/2616 2328/2614 2325/2610
f 2329/2616 2330/2617 2328/2614
f 2348/2642 2347/2639 2351/2648
f 2348/2642 2353/2650 2332/2619
f 2348/2642 2351/2648 2353/2650
f 2267/2529 2266/2528 2263/2525
f 2267/2529 2263/2525 2265/2527
f 2268/2530 2259/2521 2266/2528
f 2268/2530 2294/2566 2293/2562
f 2268/2530 2293/2562 2259/2521
f 1979/2114 1966/2098 1978/2113
f 1979/2114 1978/2113 1983/2119
f 563/568 553/558 562/567
f 563/568 556/561 553/558
f 115/728 693/727 698/735
f 115/728 691/725 693/727
f 2315/2600 2317/2602 2318/2603
f 101/1055 104/1038 990/1034
f 101/1055 990/1034 998/1043
f 2266/2528 2261/2523 2263/2525
f 2266/2528 2259/2521 2261/2523
f 591/599 572/577 521/526
f 591/599 521/526 611/624
f 102/644 615/630 114/658
f 100/1091 1026/1075 107/1057
f 100/1091 113/1099 1026/1075
f 2284/2546 2346/2638 2345/2637
f 2284/2546 2282/2544 2346/2638
f 105/1062 975/1019 969/1013
f 1897/2020 1896/2019 1903/2026
f 1897/2020 1919/2042 1894/2017
f 1897/2020 1894/2017 1896/2019
f 96/2275 2106/2263 2107/2264
f 96/2275 109/2288 2106/2263
f 1952/2077 92/2088 1928/2051
f 1952/2077 1928/2051 1919/2042
f 92/2088 90/2248 2072/2228
f 92/2088 2072/2228 1928/2051
f 566/571 576/581 561/566
f 566/571 552/557 556/561
f 566/571 561/566 552/557
f 576/581 603/613 573/578
f 576/581 573/578 561/566
f 2327/2612 2322/2607 2323/2608
f 2327/2612 703/2629 699/2653
f 2327/2612 2323/2608 703/2629
f 1903/2026 1921/2044 1947/2071
f 1903/2026 1896/2019 1921/2044
f 562/567 554/559 585/590
f 562/567 553/558 536/541
f 562/567 536/541 554/559
f 585/590 554/559 565/570
f 520/525 514/519 572/577
f 520/525 519/524 513/518
f 520/525 513/518 514/519
f 2091/2247 2073/2229 90/2248
f 2091/2247 2083/2239 2069/2225
f 2091/2247 2069/2225 2073/2229
f 90/2248 2056/2212 2072/2228
f 90/2248 2073/2229 2056/2212
f 556/561 552/557 546/551
f 556/561 546/551 553/558
f 603/613 602/612 573/578
f 603/613 627/648 602/612
f 116/749 709/747 641/668
f 116/749 698/735 709/747
f 2322/2607 2318/2603 2323/2608
f 2324/2609 2325/2610 2320/2605
f 2324/2609 2320/2605 2317/2602
f 104/1038 994/1039 978/1022
f 104/1038 964/1008 990/1034
f 104/1038 978/1022 964/1008
f 106/1061 1010/1056 110/1102
f 106/1061 969/1013 996/1041
f 106/1061 996/1041 1010/1056
f 641/668 709/747 627/648
f 699/737 697/734 695/731
f 699/737 702/740 697/734
f 699/737 703/741 702/740
f 572/577 514/519 521/526
f 2325/2610 2328/2614 2321/2606
f 2325/2610 2321/2606 2320/2605
f 2294/2566 2289/2558 2293/2562
f 2294/2566 2295/2567 2289/2558
f 698/735 700/738 709/747
f 698/735 693/727 700/738
f 577/582 522/527 519/524
f 577/582 565/570 522/527
f 107/1057 986/1030 994/1039
f 107/1057 1026/1075 986/1030
f 2347/2639 2345/2637 2352/2649
f 2347/2639 2352/2649 2351/2648
f 2345/2637 2346/2638 2352/2649
f 1966/2098 1947/2071 1978/2113
f 110/1102 1010/1056 109/1114
f 2265/2527 2264/2526 2282/2544
f 2265/2527 2263/2525 2264/2526
f 998/1043 965/1009 975/1019
f 998/1043 990/1034 937/981
f 998/1043 937/981 965/1009
f 975/1019 941/985 969/1013
f 975/1019 965/1009 941/985
f 2107/2264 2071/2227 2083/2239
f 2107/2264 2106/2263 2082/2238
f 2107/2264 2082/2238 2071/2227
f 114/1115 643/1085 113/1099
f 114/658 615/630 632/654
f 114/658 632/654 643/671
f 113/1099 643/1085 1026/1075
f 2332/2619 1147/2636 2330/2617
f 2332/2619 2353/2650 1147/2636
f 2083/2239 2064/2220 2069/2225
f 2083/2239 2071/2227 2064/2220
f 573/578 571/576 561/566
f 573/578 602/612 571/576
f 2317/2602 2319/2604 2318/2603
f 2317/2602 2320/2605 2319/2604
f 1928/2051 2072/2228 1927/2050
f 1928/2051 1927/2050 1919/2042
f 519/524 522/527 515/520
f 519/524 515/520 513/518
f 2330/2617 1143/2632 2328/2614
f 2330/2617 1147/2636 1143/2632
f 2353/2650 1167/2652 1147/2636
f 2353/2650 2351/2648 1167/2652
f 552/557 561/566 547/552
f 552/557 547/552 546/551
f 553/558 546/551 540/545
f 553/558 535/540 536/541
f 553/558 540/545 535/540
f 690/724 695/731 689/723
f 690/724 688/722 691/725
f 690/724 689/723 688/722
f 695/731 697/734 696/733
f 695/731 696/733 689/723
f 691/725 692/726 693/727
f 691/725 688/722 692/726
f 2318/2603 2319/2604 2323/2608
f 615/630 611/624 616/631
f 615/630 616/631 632/654
f 994/1039 976/1020 978/1022
f 994/1039 986/1030 976/1020
f 2282/2544 2281/2543 2346/2638
f 2282/2544 2264/2526 2281/2543
f 969/1013 953/997 996/1041
f 969/1013 941/985 944/988
f 969/1013 944/988 953/997
f 109/2288 1013/2284 2106/2263
f 109/1114 1010/1056 1013/1060
f 2072/2228 2056/2212 2038/2194
f 2072/2228 2038/2194 1927/2050
f 627/648 625/643 602/612
f 627/648 709/747 665/696
f 627/648 665/696 625/643
f 565/570 554/559 524/529
f 565/570 524/529 522/527
f 2073/2229 2069/2225 2055/2211
f 2073/2229 2055/2211 2056/2212
f 561/566 555/560 547/552
f 561/566 571/576 555/560
f 990/1034 936/980 937/981
f 990/1034 964/1008 936/980
f 2263/2525 2261/2523 2262/2524
f 2263/2525 2262/2524 2264/2526
f 1919/2042 1927/2050 1892/2015
f 1919/2042 1892/2015 1894/2017
f 611/624 521/526 593/601
f 611/624 593/601 616/631
f 2293/2562 2292/2561 2259/2521
f 2293/2562 2289/2558 2292/2561
f 554/559 536/541 530/535
f 554/559 530/535 524/529
f 697/2847 2492/2838 696/2850
f 697/2847 702/2846 2491/2837
f 697/2847 2491/2837 2492/2838
f 521/526 514/519 517/522
f 521/526 517/522 593/601
f 2259/2521 2260/2522 2261/2523
f 2259/2521 2292/2561 2260/2522
f 1947/2071 1921/2044 1955/2083
f 1947/2071 1963/2094 1978/2113
f 1947/2071 1955/2083 1963/2094
f 1896/2019 1898/2021 1921/2044
f 1896/2019 1894/2017 1891/2014
f 1896/2019 1891/2014 1898/2021
f 2069/2225 2064/2220 2063/2219
f 2069/2225 2063/2219 2055/2211
f 2056/2212 2055/2211 2049/2205
f 2056/2212 2049/2205 2038/2194
f 546/551 547/552 543/548
f 546/551 543/548 540/545
f 700/738 716/758 709/747
f 700/738 693/727 694/729
f 700/738 694/729 716/758
f 2328/2614 1128/2613 2321/2606
f 2328/2614 1143/2632 1128/2613
f 1026/1075 643/1085 999/1044
f 1026/1075 999/1044 986/1030
f 965/1009 938/982 941/985
f 965/1009 937/981 938/982
f 996/1041 955/999 1010/1056
f 996/1041 953/997 955/999
f 2106/2263 2105/2262 2082/2238
f 2106/2263 1013/2284 2105/2262
f 602/612 598/607 571/576
f 602/612 625/643 598/607
f 536/541 535/540 530/535
f 2323/2608 2338/2625 703/2629
f 2323/2608 2319/2604 2338/2625
f 1147/1227 1145/1225 1143/1223
f 1147/1227 1167/1247 1149/1229
f 1147/1227 1149/1229 1145/1225
f 2352/2649 2346/2638 2349/2643
f 2352/2649 2350/2646 2351/2648
f 2352/2649 2349/2643 2350/2646
f 709/747 716/758 665/696
f 514/519 513/518 511/516
f 514/519 511/516 517/522
f 2320/2605 2321/2606 2319/2604
f 2346/2638 2281/2543 2349/2643
f 1010/1056 982/1026 1013/1060
f 1010/1056 955/999 982/1026
f 2071/2227 2062/2218 2064/2220
f 2071/2227 2082/2238 2067/2223
f 2071/2227 2067/2223 2062/2218
f 2321/2606 1128/2613 2319/2604
f 547/552 555/560 548/553
f 547/552 548/553 543/548
f 522/527 524/529 523/528
f 522/527 523/528 515/520
f 693/727 692/726 694/729
f 2064/2220 2062/2218 2063/2219
f 632/654 636/661 643/671
f 632/654 616/631 631/653
f 632/654 631/653 636/661
f 643/1085 1015/1064 999/1044
f 643/1085 636/1093 1015/1064
f 1143/1223 1129/1209 1128/1208
f 1143/1223 1145/1225 1144/1224
f 1143/1223 1144/1224 1129/1209
f 1167/2652 2351/2648 1139/2647
f 1167/1247 1137/1217 1149/1229
f 1167/1247 1095/1175 1137/1217
f 1167/1247 1139/1219 1095/1175
f 978/1022 976/1020 963/1007
f 978/1022 963/1007 964/1008
f 2261/2523 2260/2522 2262/2524
f 941/985 940/984 944/988
f 941/985 938/982 940/984
f 1927/2050 2038/2194 2036/2192
f 1927/2050 1900/2023 1892/2015
f 1927/2050 2036/2192 1900/2023
f 571/576 570/575 555/560
f 571/576 598/607 570/575
f 689/723 696/733 686/720
f 689/723 686/720 688/722
f 703/741 704/742 702/740
f 703/2629 2338/2625 705/2651
f 703/741 705/743 704/742
f 625/643 665/696 635/660
f 625/643 635/660 598/607
f 513/518 515/520 510/515
f 513/518 510/515 511/516
f 986/1030 985/1029 976/1020
f 986/1030 999/1044 985/1029
f 2351/2648 2350/2646 1139/2647
f 2264/2526 2262/2524 2278/2540
f 2264/2526 2278/2540 2281/2543
f 2082/2238 2105/2262 2085/2241
f 2082/2238 2085/2241 2067/2223
f 1128/2613 1127/2640 2319/2604
f 1128/1208 1129/1209 1122/1202
f 1128/1208 1122/1202 1127/1207
f 1921/2044 1933/2056 1955/2083
f 1921/2044 1898/2021 1933/2056
f 2055/2211 2063/2219 2050/2206
f 2055/2211 2050/2206 2049/2205
f 2038/2194 2049/2205 2037/2193
f 2038/2194 2037/2193 2036/2192
f 1894/2017 1892/2015 1890/2013
f 1894/2017 1890/2013 1891/2014
f 1892/2015 1900/2023 1893/2016
f 1892/2015 1888/2011 1890/2013
f 1892/2015 1893/2016 1888/2011
f 540/545 543/548 542/547
f 540/545 533/538 535/540
f 540/545 542/547 533/538
f 696/2850 2492/2838 685/2839
f 696/733 685/719 686/720
f 702/2846 704/2845 2491/2837
f 2319/2604 705/2651 2338/2625
f 2319/2604 1127/2640 705/2651
f 1149/1229 1148/1228 1145/1225
f 1149/1229 1137/1217 1148/1228
f 555/560 560/565 548/553
f 555/560 570/575 560/565
f 543/548 548/553 544/549
f 543/548 544/549 542/547
f 535/540 529/534 530/535
f 535/540 533/538 529/534
f 616/631 593/601 612/626
f 616/631 612/626 631/653
f 937/981 935/979 938/982
f 937/981 936/980 935/979
f 1983/2119 1978/2113 1982/2118
f 1983/2581 1977/2580 2301/2577
f 1983/2119 1982/2118 1977/2112
f 1145/1225 1146/1226 1144/1224
f 1145/1225 1148/1228 1146/1226
f 953/997 944/988 945/989
f 953/997 951/995 955/999
f 953/997 945/989 951/995
f 524/529 530/535 527/532
f 524/529 527/532 523/528
f 593/601 517/522 596/605
f 593/601 596/605 612/626
f 976/1020 985/1029 971/1015
f 976/1020 971/1015 963/1007
f 964/1008 932/976 936/980
f 964/1008 963/1007 961/1005
f 964/1008 961/1005 932/976
f 1978/2113 1963/2094 1982/2118
f 1013/2284 2123/2282 2105/2262
f 1013/1060 982/1026 983/1027
f 1013/2284 983/2347 2123/2282
f 2063/2219 2062/2218 2058/2214
f 2063/2219 2058/2214 2050/2206
f 1137/1217 1095/1175 1136/1216
f 1137/1217 1136/1216 1148/1228
f 2262/2524 2260/2522 2272/2534
f 2262/2524 2279/2541 2278/2540
f 2262/2524 2272/2534 2279/2541
f 2049/2205 2050/2206 2041/2197
f 2049/2205 2041/2197 2037/2193
f 665/696 716/758 683/717
f 665/696 672/706 635/660
f 665/696 683/717 672/706
f 716/758 694/729 683/717
f 1129/1209 1144/1224 1130/1210
f 1129/1209 1124/1204 1122/1202
f 1129/1209 1130/1210 1124/1204
f 944/988 943/987 945/989
f 944/988 940/984 943/987
f 2492/2838 2491/2837 2488/2833
f 2492/2838 2488/2833 685/2839
f 2292/2561 2291/2560 2260/2522
f 2292/2561 2289/2558 2291/2560
f 2062/2218 2067/2223 2060/2216
f 2062/2218 2060/2216 2058/2214
f 515/520 512/517 510/515
f 515/520 523/528 516/521
f 515/520 516/521 512/517
f 1127/1207 1122/1202 1121/1201
f 1127/1207 1121/1201 705/1251
f 1144/1224 1146/1226 1130/1210
f 999/1044 1015/1064 1000/1045
f 999/1044 1000/1045 985/1029
f 2260/2522 2285/2547 2272/2534
f 2260/2522 2291/2560 2285/2547
f 598/607 635/660 626/647
f 598/607 581/586 570/575
f 598/607 626/647 581/586
f 517/522 511/516 518/523
f 517/522 518/523 596/605
f 1122/1202 1102/1182 1121/1201
f 1122/1202 1124/1204 1102/1182
f 2281/2543 2288/2556 2349/2643
f 2281/2543 2278/2540 2280/2542
f 2281/2543 2280/2542 2288/2556
f 2105/2262 2098/2255 2085/2241
f 2105/2262 2123/2282 2098/2255
f 548/553 549/554 544/549
f 548/553 560/565 549/554
f 635/660 672/706 626/647
f 955/999 954/998 982/1026
f 955/999 951/995 954/998
f 2067/2223 2085/2241 2075/2231
f 2067/2223 2074/2230 2060/2216
f 2067/2223 2075/2231 2074/2230
f 530/535 526/531 527/532
f 530/535 529/534 526/531
f 705/743 706/744 704/742
f 705/1251 1121/1201 1135/1215
f 705/1251 1135/1215 706/1254
f 2491/2837 704/2845 2493/2840
f 2491/2837 2489/2834 2488/2833
f 2491/2837 2493/2840 2489/2834
f 1015/1064 636/1093 1017/1066
f 1015/1064 1017/1066 1000/1045
f 1139/2647 2350/2646 1138/2645
f 1139/1219 1107/1187 1095/1175
f 1139/1219 1138/1218 1107/1187
f 2350/2646 2349/2643 1138/2645
f 2349/2643 2288/2556 1126/2644
f 2349/2643 1126/2644 1138/2645
f 1963/2094 1955/2083 1964/2095
f 1963/2094 1970/2102 1982/2118
f 1963/2094 1964/2095 1970/2102
f 1955/2083 1933/2056 1956/2084
f 1955/2083 1956/2084 1964/2095
f 982/1026 954/998 983/1027
f 2036/2192 1912/2035 1900/2023
f 2036/2192 2037/2193 2035/2191
f 2036/2192 2035/2191 1912/2035
f 938/982 939/983 940/984
f 938/982 935/979 939/983
f 1900/2023 1912/2035 1908/2031
f 1900/2023 1908/2031 1893/2016
f 570/575 581/586 560/565
f 542/547 539/544 533/538
f 542/547 544/549 545/550
f 542/547 545/550 539/544
f 636/661 631/653 637/662
f 636/1093 637/1094 1017/1066
f 2050/2206 2058/2214 2051/2207
f 2050/2206 2051/2207 2041/2197
f 704/2845 706/2848 2493/2840
f 2278/2540 2279/2541 2280/2542
f 936/980 932/976 935/979
f 1095/1175 1091/1171 1136/1216
f 1095/1175 1107/1187 1092/1172
f 1095/1175 1092/1172 1091/1171
f 2037/2193 2041/2197 2035/2191
f 692/726 688/722 687/721
f 692/726 687/721 694/729
f 1148/1228 1134/1214 1146/1226
f 1148/1228 1136/1216 1091/1171
f 1148/1228 1091/1171 1134/1214
f 1891/2014 1899/2022 1898/2021
f 1891/2014 1890/2013 1889/2012
f 1891/2014 1889/2012 1899/2022
f 2085/2241 2098/2255 2075/2231
f 527/532 526/531 523/528
f 631/653 612/626 629/650
f 631/653 629/650 637/662
f 1130/1210 1146/1226 1134/1214
f 1130/1210 1132/1212 1124/1204
f 1130/1210 1134/1214 1132/1212
f 2272/2534 2285/2547 2286/2548
f 2272/2534 2287/2552 2279/2541
f 2272/2534 2286/2548 2287/2552
f 2301/2577 1977/2580 2300/2574
f 510/515 508/513 511/516
f 510/515 512/517 508/513
f 985/1029 987/1031 971/1015
f 985/1029 1000/1045 987/1031
f 1933/2056 1898/2021 1934/2057
f 1933/2056 1934/2057 1956/2084
f 533/538 532/537 529/534
f 533/538 539/544 532/537
f 511/516 589/596 518/523
f 511/516 508/513 509/514
f 511/516 509/514 589/596
f 963/1007 971/1015 962/1006
f 963/1007 962/1006 961/1005
f 2289/2558 2290/2559 2291/2560
f 2289/2558 2295/2567 1841/2563
f 2289/2558 1841/2563 2290/2559
f 2296/2568 2297/2569 2295/2567
f 2296/2568 2300/2574 2297/2569
f 1898/2021 1899/2022 1934/2057
f 544/549 549/554 545/550
f 688/722 686/720 687/721
f 596/605 608/618 612/626
f 596/605 518/523 608/618
f 1121/1201 1102/1182 1101/1181
f 1121/1201 1101/1181 1135/1215
f 1124/1204 1100/1180 1102/1182
f 1124/1204 1132/1212 1100/1180
f 1982/2118 1970/2102 1977/2112
f 683/717 694/729 681/715
f 683/717 673/707 672/706
f 683/717 681/715 673/707
f 612/626 613/628 629/650
f 612/626 608/618 613/628
f 1102/1182 1100/1180 1101/1181
f 2288/2556 2280/2542 1120/2557
f 2288/2556 1120/2557 1126/2644
f 2285/2547 2291/2560 2290/2559
f 2285/2547 1861/2549 2286/2548
f 2285/2547 2290/2559 1861/2549
f 2058/2214 2060/2216 2059/2215
f 2058/2214 2059/2215 2051/2207
f 694/729 701/739 681/715
f 694/729 687/721 701/739
f 945/989 948/992 951/995
f 945/989 943/987 946/990
f 945/989 946/990 948/992
f 560/565 581/586 582/587
f 560/565 582/587 549/554
f 672/706 671/705 626/647
f 672/706 673/707 671/705
f 2279/2541 2287/2552 2280/2542
f 2295/2567 2297/2569 1841/2563
f 516/521 523/528 525/530
f 516/521 538/543 512/517
f 516/521 525/530 538/543
f 518/523 589/596 608/618
f 1107/1187 1138/1218 1118/1198
f 1107/1187 1118/1198 1117/1197
f 1107/1187 1113/1193 1092/1172
f 1107/1187 1117/1197 1113/1193
f 1138/1218 1126/1206 1118/1198
f 2280/2542 1133/2554 1120/2557
f 2280/2542 1939/2553 1133/2554
f 2280/2542 2287/2552 1939/2553
f 2488/2833 2489/2834 2485/2830
f 2488/2833 2484/2829 685/2839
f 2488/2833 2485/2830 2484/2829
f 529/534 528/533 526/531
f 529/534 531/536 528/533
f 529/534 532/537 531/536
f 523/528 526/531 525/530
f 1964/2095 1967/2099 1970/2102
f 1964/2095 1956/2084 1967/2099
f 1132/1212 1134/1214 1093/1173
f 1132/1212 1093/1173 1100/1180
f 1126/1206 1120/1200 1118/1198
f 951/995 952/996 954/998
f 951/995 948/992 952/996
f 940/984 942/986 943/987
f 940/984 939/983 942/986
f 2060/2216 2074/2230 2061/2217
f 2060/2216 2061/2217 2059/2215
f 1912/2035 2035/2191 2027/2183
f 1912/2035 2027/2183 1909/2032
f 1912/2035 1909/2032 1908/2031
f 706/2848 1174/2842 2493/2840
f 706/1254 1135/1215 1174/1256
f 1970/2102 1967/2099 1977/2112
f 539/544 545/550 550/555
f 539/544 550/555 532/537
f 626/647 645/673 581/586
f 626/647 671/705 663/694
f 626/647 663/694 645/673
f 673/707 681/715 675/709
f 673/707 675/709 674/708
f 673/707 674/708 671/705
f 681/715 701/739 679/713
f 681/715 679/713 675/709
f 1120/1200 1133/1213 1119/1199
f 1120/1200 1119/1199 1118/1198
f 2286/2548 1935/2551 2287/2552
f 2286/2548 1860/2550 1935/2551
f 2286/2548 1861/2549 1860/2550
f 512/517 491/495 508/513
f 512/517 538/543 491/495
f 1134/1214 1091/1171 1093/1173
f 971/1015 987/1031 970/1014
f 971/1015 970/1014 962/1006
f 1977/2580 2302/2579 2300/2574
f 1977/2112 1967/2099 1976/2111
f 1977/2580 1976/2578 2302/2579
f 581/586 630/652 582/587
f 581/586 645/673 630/652
f 687/721 684/718 701/739
f 687/721 686/720 684/718
f 2493/2840 2494/2841 2489/2834
f 2493/2840 1174/2842 2494/2841
f 629/650 628/649 637/662
f 629/650 613/628 628/649
f 1100/1180 1093/1173 1098/1178
f 1100/1180 1098/1178 1099/1179
f 1100/1180 1099/1179 1101/1181
f 2300/2574 2302/2579 2299/2573
f 2300/2574 2299/2573 2297/2569
f 1956/2084 1934/2057 1959/2087
f 1956/2084 1959/2087 1967/2099
f 1934/2057 1899/2022 1925/2048
f 1934/2057 1925/2048 1959/2087
f 1000/1045 1017/1066 1016/1065
f 1000/1045 995/1040 987/1031
f 1000/1045 1016/1065 995/1040
f 2051/2207 2042/2198 2041/2197
f 2051/2207 2059/2215 2054/2210
f 2051/2207 2054/2210 2042/2198
f 701/739 684/718 679/713
f 686/720 685/719 684/718
f 1091/1171 1092/1172 1093/1173
f 1133/2081 1939/2062 1938/2061
f 1133/1213 1155/1235 1119/1199
f 1133/2081 1938/2061 1155/2097
f 2287/2552 1936/2555 1939/2553
f 2287/2552 1935/2551 1936/2555
f 1890/2013 1888/2011 1889/2012
f 2041/2197 2030/2186 2035/2191
f 2041/2197 2042/2198 2030/2186
f 1017/1066 637/1094 1018/1067
f 1017/1066 1018/1067 1016/1065
f 1939/2062 1936/2059 1938/2061
f 2035/2191 2030/2186 2027/2183
f 675/709 679/713 676/710
f 675/709 676/710 674/708
f 637/662 628/649 638/663
f 637/1094 638/1084 1018/1067
f 679/713 684/718 682/716
f 679/713 682/716 676/710
f 508/513 506/511 509/514
f 508/513 456/456 506/511
f 508/513 491/495 456/456
f 2489/2834 2494/2841 2490/2836
f 2489/2834 2490/2836 2487/2832
f 2489/2834 2487/2832 2485/2830
f 1135/1215 1173/1255 1174/1256
f 1135/1215 1101/1181 1173/1255
f 608/618 589/596 592/600
f 608/618 607/617 613/628
f 608/618 592/600 607/617
f 1118/1198 1119/1199 1114/1194
f 1118/1198 1115/1195 1117/1197
f 1118/1198 1114/1194 1115/1195
f 549/554 582/587 579/584
f 549/554 557/562 545/550
f 549/554 579/584 557/562
f 1098/1178 1093/1173 1096/1176
f 1098/1178 1096/1176 1099/1179
f 1119/1199 1155/1235 1123/1203
f 1119/1199 1123/1203 1114/1194
f 1841/2563 1836/2564 2290/2559
f 1841/2563 2297/2569 1831/2570
f 1841/1964 1831/1954 1836/1959
f 1899/2022 1889/2012 1895/2018
f 1899/2022 1895/2018 1925/2048
f 2075/2231 2076/2232 2074/2230
f 2075/2231 2098/2255 2086/2242
f 2075/2231 2086/2242 2076/2232
f 582/587 601/610 579/584
f 582/587 630/652 601/610
f 526/531 528/533 525/530
f 671/705 674/708 680/714
f 671/2520 680/2519 663/2517
f 509/514 507/512 589/596
f 509/514 506/511 507/512
f 2074/2230 2076/2232 2061/2217
f 645/673 659/689 630/652
f 645/673 663/694 659/689
f 1967/2099 1959/2087 1976/2111
f 2123/2282 983/2347 1014/2338
f 2123/2282 2124/2283 2098/2255
f 2123/2282 1014/2338 2124/2283
f 545/550 557/562 550/555
f 684/718 685/719 682/716
f 589/596 507/512 592/600
f 1093/1173 1092/1172 1094/1174
f 1093/1173 1094/1174 1096/1176
f 987/1031 995/1040 979/1023
f 987/1031 979/1023 970/1014
f 1092/1172 1113/1193 1112/1192
f 1092/1172 1112/1192 1094/1174
f 2290/2559 1836/2564 1861/2549
f 2302/2579 1976/2578 2299/2573
f 983/1027 954/998 966/1010
f 983/1027 966/1010 1014/1063
f 2098/2255 2099/2256 2086/2242
f 2098/2255 2124/2283 2099/2256
f 613/628 620/636 628/649
f 613/628 607/617 620/636
f 1117/1197 1115/1195 1113/1193
f 2297/2569 2299/2573 1842/2571
f 2297/2569 1842/2571 1831/2570
f 2061/2217 2077/2233 2059/2215
f 2061/2217 2076/2232 2077/2233
f 538/543 525/530 537/542
f 538/543 537/542 493/497
f 538/543 493/497 491/495
f 1174/2842 2495/2843 2494/2841
f 1174/2842 1173/2844 2495/2843
f 676/710 677/711 674/708
f 676/2849 682/2835 678/2826
f 676/710 678/712 677/711
f 1935/2058 1878/2001 1936/2059
f 1935/2058 1860/1983 1878/2001
f 954/998 952/996 950/994
f 954/998 950/994 966/1010
f 2059/2215 2066/2222 2054/2210
f 2059/2215 2077/2233 2066/2222
f 1909/2032 2027/2183 1910/2033
f 1909/2032 1906/2029 1908/2031
f 1909/2032 1910/2033 1906/2029
f 2027/2183 2030/2186 2028/2184
f 2027/2183 2028/2184 1910/2033
f 2042/2198 2054/2210 2043/2199
f 2042/2198 2034/2190 2030/2186
f 2042/2198 2043/2199 2034/2190
f 628/649 620/636 638/663
f 1155/2097 1938/2061 1156/2076
f 1155/1235 1156/1236 1123/1203
f 1959/2087 1844/1967 1976/2111
f 1959/2087 1925/2048 1844/1967
f 2054/2210 2066/2222 2043/2199
f 674/708 677/711 680/714
f 682/2835 685/2839 2484/2829
f 682/2835 2484/2829 678/2826
f 943/987 947/991 946/990
f 943/987 942/986 947/991
f 1861/2549 1836/2564 1839/2565
f 1861/1984 1839/1962 1860/1983
f 1936/2059 1937/2060 1938/2061
f 1936/2059 1878/2001 1877/2000
f 1936/2059 1877/2000 1937/2060
f 2299/2573 1976/2578 1843/2575
f 2299/2573 1843/2575 1842/2571
f 952/996 948/992 950/994
f 1115/1195 1111/1191 1113/1193
f 1115/1195 1114/1194 1110/1190
f 1115/1195 1110/1190 1111/1191
f 1101/1181 1153/1233 1173/1255
f 1101/1181 1099/1179 1104/1184
f 1101/1181 1104/1184 1153/1233
f 1938/2061 1937/2060 1156/2076
f 2086/2242 2090/2246 2076/2232
f 2086/2242 2099/2256 2090/2246
f 2077/2233 2076/2232 2087/2243
f 2077/2233 2087/2243 2066/2222
f 2494/2841 2495/2843 2479/2822
f 2494/2841 2479/2822 2490/2836
f 579/584 578/583 557/562
f 579/584 601/610 578/583
f 630/652 624/641 601/610
f 630/652 659/689 651/680
f 630/652 651/680 624/641
f 525/530 534/539 537/542
f 525/530 528/533 534/539
f 1113/1193 1111/1191 1112/1192
f 1123/1203 1116/1196 1114/1194
f 1123/1203 1131/1211 1116/1196
f 1123/1203 1156/1236 1150/1230
f 1123/1203 1150/1230 1131/1211
f 1976/2578 1844/2582 1843/2575
f 1908/2031 1907/2030 1893/2016
f 1908/2031 1906/2029 1907/2030
f 2076/2232 2090/2246 2088/2244
f 2076/2232 2088/2244 2087/2243
f 2030/2186 2034/2190 2032/2188
f 2030/2186 2032/2188 2028/2184
f 1173/2844 2476/2812 2495/2843
f 1173/2844 1153/2821 2476/2812
f 995/1040 993/1037 979/1023
f 995/1040 1016/1065 993/1037
f 1094/1174 1097/1177 1096/1176
f 1094/1174 1112/1192 1097/1177
f 1831/1954 1833/1956 1836/1959
f 1831/1954 1842/1965 1832/1955
f 1831/1954 1832/1955 1833/1956
f 2124/2283 2127/2287 2099/2256
f 2124/2283 1014/2338 1032/2369
f 2124/2283 1032/2369 2127/2287
f 2099/2256 2114/2271 2090/2246
f 2099/2256 2127/2287 2114/2271
f 1099/1179 1096/1176 1103/1183
f 1099/1179 1105/1185 1104/1184
f 1099/1179 1103/1183 1105/1185
f 1836/1959 1833/1956 1839/1962
f 1889/2012 1886/2009 1895/2018
f 1889/2012 1888/2011 1886/2009
f 557/562 558/563 550/555
f 557/562 578/583 567/572
f 557/562 567/572 558/563
f 663/2517 680/2519 2257/2513
f 663/694 660/690 659/689
f 663/2517 2257/2513 660/2516
f 537/542 574/579 493/497
f 537/542 534/539 574/579
f 1014/1063 966/1010 967/1011
f 1014/1063 967/1011 1032/1087
f 2066/2222 2087/2243 2065/2221
f 2066/2222 2065/2221 2043/2199
f 680/2519 677/2518 2257/2513
f 1114/1194 1116/1196 1109/1189
f 1114/1194 1109/1189 1110/1190
f 1842/1965 1843/1966 1832/1955
f 1860/1983 1839/1962 1856/1979
f 1860/1983 1856/1979 1878/2001
f 2090/2246 2089/2245 2088/2244
f 2090/2246 2114/2271 2089/2245
f 601/610 600/609 578/583
f 601/610 624/641 600/609
f 2495/2843 2476/2812 2479/2822
f 1096/1176 1097/1177 1103/1183
f 1925/2048 1895/2018 1887/2010
f 1925/2048 1845/1968 1844/1967
f 1925/2048 1887/2010 1845/1968
f 2087/2243 2088/2244 2065/2221
f 966/1010 950/994 967/1011
f 659/689 660/690 651/680
f 1843/1966 1835/1958 1832/1955
f 1843/1966 1844/1967 1835/1958
f 2034/2190 2043/2199 2040/2196
f 2034/2190 2040/2196 2032/2188
f 550/555 558/563 551/556
f 550/555 551/556 532/537
f 946/990 947/991 948/992
f 1895/2018 1886/2009 1887/2010
f 2088/2244 2079/2235 2065/2221
f 2088/2244 2089/2245 2079/2235
f 528/533 531/536 534/539
f 1116/1196 1131/1211 1125/1205
f 1116/1196 1125/1205 1109/1189
f 950/994 948/992 949/993
f 950/994 956/1000 967/1011
f 950/994 949/993 956/1000
f 2127/2287 2126/2286 2114/2271
f 2127/2287 1032/2369 2126/2286
f 578/583 600/609 567/572
f 507/512 506/511 490/494
f 507/512 490/494 592/600
f 2114/2271 2108/2265 2089/2245
f 2114/2271 2126/2286 2108/2265
f 1111/1191 1108/1188 1112/1192
f 1111/1191 1110/1190 1108/1188
f 2043/2199 2065/2221 2048/2204
f 2043/2199 2048/2204 2040/2196
f 558/563 559/564 551/556
f 558/563 567/572 559/564
f 2484/2829 2485/2830 2482/2827
f 2484/2829 2482/2827 678/2826
f 506/511 456/456 454/454
f 506/511 454/454 490/494
f 932/976 913/957 935/979
f 932/976 961/1005 914/958
f 932/976 914/958 913/957
f 935/979 915/959 939/983
f 935/979 913/957 915/959
f 1032/1087 967/1011 1011/1058
f 1032/2369 1038/2301 2126/2286
f 1032/1087 1011/1058 1038/1104
f 1893/2016 1884/2007 1888/2011
f 1893/2016 1907/2030 1901/2024
f 1893/2016 1901/2024 1884/2007
f 942/986 939/983 921/965
f 942/986 957/1001 947/991
f 942/986 921/965 957/1001
f 1839/1962 1833/1956 1840/1963
f 1839/1962 1849/1972 1856/1979
f 1839/1962 1840/1963 1849/1972
f 1833/1956 1832/1955 1834/1957
f 1833/1956 1834/1957 1840/1963
f 1832/1955 1835/1958 1834/1957
f 1844/1967 1838/1961 1835/1958
f 1844/1967 1845/1968 1838/1961
f 493/497 574/579 452/452
f 493/497 445/445 491/495
f 493/497 452/452 445/445
f 1112/1192 1108/1188 1097/1177
f 961/1005 962/1006 920/964
f 961/1005 920/964 914/958
f 948/992 947/991 949/993
f 677/2518 2256/2512 2257/2513
f 677/2518 678/2515 2256/2512
f 607/617 592/600 606/616
f 607/617 606/616 620/636
f 939/983 915/959 921/965
f 2065/2221 2079/2235 2070/2226
f 2065/2221 2070/2226 2048/2204
f 551/556 541/546 532/537
f 551/556 559/564 568/573
f 551/556 568/573 541/546
f 532/537 541/546 531/536
f 574/579 534/539 575/580
f 574/579 575/580 452/452
f 491/495 445/445 456/456
f 967/1011 956/1000 960/1004
f 967/1011 968/1012 1011/1058
f 967/1011 960/1004 968/1012
f 1835/1958 1837/1960 1834/1957
f 1835/1958 1838/1961 1837/1960
f 2089/2245 2080/2236 2079/2235
f 2089/2245 2108/2265 2080/2236
f 567/572 600/609 599/608
f 567/572 580/585 559/564
f 567/572 599/608 580/585
f 1110/1190 1109/1189 1108/1188
f 600/609 624/641 604/614
f 600/609 604/614 599/608
f 531/536 541/546 534/539
f 624/641 651/680 650/679
f 624/641 650/679 369/669
f 624/641 370/651 604/614
f 624/641 369/669 370/651
f 592/600 490/494 492/496
f 592/600 492/496 606/616
f 651/680 660/690 650/679
f 947/991 958/1002 949/993
f 947/991 957/1001 958/1002
f 1888/2011 1885/2008 1886/2009
f 1888/2011 1884/2007 1885/2008
f 559/564 564/569 568/573
f 559/564 580/585 477/480
f 559/564 477/480 564/569
f 962/1006 970/1014 916/960
f 962/1006 916/960 920/964
f 970/1014 979/1023 934/978
f 970/1014 934/978 916/960
f 956/1000 949/993 958/1002
f 956/1000 959/1003 960/1004
f 956/1000 958/1002 959/1003
f 2126/2286 2115/2272 2108/2265
f 2126/2286 1038/2301 2115/2272
f 1906/2029 1902/2025 1907/2030
f 1906/2029 1910/2033 1905/2028
f 1906/2029 1905/2028 1902/2025
f 2079/2235 2080/2236 2070/2226
f 568/573 569/574 541/546
f 568/573 583/588 569/574
f 568/573 564/569 583/588
f 2108/2265 2097/2254 2080/2236
f 2108/2265 2115/2272 2097/2254
f 979/1023 993/1037 977/1021
f 979/1023 977/1021 934/978
f 1856/1979 1869/1992 1878/2001
f 1856/1979 1849/1972 1869/1992
f 1834/1957 1837/1960 1840/1963
f 1887/2010 1886/2009 1850/1973
f 1887/2010 1850/1973 1845/1968
f 1886/2009 1885/2008 1853/1976
f 1886/2009 1853/1976 1850/1973
f 2490/2836 2480/2823 2487/2832
f 2490/2836 2479/2822 2480/2823
f 1016/1065 1018/1067 1001/1046
f 1016/1065 1001/1046 993/1037
f 1097/1177 1108/1188 1103/1183
f 1878/2001 1869/1992 1877/2000
f 2028/2184 2032/2188 2031/2187
f 2028/2184 2029/2185 1910/2033
f 2028/2184 2031/2187 2029/2185
f 2040/2196 2033/2189 2032/2188
f 2040/2196 2048/2204 2045/2201
f 2040/2196 2044/2200 2033/2189
f 2040/2196 2045/2201 2044/2200
f 541/546 569/574 534/539
f 456/456 445/445 441/441
f 456/456 442/442 454/454
f 456/456 441/441 442/442
f 1104/1184 1106/1186 1153/1233
f 1104/1184 1105/1185 1106/1186
f 1018/1067 638/1084 1001/1046
f 534/539 597/606 575/580
f 534/539 569/574 597/606
f 490/494 454/454 463/463
f 490/494 463/463 492/496
f 1840/1963 1851/1974 1849/1972
f 1840/1963 1837/1960 1847/1970
f 1840/1963 1847/1970 1851/1974
f 2485/2830 2487/2832 2486/2831
f 2485/2830 2486/2831 2483/2828
f 2485/2830 2483/2828 2482/2827
f 620/636 634/657 638/663
f 620/636 606/616 618/633
f 620/636 618/633 634/657
f 1838/1961 1845/1968 1850/1973
f 1838/1961 1846/1969 1837/1960
f 1838/1961 1850/1973 1848/1971
f 1838/1961 1848/1971 1846/1969
f 1901/2024 1907/2030 1902/2025
f 1901/2024 1883/2006 1884/2007
f 1901/2024 1902/2025 1883/2006
f 1038/1104 1011/1058 980/1024
f 1038/2301 1033/2296 2115/2272
f 1038/1104 980/1024 1033/1089
f 2032/2188 2033/2189 2031/2187
f 575/580 437/437 452/452
f 575/580 597/606 584/589
f 575/580 584/589 437/437
f 1153/2821 1106/2728 2401/2718
f 1153/2821 2413/2739 2476/2812
f 1153/2821 2401/2718 2413/2739
f 1011/1058 968/1012 980/1024
f 580/585 599/608 590/597
f 580/585 590/597 477/480
f 452/452 436/436 445/445
f 452/452 437/437 436/436
f 2257/2513 708/2511 660/2516
f 2257/2513 2256/2512 708/2511
f 2487/2832 2480/2823 2486/2831
f 1150/1230 1156/1236 1158/1238
f 1150/1230 1157/1237 1131/1211
f 1150/1230 1158/1238 1157/1237
f 1884/2007 1881/2004 1885/2008
f 1884/2007 1883/2006 1881/2004
f 2048/2204 2070/2226 2053/2209
f 2048/2204 2053/2209 2045/2201
f 445/445 436/436 441/441
f 638/1084 1030/1080 1001/1046
f 638/1084 634/1098 1030/1080
f 1937/2060 1953/2080 1156/2076
f 1937/2060 1877/2000 1876/1999
f 1937/2060 1942/2065 1953/2080
f 1937/2060 1876/1999 1942/2065
f 960/1004 907/951 968/1012
f 960/1004 959/1003 881/925
f 960/1004 881/925 907/951
f 2080/2236 2078/2234 2070/2226
f 2080/2236 2097/2254 2078/2234
f 569/574 583/588 597/606
f 454/454 453/453 463/463
f 454/454 442/442 453/453
f 1849/1972 1851/1974 1858/1981
f 1849/1972 1858/1981 1869/1992
f 2070/2226 2078/2234 2053/2209
f 2479/2822 2476/2812 2469/2805
f 2479/2822 2469/2805 2480/2823
f 564/569 440/440 583/588
f 564/569 477/480 440/440
f 599/608 604/614 605/615
f 599/608 605/615 590/597
f 993/1037 1001/1046 991/1035
f 993/1037 991/1035 977/1021
f 1156/2076 1953/2080 1954/2082
f 1156/2076 1954/2082 1158/2106
f 1837/1960 1846/1969 1847/1970
f 1910/2033 1911/2034 1905/2028
f 1910/2033 2029/2185 1911/2034
f 606/616 492/496 505/510
f 606/616 505/510 618/633
f 1885/2008 1881/2004 1880/2003
f 1885/2008 1880/2003 1853/1976
f 2115/2272 2116/2274 2097/2254
f 2115/2272 1033/2296 2116/2274
f 597/606 583/588 584/589
f 968/1012 919/963 980/1024
f 968/1012 907/951 919/963
f 1108/1188 1109/1189 1103/1183
f 583/588 440/440 584/589
f 650/679 660/690 664/695
f 650/679 664/695 395/697
f 650/679 395/697 369/669
f 660/690 708/746 664/695
f 492/496 463/463 486/489
f 492/496 486/489 505/510
f 1106/2728 1154/2716 2401/2718
f 1106/1186 1105/1185 1154/1234
f 1103/1183 1109/1189 1105/1185
f 1131/1211 1157/1237 1152/1232
f 1131/1211 1142/1222 1125/1205
f 1131/1211 1152/1232 1151/1231
f 1131/1211 1151/1231 1142/1222
f 678/2515 2255/2510 2256/2512
f 678/2515 2258/2514 2255/2510
f 678/2826 2482/2827 2481/2825
f 678/2826 2481/2825 2258/2824
f 958/1002 957/1001 959/1003
f 2097/2254 2096/2253 2078/2234
f 2097/2254 2116/2274 2096/2253
f 477/480 439/439 440/440
f 477/480 590/597 473/474
f 477/480 473/474 439/439
f 441/441 436/436 432/432
f 441/441 432/432 442/442
f 2476/2812 2413/2739 2469/2805
f 1877/2000 1869/1992 1874/1997
f 1877/2000 1874/1997 1876/1999
f 584/589 440/440 437/437
f 440/440 425/425 437/437
f 440/440 439/439 425/425
f 2256/2512 2255/2510 708/2511
f 1953/2080 1972/2104 1954/2082
f 1953/2080 1974/2108 1972/2104
f 1953/2080 1975/2110 1974/2108
f 1953/2080 1971/2103 1975/2110
f 1953/2080 1942/2065 1971/2103
f 1850/1973 1853/1976 1848/1971
f 980/1024 981/1025 1033/1089
f 980/1024 919/963 882/926
f 980/1024 882/926 981/1025
f 1033/2296 981/2298 2116/2274
f 1902/2025 1904/2027 1883/2006
f 1902/2025 1905/2028 1904/2027
f 2053/2209 2052/2208 2045/2201
f 2053/2209 2078/2234 2068/2224
f 2053/2209 2068/2224 2052/2208
f 2033/2189 2039/2195 2031/2187
f 2033/2189 2044/2200 2046/2202
f 2033/2189 2046/2202 2039/2195
f 2045/2201 2047/2203 2044/2200
f 2045/2201 2052/2208 2047/2203
f 604/614 619/635 605/615
f 604/614 370/651 619/635
f 463/463 453/453 455/455
f 463/463 455/455 486/489
f 1851/1974 1847/1970 1854/1977
f 1851/1974 1859/1982 1858/1981
f 1851/1974 1854/1977 1859/1982
f 1883/2006 1882/2005 1881/2004
f 1883/2006 1904/2027 1882/2005
f 1905/2028 1911/2034 1904/2027
f 2078/2234 2096/2253 2084/2240
f 2078/2234 2084/2240 2068/2224
f 437/437 427/427 436/436
f 437/437 425/425 427/427
f 436/436 427/427 428/428
f 436/436 428/428 432/432
f 2401/2718 2400/2717 2413/2739
f 2401/2718 1154/2716 2400/2717
f 1869/1992 1858/1981 1874/1997
f 442/442 443/443 453/453
f 442/442 432/432 433/433
f 442/442 433/433 443/443
f 590/597 605/615 619/635
f 590/597 475/476 473/474
f 590/597 619/635 475/476
f 1847/1970 1846/1969 1852/1975
f 1847/1970 1852/1975 1854/1977
f 1846/1969 1848/1971 1852/1975
f 1881/2004 1879/2002 1880/2003
f 1881/2004 1882/2005 1879/2002
f 2031/2187 1932/2055 2029/2185
f 2031/2187 2039/2195 1932/2055
f 2480/2823 2469/2805 2415/2741
f 2480/2823 2464/2797 2486/2831
f 2480/2823 2415/2741 2464/2797
f 1158/2106 1954/2082 1170/2105
f 1158/1238 1159/1239 1157/1237
f 1158/1238 1170/1250 1163/1243
f 1158/1238 1163/1243 1159/1239
f 2044/2200 2057/2213 2046/2202
f 2044/2200 2047/2203 2057/2213
f 1954/2082 1972/2104 1170/2105
f 2029/2185 1923/2046 1911/2034
f 2029/2185 1932/2055 1923/2046
f 439/439 424/424 425/425
f 439/439 473/474 472/473
f 439/439 472/473 424/424
f 959/1003 957/1001 922/966
f 959/1003 879/923 881/925
f 959/1003 922/966 879/923
f 919/963 907/951 880/924
f 919/963 880/924 882/926
f 2116/2274 2112/2269 2096/2253
f 2116/2274 981/2298 1012/2297
f 2116/2274 1012/2297 2112/2269
f 2413/2739 2422/2748 2469/2805
f 2413/2739 2400/2717 2422/2748
f 1105/2721 2398/2714 1154/2716
f 1105/1185 1109/1189 1140/1220
f 1105/2721 1140/2720 2398/2714
f 2096/2253 2101/2258 2084/2240
f 2096/2253 2112/2269 2101/2258
f 1154/2716 2397/2713 2400/2717
f 1154/2716 2398/2714 2397/2713
f 920/964 916/960 906/950
f 920/964 906/950 914/958
f 907/951 881/925 878/922
f 907/951 878/922 880/924
f 425/425 423/423 427/427
f 425/425 424/424 423/423
f 453/453 443/443 455/455
f 2255/2510 2254/2509 708/2511
f 2255/2510 2253/2508 2254/2509
f 2255/2510 2258/2514 2253/2508
f 1001/1046 1030/1080 1008/1053
f 1001/1046 1008/1053 991/1035
f 505/510 617/632 618/633
f 505/510 486/489 504/509
f 505/510 504/509 617/632
f 618/633 621/637 634/657
f 618/633 617/632 621/637
f 1858/1981 1859/1982 1868/1991
f 1858/1981 1868/1991 1874/1997
f 1848/1971 1855/1978 1852/1975
f 1848/1971 1853/1976 1855/1978
f 473/474 475/476 472/473
f 427/427 426/426 428/428
f 427/427 423/423 426/426
f 634/1098 1029/1079 1030/1080
f 634/1098 621/1101 1029/1079
f 1974/2898 2023/2899 1972/2900
f 1974/2108 1992/2129 2023/2179
f 1974/2108 2025/2181 1992/2129
f 1974/2108 1975/2110 2025/2181
f 1911/2034 1923/2046 1914/2037
f 1911/2034 1914/2037 1904/2027
f 432/432 428/428 430/430
f 432/432 430/430 433/433
f 708/746 707/745 664/695
f 708/2511 2254/2509 2239/2507
f 708/2489 2239/2482 2238/2481
f 708/2489 2238/2481 707/2491
f 2469/2805 2422/2748 2423/2749
f 2469/2805 2423/2749 2415/2741
f 957/1001 921/965 922/966
f 1880/2003 1863/1986 1853/1976
f 1880/2003 1879/2002 1863/1986
f 486/489 455/455 461/461
f 486/489 461/461 504/509
f 977/1021 933/977 934/978
f 977/1021 991/1035 933/977
f 916/960 934/978 911/955
f 916/960 901/945 906/950
f 916/960 911/955 901/945
f 2052/2208 2068/2224 2081/2237
f 2052/2208 2081/2237 2047/2203
f 2486/2831 2464/2797 2473/2809
f 2486/2831 2473/2809 2483/2828
f 2400/2717 2386/2702 2422/2748
f 2400/2717 2397/2713 2386/2702
f 934/978 933/977 911/955
f 664/695 707/745 395/697
f 1140/1220 1109/1189 1141/1221
f 1140/2720 2402/2719 2398/2714
f 1140/2720 1141/2722 2402/2719
f 2023/2179 1994/2131 1972/2104
f 2023/2179 1992/2129 1994/2131
f 981/1025 882/926 862/906
f 981/1025 862/906 1012/1059
f 428/428 426/426 419/419
f 428/428 419/419 430/430
f 1854/1977 1852/1975 1857/1980
f 1854/1977 1862/1985 1859/1982
f 1854/1977 1857/1980 1862/1985
f 1109/1189 1125/1205 1141/1221
f 1852/1975 1855/1978 1857/1980
f 2068/2224 2084/2240 2092/2249
f 2068/2224 2092/2249 2081/2237
f 2046/2202 2093/2250 2039/2195
f 2046/2202 2057/2213 2093/2250
f 1030/1080 1029/1079 1008/1053
f 1157/1237 1160/1240 1152/1232
f 1157/1237 1159/1239 1160/1240
f 2084/2240 2101/2258 2100/2257
f 2084/2240 2100/2257 2092/2249
f 2047/2203 2095/2252 2057/2213
f 2047/2203 2081/2237 2095/2252
f 443/443 447/447 455/455
f 443/443 433/433 435/435
f 443/443 435/435 447/447
f 1170/2105 1972/2104 1985/2122
f 1170/2105 1985/2122 1986/2123
f 1170/2105 1986/2123 1163/2132
f 1972/2104 1994/2131 1987/2124
f 1972/2104 1987/2124 1985/2122
f 1859/1982 1862/1985 1865/1988
f 1859/1982 1865/1988 1868/1991
f 882/926 880/924 847/891
f 882/926 847/891 834/878
f 882/926 834/878 862/906
f 2422/2748 2386/2702 2423/2749
f 2397/2713 2398/2714 2385/2701
f 2397/2713 2385/2701 2386/2702
f 881/925 879/923 878/922
f 880/924 878/922 847/891
f 424/424 421/421 423/423
f 424/424 472/473 421/421
f 2398/2714 2402/2719 2399/2715
f 2398/2714 2399/2715 2385/2701
f 1853/1976 1863/1986 1855/1978
f 2112/2269 1012/2297 1021/2289
f 2112/2269 2117/2276 2101/2258
f 2112/2269 1021/2289 2117/2276
f 2039/2195 2094/2251 1932/2055
f 2039/2195 2093/2250 2094/2251
f 921/965 915/959 876/920
f 921/965 876/920 922/966
f 2402/2719 1141/2722 2403/2723
f 2402/2719 2403/2723 2399/2715
f 2057/2213 2095/2252 2102/2259
f 2057/2213 2102/2259 2093/2250
f 423/423 422/422 426/426
f 423/423 421/421 422/422
f 991/1035 1008/1053 974/1018
f 991/1035 973/1017 933/977
f 991/1035 974/1018 973/1017
f 1125/1205 1142/1222 1141/1221
f 1992/2129 1987/2124 1994/2131
f 1992/2129 2025/2181 1990/2127
f 1992/2129 1990/2127 1987/2124
f 2254/2509 2253/2508 2239/2507
f 2423/2749 2390/2706 2415/2741
f 2423/2749 2386/2702 2390/2706
f 2025/2181 1975/2110 2024/2180
f 2025/2181 2024/2180 1990/2127
f 915/959 913/957 763/807
f 915/959 763/807 876/920
f 426/426 422/422 419/419
f 455/455 457/457 461/461
f 455/455 447/447 457/457
f 914/958 893/937 913/957
f 914/958 906/950 893/937
f 913/957 893/937 763/807
f 1012/1059 862/906 855/899
f 1012/1059 855/899 1021/1070
f 2101/2258 2117/2276 2100/2257
f 433/433 430/430 429/429
f 433/433 429/429 435/435
f 1141/2722 2404/2724 2403/2723
f 1141/2722 1142/2725 2404/2724
f 2482/2827 2483/2828 2481/2825
f 2415/2741 2390/2706 2414/2740
f 2415/2741 2414/2740 2464/2797
f 1975/2110 2015/2166 2024/2180
f 1975/2110 1971/2103 2015/2166
f 1855/1978 1864/1987 1857/1980
f 1855/1978 1863/1986 1864/1987
f 1923/2046 1932/2055 1930/2053
f 1923/2046 1929/2052 1914/2037
f 1923/2046 1930/2053 1929/2052
f 2386/2702 2387/2703 2390/2706
f 2386/2702 2384/2700 2387/2703
f 2386/2702 2385/2701 2384/2700
f 906/950 901/945 895/939
f 906/950 895/939 893/937
f 1862/1985 1857/1980 1866/1989
f 1862/1985 1870/1993 1865/1988
f 1862/1985 1866/1989 1870/1993
f 504/509 461/461 485/488
f 504/509 501/506 617/632
f 504/509 485/488 501/506
f 847/891 813/857 834/878
f 847/891 878/922 758/802
f 847/891 758/802 813/857
f 1932/2055 2094/2251 1930/2053
f 430/430 419/419 429/429
f 461/461 457/457 485/488
f 621/637 617/632 623/640
f 621/1101 640/1086 1029/1079
f 621/637 623/640 640/665
f 2481/2825 2475/2811 2258/2824
f 2481/2825 2483/2828 2475/2811
f 2399/2715 2403/2723 2409/2733
f 2399/2715 2409/2733 2385/2701
f 862/906 834/878 830/874
f 862/906 830/874 855/899
f 1914/2037 1915/2038 1904/2027
f 1914/2037 1929/2052 1915/2038
f 2092/2249 2104/2261 2081/2237
f 2092/2249 2100/2257 2110/2267
f 2092/2249 2110/2267 2104/2261
f 2253/2508 2258/2514 2252/2506
f 2253/2508 2252/2506 2239/2507
f 2390/2706 2410/2735 2414/2740
f 2390/2706 2387/2703 2410/2735
f 1152/1232 1161/1241 1151/1231
f 1152/1232 1160/1240 1161/1241
f 922/966 876/920 879/923
f 2081/2237 2103/2260 2095/2252
f 2081/2237 2104/2261 2113/2270
f 2081/2237 2113/2270 2103/2260
f 2095/2252 2103/2260 2102/2259
f 1008/1053 1029/1079 1003/1048
f 1008/1053 1003/1048 974/1018
f 2403/2723 2412/2738 2409/2733
f 2403/2723 2376/2691 2412/2738
f 2403/2723 2404/2724 2376/2691
f 933/977 912/956 911/955
f 933/977 973/1017 912/956
f 1874/1997 1875/1998 1876/1999
f 1874/1997 1868/1991 1875/1998
f 1857/1980 1864/1987 1866/1989
f 2414/2740 2410/2735 2432/2758
f 2414/2740 2433/2759 2464/2797
f 2414/2740 2432/2758 2433/2759
f 2258/2514 2248/2499 2252/2506
f 2258/2824 2475/2811 2248/2801
f 2387/2703 2388/2704 2410/2735
f 2387/2703 2384/2700 2388/2704
f 617/632 622/639 623/640
f 617/632 501/506 622/639
f 2409/2733 2412/2738 2377/2692
f 2409/2733 2379/2694 2385/2701
f 2409/2733 2377/2692 2379/2694
f 2412/2738 2376/2691 2377/2692
f 2093/2250 2102/2259 2109/2266
f 2093/2250 2109/2266 2094/2251
f 1142/2725 1164/2726 2404/2724
f 1142/1222 1151/1231 1164/1244
f 1985/2122 1995/2135 1986/2123
f 1985/2122 1987/2124 1988/2125
f 1985/2122 1988/2125 1995/2135
f 1904/2027 1915/2038 1882/2005
f 2102/2259 2103/2260 2111/2268
f 2102/2259 2111/2268 2109/2266
f 1029/1079 640/1086 1019/1068
f 1029/1079 1019/1068 1003/1048
f 911/955 894/938 901/945
f 911/955 912/956 894/938
f 1159/1239 1163/1243 1162/1242
f 1159/1239 1162/1242 1160/1240
f 2100/2257 2117/2276 2125/2285
f 2100/2257 2125/2285 2110/2267
f 2385/2701 2379/2694 2384/2700
f 879/923 876/920 823/867
f 879/923 823/867 878/922
f 1876/1999 1875/1998 1942/2065
f 1868/1991 1865/1988 1872/1995
f 1868/1991 1872/1995 1875/1998
f 834/878 803/847 830/874
f 834/878 813/857 803/847
f 2410/2735 2421/2747 2432/2758
f 2410/2735 2388/2704 2421/2747
f 1021/1070 855/899 856/900
f 1021/2289 871/2304 2117/2276
f 1021/1070 856/900 871/915
f 901/945 894/938 895/939
f 435/435 446/446 447/447
f 435/435 429/429 434/434
f 435/435 434/434 446/446
f 1865/1988 1870/1993 1873/1996
f 1865/1988 1873/1996 1872/1995
f 2094/2251 2120/2279 1930/2053
f 2094/2251 2109/2266 2119/2278
f 2094/2251 2119/2278 2120/2279
f 447/447 450/450 457/457
f 447/447 446/446 450/450
f 2239/2507 2252/2506 2244/2505
f 2239/2482 2244/2492 2237/2480
f 2239/2482 2237/2480 2238/2481
f 2464/2797 2463/2796 2473/2809
f 2464/2797 2433/2759 2431/2757
f 2464/2797 2431/2757 2463/2796
f 1163/2132 1986/2123 1172/2139
f 1163/1243 1172/1253 1162/1242
f 2473/2809 2466/2799 2483/2828
f 2473/2809 2463/2796 2466/2799
f 2432/2758 2430/2756 2433/2759
f 2432/2758 2421/2747 2430/2756
f 876/920 763/807 755/799
f 876/920 755/799 823/867
f 1986/2123 1995/2135 1172/2139
f 1863/1986 1879/2002 1871/1994
f 1863/1986 1871/1994 1864/1987
f 855/899 830/874 833/877
f 855/899 833/877 856/900
f 2117/2276 2133/2299 2125/2285
f 2117/2276 871/2304 2133/2299
f 1930/2053 1957/2085 1929/2052
f 1930/2053 2120/2279 1957/2085
f 2252/2506 2246/2496 2244/2505
f 2252/2506 2248/2499 2246/2496
f 2404/2724 2374/2689 2376/2691
f 2404/2724 2405/2727 2374/2689
f 2404/2724 1164/2726 2405/2727
f 1151/1231 1161/1241 1164/1244
f 973/1017 974/1018 972/1016
f 973/1017 917/961 912/956
f 973/1017 972/1016 917/961
f 2376/2691 2375/2690 2377/2692
f 2376/2691 2374/2689 2375/2690
f 1870/1993 1866/1989 1867/1990
f 1870/1993 1867/1990 1913/2036
f 1870/1993 1913/2036 1873/1996
f 1882/2005 1916/2039 1879/2002
f 1882/2005 1915/2038 1917/2040
f 1882/2005 1917/2040 1916/2039
f 2104/2261 2110/2267 2121/2280
f 2104/2261 2121/2280 2113/2270
f 2103/2260 2113/2270 2122/2281
f 2103/2260 2122/2281 2111/2268
f 422/422 418/418 419/419
f 422/422 421/421 418/418
f 1929/2052 1944/2068 1915/2038
f 1929/2052 1957/2085 1944/2068
f 2384/2700 2379/2694 2378/2693
f 2384/2700 2378/2693 2392/2708
f 2384/2700 2392/2708 2391/2707
f 2384/2700 2391/2707 2388/2704
f 974/1018 1003/1048 988/1032
f 974/1018 988/1032 972/1016
f 419/419 415/415 429/429
f 419/419 418/418 415/415
f 457/457 480/483 485/488
f 457/457 450/450 462/462
f 457/457 462/462 480/483
f 485/488 487/490 501/506
f 485/488 480/483 487/490
f 1990/2127 1989/2126 1987/2124
f 1990/2127 2024/2180 2021/2177
f 1990/2127 2021/2177 1991/2128
f 1990/2127 1991/2128 1989/2126
f 878/922 823/867 758/802
f 763/807 893/937 731/775
f 763/807 732/776 755/799
f 763/807 731/775 732/776
f 1942/2065 1875/1998 1943/2066
f 1942/2065 1943/2066 1971/2103
f 830/874 803/847 812/856
f 830/874 812/856 833/877
f 1879/2002 1916/2039 1871/1994
f 2110/2267 2125/2285 2130/2293
f 2110/2267 2130/2293 2121/2280
f 2483/2828 2466/2799 2475/2811
f 640/665 623/640 639/664
f 640/1086 639/1095 1019/1068
f 2430/2756 2431/2757 2433/2759
f 2430/2756 2428/2754 2431/2757
f 2430/2756 2421/2747 2428/2754
f 2379/2694 2377/2692 2378/2693
f 2377/2692 2375/2690 2378/2693
f 895/939 885/929 893/937
f 895/939 894/938 885/929
f 1160/1240 1165/1245 1161/1241
f 1160/1240 1162/1242 1165/1245
f 893/937 885/929 731/775
f 1987/2124 1989/2126 1988/2125
f 823/867 755/799 746/790
f 823/867 746/790 758/802
f 2109/2266 2111/2268 2118/2277
f 2109/2266 2118/2277 2119/2278
f 1995/2135 1988/2125 1997/2137
f 1995/2135 1997/2137 1172/2139
f 2463/2796 2452/2779 2466/2799
f 2463/2796 2431/2757 2452/2779
f 1875/1998 1872/1995 1943/2066
f 1864/1987 1867/1990 1866/1989
f 1864/1987 1918/2041 1867/1990
f 1864/1987 1871/1994 1918/2041
f 2113/2270 2132/2295 2122/2281
f 2113/2270 2121/2280 2132/2295
f 623/640 622/639 639/664
f 912/956 896/940 894/938
f 912/956 917/961 896/940
f 2111/2268 2122/2281 2131/2294
f 2111/2268 2131/2294 2118/2277
f 1003/1048 1019/1068 1006/1051
f 1003/1048 1006/1051 988/1032
f 2024/2180 2015/2166 2022/2178
f 2024/2180 2022/2178 2021/2177
f 755/799 732/776 733/777
f 755/799 733/777 746/790
f 813/857 785/829 803/847
f 813/857 758/802 785/829
f 1915/2038 1944/2068 1917/2040
f 2120/2279 2128/2291 1957/2085
f 2120/2279 2119/2278 2128/2291
f 429/429 431/431 434/434
f 429/429 415/415 431/431
f 2244/2505 2246/2496 2237/2500
f 501/506 502/507 622/639
f 501/506 487/490 502/507
f 2374/2689 2372/2687 2375/2690
f 2374/2689 2405/2727 2373/2688
f 2374/2689 2373/2688 2372/2687
f 1164/1244 1161/1241 1166/1246
f 1164/2726 2406/2729 2405/2727
f 1164/2726 1166/2734 2406/2729
f 803/847 797/841 812/856
f 803/847 785/829 797/841
f 2125/2285 2146/2314 2130/2293
f 2125/2285 2133/2299 2146/2314
f 856/900 851/895 871/915
f 856/900 833/877 851/895
f 871/2304 877/2326 2133/2299
f 871/915 851/895 877/921
f 1957/2085 1960/2090 1944/2068
f 1957/2085 2128/2291 1960/2090
f 1161/1241 1165/1245 1166/1246
f 2015/2166 1971/2103 1999/2142
f 2015/2166 2019/2174 2022/2178
f 2015/2166 1999/2142 2019/2174
f 758/802 746/790 752/796
f 758/802 752/796 785/829
f 2122/2281 2132/2295 2137/2305
f 2122/2281 2137/2305 2131/2294
f 2475/2811 2466/2799 2248/2801
f 2375/2690 2393/2709 2378/2693
f 2375/2690 2382/2697 2393/2709
f 2375/2690 2372/2687 2382/2697
f 731/775 730/774 732/776
f 731/775 885/929 724/768
f 731/775 724/768 730/774
f 2121/2280 2130/2293 2134/2300
f 2121/2280 2134/2300 2132/2295
f 2119/2278 2118/2277 2129/2292
f 2119/2278 2129/2292 2128/2291
f 2378/2693 2393/2709 2392/2708
f 1162/1242 1172/1253 1168/1248
f 1162/1242 1168/1248 1165/1245
f 1988/2125 1996/2136 1997/2137
f 1988/2125 1989/2126 1996/2136
f 732/776 730/774 733/777
f 450/450 446/446 449/449
f 450/450 449/449 462/462
f 2238/2481 2237/2480 2235/2476
f 2238/2481 187/2487 707/2491
f 2238/2481 2235/2476 187/2487
f 894/938 884/928 885/929
f 894/938 896/940 884/928
f 2021/2177 2020/2175 1991/2128
f 2021/2177 2022/2178 2020/2175
f 746/790 733/777 745/789
f 746/790 745/789 752/796
f 1971/2103 1943/2066 1984/2120
f 1971/2103 1984/2120 1999/2142
f 434/434 444/444 446/446
f 434/434 431/431 444/444
f 1019/1068 639/1095 1022/1071
f 1019/1068 1022/1071 1006/1051
f 1172/2139 1997/2137 1175/2150
f 1172/1253 1175/1257 1168/1248
f 1872/1995 1941/2064 1943/2066
f 1872/1995 1873/1996 1941/2064
f 2466/2799 2452/2779 2454/2781
f 2466/2799 2465/2798 2248/2801
f 2466/2799 2454/2781 2465/2798
f 1997/2137 2002/2147 1175/2150
f 1997/2137 1996/2136 2002/2147
f 812/856 807/851 833/877
f 812/856 797/841 807/851
f 833/877 832/876 851/895
f 833/877 807/851 832/876
f 1916/2039 1924/2047 1871/1994
f 1916/2039 1917/2040 1931/2054
f 1916/2039 1931/2054 1924/2047
f 988/1032 989/1033 972/1016
f 988/1032 1006/1051 989/1033
f 2392/2708 2393/2709 2391/2707
f 2405/2727 2381/2696 2373/2688
f 2405/2727 2406/2729 2407/2730
f 2405/2727 2407/2730 2381/2696
f 1943/2066 1968/2100 1984/2120
f 1943/2066 1941/2064 1968/2100
f 1867/1990 1946/2070 1913/2036
f 1867/1990 1918/2041 1949/2073
f 1867/1990 1949/2073 1946/2070
f 2130/2293 2146/2314 2134/2300
f 480/483 462/462 465/465
f 480/483 465/465 487/490
f 622/639 633/656 639/664
f 622/639 503/508 633/656
f 622/639 502/507 503/508
f 885/929 727/771 724/768
f 885/929 884/928 727/771
f 785/829 752/796 776/820
f 785/829 776/820 797/841
f 1871/1994 1924/2047 1918/2041
f 2133/2299 877/2326 2159/2328
f 2133/2299 2158/2327 2146/2314
f 2133/2299 2159/2328 2158/2327
f 2118/2277 2131/2294 2135/2302
f 2118/2277 2135/2302 2129/2292
f 446/446 444/444 449/449
f 2237/2500 2246/2496 2243/2493
f 2237/2480 2243/2490 2236/2479
f 2237/2480 2236/2479 2235/2476
f 2431/2757 2450/2777 2452/2779
f 2431/2757 2453/2780 2450/2777
f 2431/2757 2428/2754 2453/2780
f 733/777 730/774 735/779
f 733/777 738/782 745/789
f 733/777 735/779 738/782
f 752/796 745/789 754/798
f 752/796 754/798 776/820
f 1873/1996 1913/2036 1945/2069
f 1873/1996 1945/2069 1941/2064
f 1991/2128 1993/2130 1989/2126
f 1991/2128 2020/2175 1998/2138
f 1991/2128 1998/2138 1993/2130
f 1917/2040 1944/2068 1948/2072
f 1917/2040 1948/2072 1931/2054
f 2132/2295 2138/2306 2137/2305
f 2132/2295 2134/2300 2147/2315
f 2132/2295 2147/2315 2138/2306
f 2393/2709 2382/2697 2394/2710
f 2393/2709 2394/2710 2391/2707
f 2372/2687 2373/2688 2368/2681
f 2372/2687 2370/2685 2382/2697
f 2372/2687 2368/2681 2370/2685
f 1913/2036 1946/2070 1945/2069
f 1944/2068 1960/2090 1961/2091
f 1944/2068 1961/2091 1948/2072
f 2128/2291 2136/2303 1960/2090
f 2128/2291 2129/2292 2140/2308
f 2128/2291 2140/2308 2136/2303
f 418/418 416/416 415/415
f 418/418 421/421 420/420
f 418/418 420/420 416/416
f 2373/2688 2381/2696 2368/2681
f 730/774 724/768 728/772
f 730/774 740/784 735/779
f 730/774 728/772 740/784
f 415/415 417/417 431/431
f 415/415 416/416 417/417
f 2452/2779 2450/2777 2451/2778
f 2452/2779 2451/2778 2454/2781
f 639/1095 633/1096 1022/1071
f 917/961 972/1016 918/962
f 917/961 900/944 896/940
f 917/961 918/962 900/944
f 1989/2126 1993/2130 1996/2136
f 2022/2178 2019/2174 2020/2175
f 1960/2090 2136/2303 1961/2091
f 2131/2294 2137/2305 2143/2311
f 2131/2294 2143/2311 2144/2312
f 2131/2294 2145/2313 2135/2302
f 2131/2294 2144/2312 2145/2313
f 2137/2305 2138/2306 2143/2311
f 972/1016 989/1033 931/975
f 972/1016 931/975 918/962
f 2388/2704 2391/2707 2395/2711
f 2388/2704 2416/2742 2421/2747
f 2388/2704 2395/2711 2416/2742
f 851/895 852/896 877/921
f 851/895 832/876 850/894
f 851/895 850/894 852/896
f 877/2326 852/2357 2159/2328
f 2246/2496 2248/2499 2245/2494
f 2246/2496 2245/2494 2243/2493
f 896/940 883/927 884/928
f 896/940 900/944 883/927
f 2134/2300 2146/2314 2155/2323
f 2134/2300 2155/2323 2147/2315
f 2248/2801 2465/2798 2245/2800
f 1166/2734 1169/2731 2406/2729
f 1166/1246 1165/1245 1169/1249
f 745/789 753/797 754/798
f 745/789 738/782 750/794
f 745/789 750/794 753/797
f 1984/2120 1742/2143 1999/2142
f 1984/2120 1968/2100 1742/2143
f 1941/2064 1611/2140 1968/2100
f 1941/2064 1945/2069 1602/2133
f 1941/2064 1602/2133 1611/2140
f 2129/2292 2135/2302 2139/2307
f 2129/2292 2139/2307 2140/2308
f 2382/2697 2425/2751 2394/2710
f 2382/2697 2370/2685 2389/2705
f 2382/2697 2389/2705 2425/2751
f 724/768 720/764 728/772
f 724/768 723/767 720/764
f 724/768 727/771 723/767
f 1918/2041 1924/2047 1950/2074
f 1918/2041 1950/2074 1949/2073
f 2391/2707 2394/2710 2395/2711
f 2406/2729 1169/2731 2407/2730
f 1175/2150 2002/2147 2016/2168
f 1175/1257 1176/1258 1168/1248
f 1175/2150 2016/2168 1176/2172
f 1999/2142 1742/2143 2019/2174
f 462/462 449/449 464/464
f 462/462 464/464 465/465
f 797/841 776/820 783/827
f 797/841 798/842 807/851
f 797/841 783/827 798/842
f 421/421 472/473 470/471
f 421/421 470/471 420/420
f 707/745 187/748 395/697
f 2243/2490 2233/2474 2236/2479
f 2243/2493 2245/2494 2242/2495
f 2243/2490 2242/2485 2233/2474
f 2450/2777 2453/2780 2428/2754
f 2450/2777 2429/2755 2451/2778
f 2450/2777 2428/2754 2429/2755
f 2421/2747 2416/2742 2428/2754
f 2381/2696 2407/2730 2368/2681
f 2002/2147 1996/2136 2001/2146
f 2002/2147 2001/2146 2016/2168
f 754/798 765/809 776/820
f 754/798 753/797 765/809
f 1968/2100 1611/2140 1742/2143
f 1924/2047 1931/2054 1950/2074
f 487/490 483/486 502/507
f 487/490 465/465 483/486
f 2020/2175 2003/2148 1998/2138
f 2020/2175 2019/2174 2003/2148
f 1945/2069 1946/2070 1962/2092
f 1945/2069 1651/2134 1602/2133
f 1945/2069 1962/2092 1651/2134
f 1946/2070 1949/2073 1951/2075
f 1946/2070 1951/2075 1973/2107
f 1946/2070 1973/2107 1962/2092
f 431/431 438/438 444/444
f 431/431 417/417 438/438
f 1165/1245 1168/1248 1169/1249
f 1168/1248 1176/1258 1171/1252
f 1168/1248 1171/1252 1169/1249
f 1949/2073 1950/2074 1951/2075
f 1931/2054 1948/2072 1965/2096
f 1931/2054 1965/2096 1950/2074
f 2146/2314 2158/2327 2164/2334
f 2146/2314 2164/2334 2155/2323
f 2465/2798 2250/2782 2245/2800
f 2465/2798 2454/2781 2250/2782
f 2236/2479 2233/2474 2235/2476
f 1006/1051 1022/1071 1007/1052
f 1006/1051 1007/1052 989/1033
f 1993/2130 2001/2146 1996/2136
f 1993/2130 1998/2138 1731/2141
f 1993/2130 2000/2145 2001/2146
f 1993/2130 1741/2144 2000/2145
f 1993/2130 1731/2141 1741/2144
f 2147/2315 2149/2317 2138/2306
f 2147/2315 2155/2323 2149/2317
f 2143/2311 2138/2306 2153/2321
f 2143/2311 2153/2321 2144/2312
f 2135/2302 2145/2313 2139/2307
f 728/772 739/783 740/784
f 728/772 720/764 739/783
f 776/820 765/809 783/827
f 2138/2306 2149/2317 2153/2321
f 1948/2072 1961/2091 2142/2310
f 1948/2072 2142/2310 1965/2096
f 2136/2303 2141/2309 1961/2091
f 2136/2303 2140/2308 2148/2316
f 2136/2303 2148/2316 2141/2309
f 2159/2328 852/2357 2171/2348
f 2159/2328 2171/2348 2158/2327
f 472/473 475/476 476/479
f 472/473 474/475 470/471
f 472/473 476/479 474/475
f 475/476 619/635 476/479
f 449/449 444/444 458/458
f 449/449 458/458 464/464
f 2245/2494 2250/2503 2247/2497
f 2245/2494 2247/2497 2242/2495
f 2407/2730 2371/2686 2368/2681
f 2407/2730 2408/2732 2371/2686
f 2407/2730 1169/2731 2408/2732
f 1602/1721 1581/1700 1611/1730
f 1602/1721 1601/1720 1581/1700
f 1602/1721 1651/1773 1601/1720
f 807/851 808/852 832/876
f 807/851 798/842 801/845
f 807/851 801/845 808/852
f 1961/2091 2141/2309 2142/2310
f 884/928 883/927 727/771
f 832/876 839/883 850/894
f 832/876 808/852 839/883
f 2140/2308 2139/2307 2150/2318
f 2140/2308 2150/2318 2148/2316
f 633/1096 657/1090 1022/1071
f 633/656 649/678 657/687
f 633/656 503/508 649/678
f 444/444 438/438 451/451
f 444/444 451/451 458/458
f 395/395 187/187 203/203
f 395/395 203/203 369/369
f 2394/2710 2425/2751 2474/2810
f 2394/2710 2474/2810 2395/2711
f 1611/1730 1524/1643 1742/1865
f 1611/1730 1581/1700 1524/1643
f 420/420 468/468 416/416
f 420/420 470/471 385/477
f 420/420 385/477 468/468
f 2454/2781 2451/2778 2250/2782
f 740/784 739/783 749/793
f 1998/2138 2003/2148 1731/2141
f 1973/2107 1951/2075 1720/2121
f 1973/2107 1720/2121 1962/2092
f 417/417 416/416 448/448
f 417/417 448/448 438/438
f 502/507 500/504 503/508
f 502/507 483/486 500/504
f 1022/1071 657/1090 1020/1069
f 1022/1071 1020/1069 1007/1052
f 2019/2174 1742/2143 1646/2149
f 2019/2174 1646/2149 2003/2148
f 2139/2307 2145/2313 2157/2325
f 2139/2307 2157/2325 2150/2318
f 1742/1865 1524/1643 1646/1768
f 1581/1700 1516/1635 1524/1643
f 1581/1700 1509/1628 1516/1635
f 1581/1700 1601/1720 1509/1628
f 1950/2074 1981/2117 1951/2075
f 1950/2074 1965/2096 1981/2117
f 852/896 850/894 870/914
f 852/2357 870/2372 2171/2348
f 416/416 468/468 448/448
f 465/465 464/464 481/484
f 465/465 481/484 483/486
f 989/1033 992/1036 931/975
f 989/1033 1007/1052 992/1036
f 918/962 902/946 900/944
f 918/962 931/975 902/946
f 2144/2312 2153/2321 2160/2329
f 2144/2312 2156/2324 2145/2313
f 2144/2312 2160/2329 2156/2324
f 470/471 474/475 358/478
f 470/471 358/478 385/477
f 1951/2075 1665/2362 1720/2121
f 1951/2075 1666/2331 1665/2362
f 1951/2075 1981/2117 1666/2331
f 1965/2096 2142/2310 2152/2320
f 1965/2096 2152/2320 1981/2117
f 2235/2476 163/2478 187/2487
f 2235/2476 2233/2474 2234/2475
f 2235/2476 2234/2475 163/2478
f 1176/2172 2016/2168 1177/2169
f 1176/1258 1177/1259 1171/1252
f 720/764 722/766 739/783
f 720/764 723/767 721/765
f 720/764 721/765 722/766
f 2158/2327 2171/2348 2172/2349
f 2158/2327 2172/2349 2164/2334
f 187/187 164/164 203/203
f 187/187 163/163 164/164
f 2250/2782 2451/2778 2443/2769
f 2250/2503 2251/2504 2247/2497
f 2250/2782 2443/2769 2251/2793
f 1962/2092 1720/2121 1651/2134
f 2153/2321 2149/2317 2163/2333
f 2153/2321 2163/2333 2161/2330
f 2153/2321 2161/2330 2160/2329
f 476/479 619/635 368/645
f 476/479 367/646 474/475
f 476/479 368/645 367/646
f 619/635 370/651 361/659
f 619/635 361/659 368/645
f 369/369 362/362 370/370
f 369/369 203/203 335/335
f 369/369 335/335 362/362
f 2371/2686 2011/2678 2368/2681
f 2371/2686 2408/2732 2012/2699
f 2371/2686 2012/2699 2011/2678
f 2155/2323 2165/2335 2149/2317
f 2155/2323 2164/2334 2166/2336
f 2155/2323 2166/2336 2165/2335
f 2145/2313 2156/2324 2157/2325
f 2451/2778 2429/2755 2443/2769
f 2233/2474 2242/2485 2230/2470
f 2233/2474 2231/2472 2234/2475
f 2233/2474 2230/2470 2231/2472
f 2428/2754 2416/2742 2427/2753
f 2428/2754 2427/2753 2429/2755
f 2416/2742 2395/2711 2417/2743
f 2416/2742 2426/2752 2427/2753
f 2416/2742 2417/2743 2426/2752
f 2368/2681 2367/2680 2370/2685
f 2368/2681 2011/2678 2367/2680
f 765/809 753/797 775/819
f 765/809 775/819 783/827
f 850/894 839/883 870/914
f 2142/2310 2141/2309 2151/2319
f 2142/2310 2151/2319 2152/2320
f 2141/2309 2148/2316 2154/2322
f 2141/2309 2154/2322 2151/2319
f 2148/2316 2150/2318 2167/2337
f 2148/2316 2167/2337 2154/2322
f 2149/2317 2169/2344 2163/2333
f 2149/2317 2165/2335 2169/2344
f 900/944 886/930 883/927
f 900/944 902/946 886/930
f 753/797 750/794 766/810
f 753/797 766/810 775/819
f 474/475 367/646 358/478
f 2389/2705 2370/2685 2383/2698
f 2389/2705 2411/2736 2425/2751
f 2389/2705 2383/2698 2411/2736
f 739/783 759/803 749/793
f 739/783 722/766 759/803
f 370/370 362/362 361/361
f 2370/2685 2367/2680 2383/2698
f 883/927 729/773 727/771
f 883/927 886/930 729/773
f 2016/2168 2001/2146 1182/2167
f 2016/2168 1182/2167 1177/2169
f 783/827 792/836 798/842
f 783/827 775/819 792/836
f 798/842 792/836 801/845
f 438/438 448/448 460/460
f 438/438 460/460 451/451
f 2429/2755 2427/2753 2442/2768
f 2429/2755 2442/2768 2443/2769
f 2242/2495 2247/2497 2230/2498
f 2425/2751 2419/2745 2474/2810
f 2425/2751 2411/2736 2419/2745
f 2003/2148 1646/2149 1731/2141
f 1524/1643 1516/1635 1521/1640
f 1524/1643 1523/1642 1646/1768
f 1524/1643 1521/1640 1523/1642
f 1651/1773 1518/1637 1601/1720
f 1651/1773 1720/1843 1518/1637
f 2150/2318 1794/2339 2167/2337
f 2150/2318 2157/2325 1794/2339
f 2001/2146 2000/2145 2005/2152
f 2001/2146 2005/2152 1182/2167
f 808/852 801/845 821/865
f 808/852 821/865 839/883
f 1665/1788 1518/1637 1720/1843
f 1665/1788 1647/1769 1518/1637
f 1665/1788 1666/1789 1647/1769
f 468/468 385/477 386/469
f 468/468 386/469 448/448
f 203/203 164/164 158/158
f 203/203 161/161 335/335
f 203/203 158/158 161/161
f 2395/2711 2474/2810 2419/2745
f 2395/2711 2418/2744 2417/2743
f 2395/2711 2419/2745 2418/2744
f 750/794 749/793 761/805
f 750/794 767/811 766/810
f 750/794 761/805 767/811
f 464/464 458/458 469/470
f 464/464 469/470 481/484
f 164/164 157/157 158/158
f 164/164 151/151 157/157
f 164/164 163/163 151/151
f 931/975 905/949 902/946
f 931/975 992/1036 905/949
f 385/385 358/358 346/346
f 385/385 346/346 366/366
f 385/385 366/366 386/386
f 458/458 451/451 459/459
f 458/458 459/459 469/470
f 2247/2497 2232/2501 2230/2498
f 2247/2497 2251/2504 2249/2502
f 2247/2497 2249/2502 2232/2501
f 657/1090 649/1116 1034/1092
f 657/1090 1034/1092 1020/1069
f 727/771 726/770 723/767
f 727/771 729/773 726/770
f 1516/1635 1509/1628 1505/1624
f 1516/1635 1494/1613 1521/1640
f 1516/1635 1505/1624 1494/1613
f 358/358 367/367 352/352
f 358/358 352/352 345/345
f 358/358 345/345 346/346
f 503/508 642/670 649/678
f 503/508 500/504 642/670
f 2000/2145 2004/2151 2005/2152
f 2000/2145 1741/2144 2004/2151
f 1646/1768 1523/1642 1526/1645
f 1646/1768 1526/1645 1731/1854
f 1509/1628 1601/1720 1527/1646
f 1509/1628 1527/1646 1504/1623
f 1509/1628 1504/1623 1505/1624
f 2171/2348 870/2372 2179/2370
f 2171/2348 2179/2370 2172/2349
f 2152/2320 1666/2331 1981/2117
f 2152/2320 2151/2319 1824/2341
f 2152/2320 1824/2341 1666/2331
f 2164/2334 2172/2349 2176/2360
f 2164/2334 2176/2360 2166/2336
f 2167/2337 2168/2340 2154/2322
f 2167/2337 1794/2339 1777/2354
f 2167/2337 1777/2354 2168/2340
f 367/367 368/368 330/330
f 367/367 330/330 352/352
f 368/368 361/361 331/331
f 368/368 331/331 330/330
f 335/335 333/333 362/362
f 335/335 161/161 333/333
f 1601/1720 1518/1637 1527/1646
f 2163/2333 1827/2355 2161/2330
f 2163/2333 2169/2344 1826/2356
f 2163/2333 1826/2356 1827/2355
f 448/448 466/466 460/460
f 448/448 386/469 466/466
f 2160/2329 2175/2359 2156/2324
f 2160/2329 2161/2330 2174/2358
f 2160/2329 2174/2358 2175/2359
f 2156/2324 2175/2359 2157/2325
f 361/361 362/362 333/333
f 361/361 333/333 331/331
f 1169/2731 1171/2737 2408/2732
f 2154/2322 2162/2332 2151/2319
f 2154/2322 2168/2340 2162/2332
f 2157/2325 1785/2365 1794/2339
f 2157/2325 2175/2359 1785/2365
f 483/486 481/484 489/492
f 483/486 489/492 500/504
f 2234/2475 2231/2472 163/2478
f 2151/2319 2162/2332 1629/2342
f 2151/2319 1629/2342 1824/2341
f 1007/1052 1020/1069 997/1042
f 1007/1052 997/1042 992/1036
f 158/158 157/157 156/156
f 158/158 156/156 161/161
f 2012/2894 2408/2895 1181/2896
f 2012/2161 1181/2160 2011/2159
f 801/845 792/836 793/837
f 801/845 793/837 821/865
f 2161/2330 1827/2355 1817/2364
f 2161/2330 1817/2364 2174/2358
f 451/451 460/460 467/467
f 451/451 467/467 459/459
f 1182/1264 1178/1260 1177/1259
f 1182/2167 2005/2152 2006/2153
f 1182/2167 2006/2153 1178/2163
f 749/793 759/803 780/824
f 749/793 780/824 761/805
f 839/883 854/898 870/914
f 839/883 821/865 831/875
f 839/883 831/875 854/898
f 2169/2344 2165/2335 1811/2366
f 2169/2344 1811/2366 1826/2356
f 1171/2737 1179/2853 2408/2732
f 1171/1252 1177/1259 1178/1260
f 1171/1252 1178/1260 1179/1261
f 2165/2335 2166/2336 2177/2363
f 2165/2335 2177/2363 1811/2366
f 1521/1640 1522/1641 1523/1642
f 1521/1640 1494/1613 1514/1633
f 1521/1640 1514/1633 1522/1641
f 1794/1917 1775/1898 1777/1900
f 1794/1917 1785/1908 1775/1898
f 345/345 352/352 342/342
f 345/345 344/344 346/346
f 345/345 342/342 344/344
f 2427/2753 2437/2763 2442/2768
f 2427/2753 2426/2752 2437/2763
f 157/157 151/151 156/156
f 902/946 887/931 886/930
f 902/946 905/949 904/948
f 902/946 904/948 887/931
f 2408/2895 1179/2897 1181/2896
f 352/352 330/330 328/328
f 352/352 328/328 342/342
f 775/819 779/823 792/836
f 775/819 766/810 779/823
f 346/346 347/347 366/366
f 346/346 344/344 347/347
f 723/767 725/769 721/765
f 723/767 726/770 725/769
f 792/836 779/823 793/837
f 1777/2354 1790/2346 2168/2340
f 1777/1900 1775/1898 1774/1897
f 1777/1900 1774/1897 1790/1913
f 161/161 193/193 333/333
f 161/161 156/156 160/160
f 161/161 160/160 182/182
f 161/161 182/182 193/193
f 2443/2769 2442/2768 2439/2765
f 2443/2769 2439/2765 2251/2793
f 1647/1769 1517/1636 1518/1637
f 1647/1769 1666/1789 1589/1708
f 1647/1769 1589/1708 1517/1636
f 460/460 466/466 471/472
f 460/460 471/472 467/467
f 1523/1642 1525/1644 1526/1645
f 1523/1642 1522/1641 1525/1644
f 1527/1646 1518/1637 1485/1604
f 1527/1646 1485/1604 1504/1623
f 870/2372 854/2379 2182/2377
f 870/2372 2182/2377 2179/2370
f 2168/2340 1810/2343 2162/2332
f 2168/2340 1790/2346 2170/2345
f 2168/2340 2170/2345 1810/2343
f 331/331 291/291 330/330
f 331/331 333/333 282/282
f 331/331 282/282 291/291
f 649/1116 667/1123 1034/1092
f 649/1116 642/1135 667/1123
f 1020/1069 1034/1092 1031/1082
f 1020/1069 1031/1082 997/1042
f 2175/2359 2174/2358 1809/2368
f 2175/2359 1776/2371 1785/2365
f 2175/2359 1809/2368 1776/2371
f 386/469 387/493 466/466
f 386/386 366/366 387/387
f 481/484 469/470 484/487
f 481/484 484/487 489/492
f 2230/2470 184/2471 2231/2472
f 2230/2470 2232/2473 184/2471
f 1518/1637 1517/1636 1487/1606
f 1518/1637 1487/1606 1485/1604
f 2172/2349 2179/2370 2180/2373
f 2172/2349 2180/2373 2176/2360
f 1827/1950 1826/1949 1798/1921
f 1827/2355 1798/2375 1817/2364
f 330/330 291/291 328/328
f 466/466 387/493 471/472
f 2011/2159 1181/2160 1180/2156
f 2011/2678 2366/2679 2367/2680
f 2011/2159 1180/2156 2010/2158
f 2011/2678 2010/2682 2366/2679
f 722/766 743/787 759/803
f 722/766 721/765 737/781
f 722/766 737/781 743/787
f 2166/2336 2178/2367 2177/2363
f 2166/2336 2176/2360 2178/2367
f 333/333 193/193 281/281
f 333/333 281/281 282/282
f 992/1036 984/1028 905/949
f 992/1036 997/1042 984/1028
f 2417/2743 2420/2746 2426/2752
f 2417/2743 2418/2744 2420/2746
f 759/803 781/825 780/824
f 759/803 756/800 781/825
f 759/803 743/787 756/800
f 2005/2152 2004/2151 2006/2153
f 1666/1789 1824/1947 1629/1748
f 1666/1789 1629/1748 1589/1708
f 2174/2358 1817/2364 1809/2368
f 163/2478 2231/2472 184/2471
f 163/163 153/153 151/151
f 163/163 184/184 180/180
f 163/163 180/180 153/153
f 2411/2736 2383/2698 2396/2712
f 2411/2736 2396/2712 2419/2745
f 2162/2332 1810/2343 1629/2342
f 1826/1949 1811/1934 1797/1920
f 1826/1949 1797/1920 1798/1921
f 469/470 459/459 482/485
f 469/470 482/485 484/487
f 500/504 489/492 644/672
f 500/504 644/672 642/670
f 2442/2768 2437/2763 2439/2765
f 2383/2698 2367/2680 2380/2695
f 2383/2698 2380/2695 2396/2712
f 1181/1263 1179/1261 1180/1262
f 1731/1854 1526/1645 1741/1864
f 766/810 767/811 779/823
f 1785/1908 1773/1896 1775/1898
f 1785/1908 1776/1899 1773/1896
f 2006/2153 1180/2156 1178/2163
f 2006/2153 2007/2154 1180/2156
f 2006/2153 2004/2151 2007/2154
f 1505/1624 1504/1623 1492/1611
f 1505/1624 1492/1611 1494/1613
f 1775/1898 1773/1896 1774/1897
f 459/459 467/467 479/482
f 459/459 479/482 482/485
f 886/930 742/786 729/773
f 886/930 887/931 742/786
f 729/773 742/786 726/770
f 1504/1623 1485/1604 1491/1610
f 1504/1623 1491/1610 1492/1611
f 160/160 156/156 159/159
f 160/160 159/159 182/182
f 821/865 793/837 816/860
f 821/865 816/860 831/875
f 2251/2793 2439/2765 2249/2794
f 2367/2680 2366/2679 2380/2695
f 1034/1092 1041/1107 1031/1082
f 1034/1092 667/1123 1041/1107
f 1790/1913 1774/1897 1782/1905
f 1790/2346 1782/2361 2173/2351
f 1790/2346 2173/2351 2170/2345
f 1817/1940 1798/1921 1783/1906
f 1817/1940 1783/1906 1809/1932
f 905/949 984/1028 904/948
f 1526/1645 1571/1690 1741/1864
f 1526/1645 1525/1644 1569/1688
f 1526/1645 1569/1688 1571/1690
f 328/328 322/322 342/342
f 328/328 291/291 322/322
f 193/193 194/194 281/281
f 193/193 182/182 194/194
f 1494/1613 1492/1611 1490/1609
f 1494/1613 1510/1629 1514/1633
f 1494/1613 1490/1609 1510/1629
f 1517/1636 1507/1626 1487/1606
f 1517/1636 1589/1708 1507/1626
f 854/898 831/875 857/901
f 854/2379 857/2383 2182/2377
f 1774/1897 1773/1896 1772/1895
f 1774/1897 1772/1895 1782/1905
f 342/342 343/343 344/344
f 342/342 322/322 343/343
f 1178/1260 1180/1262 1179/1261
f 281/281 232/232 282/282
f 281/281 194/194 232/232
f 2419/2745 2396/2712 2424/2750
f 2419/2745 2424/2750 2418/2744
f 1811/2366 2177/2363 1796/2374
f 1811/1934 1795/1918 1797/1920
f 1811/1934 1796/1919 1795/1918
f 1485/1604 1487/1606 1484/1603
f 1485/1604 1483/1602 1491/1610
f 1485/1604 1484/1603 1483/1602
f 2179/2370 2182/2377 2183/2378
f 2179/2370 2183/2378 2180/2373
f 2177/2363 2178/2367 1796/2374
f 366/366 379/379 387/387
f 366/366 347/347 349/349
f 366/366 349/349 379/379
f 387/493 498/502 471/472
f 387/493 379/505 498/502
f 471/472 478/481 467/467
f 471/472 498/502 478/481
f 156/156 151/151 155/155
f 156/156 155/155 159/159
f 780/824 769/813 761/805
f 780/824 781/825 769/813
f 793/837 779/823 791/835
f 793/837 791/835 816/860
f 1776/1899 1771/1894 1773/1896
f 1776/1899 1809/1932 1778/1901
f 1776/1899 1778/1901 1771/1894
f 282/282 276/276 291/291
f 282/282 232/232 276/276
f 182/182 195/195 194/194
f 182/182 159/159 195/195
f 721/765 725/769 737/781
f 2176/2360 2180/2373 2178/2367
f 1798/1921 1797/1920 1764/1887
f 1798/1921 1764/1887 1783/1906
f 291/291 276/276 295/295
f 291/291 295/295 322/322
f 1741/2144 1571/2165 2004/2151
f 1487/1606 1486/1605 1484/1603
f 1487/1606 1507/1626 1486/1605
f 1773/1896 1771/1894 1772/1895
f 1809/1932 1783/1906 1784/1907
f 1809/1932 1784/1907 1778/1901
f 467/467 478/481 479/482
f 151/151 153/153 150/150
f 151/151 126/126 155/155
f 151/151 150/150 126/126
f 184/2471 2232/2473 183/2477
f 184/184 179/179 180/180
f 184/184 183/183 179/179
f 2232/2866 2249/2864 2240/2863
f 2232/2473 2240/2483 183/2477
f 767/811 778/822 779/823
f 767/811 761/805 768/812
f 767/811 768/812 778/822
f 779/823 778/822 791/835
f 194/194 197/197 232/232
f 194/194 195/195 197/197
f 2380/2695 2369/2684 2396/2712
f 2380/2695 2366/2679 2369/2684
f 761/805 769/813 768/812
f 1492/1611 1491/1610 1489/1608
f 1492/1611 1489/1608 1490/1609
f 1797/1920 1795/1918 1764/1887
f 344/344 343/343 348/348
f 344/344 348/348 347/347
f 489/492 484/487 495/499
f 489/492 495/499 644/672
f 2396/2712 2369/2684 2424/2750
f 726/770 734/778 725/769
f 726/770 742/786 734/778
f 1589/1708 1629/1748 1506/1625
f 1589/1708 1506/1625 1507/1626
f 1782/2361 1801/2353 2173/2351
f 1782/1905 1772/1895 1801/1924
f 232/232 248/248 276/276
f 232/232 197/197 234/234
f 232/232 234/234 248/248
f 642/670 661/692 667/701
f 642/670 644/672 661/692
f 2010/2158 1180/2156 2009/2157
f 2010/2682 2014/2683 2366/2679
f 2010/2158 2009/2157 2014/2164
f 1525/1644 1570/1689 1569/1688
f 1525/1644 1522/1641 1577/1696
f 1525/1644 1577/1696 1570/1689
f 1491/1610 1483/1602 1489/1608
f 831/875 816/860 842/886
f 831/875 842/886 857/901
f 887/931 904/948 892/936
f 887/931 873/917 742/786
f 887/931 892/936 873/917
f 1629/1748 1810/1933 1585/1704
f 1629/1748 1585/1704 1506/1625
f 2170/2345 1652/2350 1810/2343
f 2170/2345 2173/2351 1652/2350
f 276/276 285/285 295/295
f 276/276 248/248 285/285
f 2426/2752 2438/2764 2437/2763
f 2426/2752 2420/2746 2440/2766
f 2426/2752 2440/2766 2438/2764
f 1514/1633 1510/1629 1528/1647
f 1514/1633 1531/1650 1522/1641
f 1514/1633 1528/1647 1531/1650
f 997/1042 1031/1082 1005/1050
f 997/1042 1004/1049 984/1028
f 997/1042 1005/1050 1004/1049
f 1810/1933 1652/1774 1585/1704
f 322/322 323/323 343/343
f 322/322 295/295 323/323
f 343/343 338/338 348/348
f 343/343 323/323 338/338
f 482/485 488/491 484/487
f 482/485 479/482 488/491
f 1484/1603 1478/1597 1483/1602
f 1484/1603 1486/1605 1478/1597
f 1783/1906 1764/1887 1781/1904
f 1783/1906 1781/1904 1784/1907
f 1771/1894 1778/1901 1769/1892
f 1771/1894 1770/1893 1772/1895
f 1771/1894 1769/1892 1770/1893
f 159/159 117/117 195/195
f 159/159 155/155 118/118
f 159/159 118/118 117/117
f 1510/1629 1490/1609 1496/1615
f 1510/1629 1496/1615 1500/1619
f 1510/1629 1500/1619 1529/1648
f 1510/1629 1529/1648 1528/1647
f 2173/2351 1801/2353 1802/2352
f 2173/2351 1802/2352 1652/2350
f 484/487 494/498 495/499
f 484/487 488/491 494/498
f 2007/2154 2008/2155 1180/2156
f 2007/2154 2004/2151 2008/2155
f 2182/2377 857/2383 2186/2384
f 2182/2377 2186/2384 2183/2378
f 498/502 499/503 478/481
f 498/502 379/505 499/503
f 725/769 734/778 736/780
f 725/769 736/780 737/781
f 1180/2156 2008/2155 2009/2157
f 1490/1609 1489/1608 1488/1607
f 1490/1609 1493/1612 1496/1615
f 1490/1609 1488/1607 1493/1612
f 1489/1608 1483/1602 1488/1607
f 1507/1626 1506/1625 1486/1605
f 1795/1918 1763/1886 1764/1887
f 1795/1918 1796/1919 1765/1888
f 1795/1918 1765/1888 1763/1886
f 1031/1082 1041/1107 1035/1097
f 1031/1082 1035/1097 1005/1050
f 1569/1688 1570/1689 1572/1691
f 1569/1688 1572/1691 1571/1690
f 347/347 348/348 349/349
f 195/195 196/196 197/197
f 195/195 117/117 196/196
f 153/153 180/180 152/152
f 153/153 152/152 150/150
f 2418/2744 2424/2750 2369/2684
f 2418/2744 2434/2760 2420/2746
f 2418/2744 2369/2684 2434/2760
f 816/860 791/835 822/866
f 816/860 822/866 842/886
f 2178/2367 2180/2373 2181/2376
f 2178/2367 1816/2380 1796/2374
f 2178/2367 2181/2376 1816/2380
f 1764/1887 1759/1882 1781/1904
f 1764/1887 1763/1886 1759/1882
f 904/948 984/1028 910/954
f 904/948 910/954 892/936
f 2180/2373 2183/2378 2184/2381
f 2180/2373 2184/2381 2181/2376
f 1784/1907 1768/1891 1778/1901
f 1784/1907 1781/1904 1768/1891
f 1778/1901 1768/1891 1769/1892
f 2240/2863 2249/2864 2241/2865
f 2240/2483 2241/2484 183/2477
f 197/197 208/208 234/234
f 197/197 196/196 208/208
f 155/155 126/126 118/118
f 180/180 179/179 152/152
f 984/1028 1004/1049 910/954
f 1522/1641 1531/1650 1577/1696
f 1483/1602 1482/1601 1488/1607
f 1483/1602 1481/1600 1482/1601
f 1483/1602 1478/1597 1481/1600
f 1801/1924 1772/1895 1770/1893
f 1801/1924 1825/1948 1802/1925
f 1801/1924 1770/1893 1825/1948
f 667/1123 668/1122 1041/1107
f 667/701 661/692 668/702
f 778/822 802/846 791/835
f 778/822 773/817 802/846
f 778/822 768/812 773/817
f 791/835 802/846 822/866
f 1796/1919 1816/1939 1765/1888
f 479/482 478/481 496/500
f 479/482 496/500 488/491
f 2249/2794 2439/2765 2460/2790
f 2249/2864 2460/2867 2241/2865
f 742/786 873/917 762/806
f 742/786 744/788 734/778
f 742/786 762/806 744/788
f 857/901 842/886 867/911
f 857/2383 867/2389 2186/2384
f 295/295 293/293 323/323
f 295/295 285/285 293/293
f 478/481 499/503 497/501
f 478/481 497/501 496/500
f 1506/1625 1585/1704 1515/1634
f 1506/1625 1479/1598 1486/1605
f 1506/1625 1515/1634 1479/1598
f 348/348 350/350 349/349
f 348/348 338/338 350/350
f 1570/1689 1593/1712 1572/1691
f 1570/1689 1577/1696 1593/1712
f 323/323 293/293 294/294
f 323/323 294/294 338/338
f 183/183 178/178 179/179
f 183/2477 2241/2484 178/2486
f 2366/2679 2014/2683 2369/2684
f 2004/2151 1571/2165 2013/2162
f 2004/2151 2013/2162 2008/2155
f 1496/1615 1493/1612 1497/1616
f 1496/1615 1497/1616 1500/1619
f 1781/1904 1759/1882 1750/1873
f 1781/1904 1750/1873 1768/1891
f 1585/1704 1652/1774 1515/1634
f 1763/1886 1758/1881 1759/1882
f 1763/1886 1757/1880 1758/1881
f 1763/1886 1765/1888 1757/1880
f 379/505 382/676 499/503
f 379/379 349/349 365/365
f 379/379 365/365 382/382
f 644/672 495/499 655/685
f 644/672 656/686 661/692
f 644/672 655/685 656/686
f 2439/2765 2437/2763 2438/2764
f 2439/2765 2438/2764 2460/2790
f 1572/1691 1573/1692 1571/1690
f 1572/1691 1593/1712 1573/1692
f 2183/2378 2186/2384 2185/2382
f 2183/2378 2185/2382 2184/2381
f 150/150 130/130 126/126
f 150/150 152/152 131/131
f 150/150 131/131 130/130
f 769/813 770/814 768/812
f 769/813 781/825 770/814
f 1488/1607 1482/1601 1493/1612
f 1759/1882 1758/1881 1752/1875
f 1759/1882 1752/1875 1750/1873
f 1769/1892 1768/1891 1767/1890
f 1769/1892 1767/1890 1770/1893
f 1041/1107 1048/1117 1035/1097
f 1041/1107 668/1122 1048/1117
f 1486/1605 1479/1598 1478/1597
f 1652/1774 1802/1925 1615/1734
f 1652/1774 1615/1734 1515/1634
f 873/917 892/936 762/806
f 1571/1690 1573/1692 1574/1693
f 1571/2165 1600/2170 2013/2162
f 1571/1690 1574/1693 1600/1719
f 1768/1891 1750/1873 1749/1872
f 1768/1891 1749/1872 1767/1890
f 1802/1925 1739/1862 1615/1734
f 1802/1925 1825/1948 1739/1862
f 285/285 248/248 270/270
f 285/285 270/270 293/293
f 495/499 494/498 647/675
f 495/499 647/675 655/685
f 179/179 162/162 152/152
f 179/179 178/178 162/162
f 2420/2746 2434/2760 2445/2771
f 2420/2746 2441/2767 2440/2766
f 2420/2746 2445/2771 2441/2767
f 842/886 822/866 853/897
f 842/886 853/897 867/911
f 488/491 646/674 494/498
f 488/491 496/500 648/677
f 488/491 648/677 646/674
f 1493/1612 1482/1601 1495/1614
f 1493/1612 1495/1614 1497/1616
f 1758/1881 1754/1877 1752/1875
f 1758/1881 1757/1880 1754/1877
f 248/248 234/234 235/235
f 248/248 235/235 270/270
f 1005/1050 1023/1072 1004/1049
f 1005/1050 1035/1097 1023/1072
f 2186/2384 867/2389 2188/2388
f 2186/2384 2188/2388 2185/2382
f 2181/2376 1814/2385 1816/2380
f 2181/2376 2184/2381 1814/2385
f 1765/1888 1816/1939 1766/1889
f 1765/1888 1761/1884 1757/1880
f 1765/1888 1766/1889 1761/1884
f 2009/2157 2008/2155 2013/2162
f 2009/2157 2017/2171 2014/2164
f 2009/2157 2013/2162 2017/2171
f 1770/1893 1661/1784 1825/1948
f 1770/1893 1767/1890 1661/1784
f 499/503 388/683 497/501
f 499/503 382/676 388/683
f 494/498 646/674 647/675
f 1573/1692 1593/1712 1558/1677
f 1573/1692 1558/1677 1592/1711
f 1573/1692 1592/1711 1574/1693
f 1750/1873 1748/1871 1749/1872
f 1750/1873 1752/1875 1751/1874
f 1750/1873 1751/1874 1748/1871
f 1816/1939 1814/1937 1766/1889
f 1515/1634 1615/1734 1512/1631
f 1515/1634 1477/1596 1479/1598
f 1515/1634 1512/1631 1477/1596
f 349/349 350/350 351/351
f 349/349 351/351 365/365
f 293/293 283/283 294/294
f 293/293 270/270 283/283
f 234/234 210/210 235/235
f 234/234 208/208 210/210
f 2460/2867 199/2868 2241/2865
f 2460/2887 2461/2881 199/2886
f 2460/2790 2438/2764 2461/2791
f 892/936 910/954 903/947
f 892/936 874/918 762/806
f 892/936 903/947 874/918
f 802/846 819/863 822/866
f 802/846 773/817 787/831
f 802/846 787/831 819/863
f 822/866 819/863 843/887
f 822/866 843/887 853/897
f 126/126 130/130 125/125
f 126/126 125/125 118/118
f 1615/1734 1739/1862 1578/1697
f 1615/1734 1578/1697 1512/1631
f 661/692 669/703 668/702
f 661/692 656/686 669/703
f 2241/2484 199/2488 178/2486
f 1004/1049 1002/1047 910/954
f 1004/1049 1023/1072 1002/1047
f 1577/1696 1531/1650 1593/1712
f 1749/1872 1658/1781 1767/1890
f 1749/1872 1748/1871 1658/1781
f 1825/1948 1661/1784 1739/1862
f 338/338 294/294 325/325
f 338/338 325/325 350/350
f 1752/1875 1754/1877 1753/1876
f 1752/1875 1753/1876 1751/1874
f 1479/1598 1477/1596 1478/1597
f 768/812 771/815 773/817
f 768/812 770/814 771/815
f 1482/1601 1481/1600 1480/1599
f 1482/1601 1480/1599 1495/1614
f 1481/1600 1478/1597 1480/1599
f 867/911 853/897 1081/1157
f 867/2389 1081/2390 2188/2388
f 1767/1890 1658/1781 1661/1784
f 152/152 162/162 131/131
f 1500/1619 1497/1616 1499/1618
f 1500/1619 1530/1649 1529/1648
f 1500/1619 1499/1618 1530/1649
f 1478/1597 1476/1595 1480/1599
f 1478/1597 1477/1596 1476/1595
f 1035/1097 1048/1117 1039/1105
f 1035/1097 1039/1105 1023/1072
f 734/778 744/788 741/785
f 734/778 741/785 736/780
f 2014/2683 2018/2854 2369/2684
f 2014/2164 2017/2171 2018/2173
f 497/501 652/681 496/500
f 497/501 388/683 652/681
f 2434/2760 2369/2684 2435/2761
f 2434/2760 2435/2761 2444/2770
f 2434/2760 2444/2770 2445/2771
f 2185/2382 2187/2386 2184/2381
f 2185/2382 2188/2388 2187/2386
f 910/954 929/973 903/947
f 910/954 1002/1047 929/973
f 1739/1862 1661/1784 1609/1728
f 1739/1862 1609/1728 1578/1697
f 1512/1631 1511/1630 1477/1596
f 1512/1631 1578/1697 1511/1630
f 294/294 283/283 284/284
f 294/294 284/284 325/325
f 1661/1784 1658/1781 1608/1727
f 1661/1784 1608/1727 1609/1728
f 655/685 647/675 656/686
f 1531/1650 1558/1677 1593/1712
f 1531/1650 1528/1647 1554/1673
f 1531/1650 1554/1673 1558/1677
f 1480/1599 1476/1595 1475/1594
f 1480/1599 1475/1594 1495/1614
f 2184/2381 1821/2387 1814/2385
f 2184/2381 2187/2386 1821/2387
f 270/270 265/265 283/283
f 270/270 235/235 265/265
f 496/500 653/682 648/677
f 496/500 652/681 653/682
f 2369/2684 2018/2854 2436/2762
f 2369/2684 2436/2762 2435/2761
f 1477/1596 1474/1593 1476/1595
f 1477/1596 1511/1630 1508/1627
f 1477/1596 1508/1627 1474/1593
f 1754/1877 1757/1880 1755/1878
f 1754/1877 1755/1878 1753/1876
f 196/196 117/117 120/120
f 196/196 209/209 208/208
f 196/196 250/250 209/209
f 196/196 120/120 250/250
f 762/806 849/893 744/788
f 762/806 874/918 849/893
f 773/817 771/815 777/821
f 773/817 777/821 787/831
f 1757/1880 1756/1879 1755/1878
f 1757/1880 1761/1884 1756/1879
f 382/382 365/365 377/377
f 382/382 377/377 388/388
f 668/1122 1061/1132 1048/1117
f 668/1122 669/1149 1061/1132
f 2017/2171 1600/2170 2018/2173
f 2017/2171 2013/2162 1600/2170
f 1476/1595 1474/1593 1475/1594
f 1578/1697 1609/1728 1562/1681
f 1578/1697 1513/1632 1511/1630
f 1578/1697 1562/1681 1513/1632
f 350/350 354/354 351/351
f 350/350 325/325 354/354
f 178/178 199/199 177/177
f 178/178 177/177 162/162
f 1497/1616 1495/1614 1498/1617
f 1497/1616 1498/1617 1499/1618
f 1495/1614 1475/1594 1498/1617
f 1748/1871 1641/1763 1658/1781
f 1748/1871 1751/1874 1800/1923
f 1748/1871 1800/1923 1625/1744
f 1748/1871 1625/1744 1641/1763
f 1658/1781 1641/1763 1608/1727
f 1528/1647 1529/1648 1545/1664
f 1528/1647 1545/1664 1554/1673
f 819/863 818/862 843/887
f 819/863 787/831 818/862
f 1609/1728 1608/1727 1561/1680
f 1609/1728 1561/1680 1562/1681
f 130/130 129/129 125/125
f 130/130 131/131 129/129
f 199/2886 2461/2881 2365/2880
f 199/2674 2365/2673 172/2672
f 199/199 148/148 177/177
f 199/199 172/172 148/148
f 283/283 265/265 277/277
f 283/283 277/277 284/284
f 117/117 118/118 119/119
f 117/117 119/119 120/120
f 125/125 123/123 118/118
f 125/125 129/129 123/123
f 2461/2881 2497/2876 2365/2880
f 2461/2881 2438/2892 2497/2876
f 1511/1630 1513/1632 1508/1627
f 235/235 210/210 213/213
f 235/235 264/264 265/265
f 235/235 213/213 264/264
f 210/210 208/208 209/209
f 210/210 209/209 211/211
f 210/210 211/211 213/213
f 118/118 123/123 119/119
f 853/897 843/887 838/882
f 853/897 863/907 1081/1157
f 853/897 838/882 863/907
f 2188/2388 1081/2390 2189/2391
f 2188/2388 2189/2391 2187/2386
f 1766/1889 1814/1937 1779/1902
f 1766/1889 1779/1902 1761/1884
f 365/365 351/351 356/356
f 365/365 359/359 377/377
f 365/365 356/356 359/359
f 1751/1874 1753/1876 1800/1923
f 843/887 818/862 838/882
f 1608/1727 1641/1763 1588/1707
f 1608/1727 1588/1707 1561/1680
f 131/131 162/162 148/148
f 131/131 147/147 129/129
f 131/131 148/148 147/147
f 744/788 849/893 741/785
f 770/814 781/825 789/833
f 770/814 772/816 771/815
f 770/814 790/834 772/816
f 770/814 789/833 790/834
f 1529/1648 1530/1649 1544/1663
f 1529/1648 1544/1663 1545/1664
f 1475/1594 1474/1593 1473/1592
f 1475/1594 1503/1622 1498/1617
f 1475/1594 1501/1620 1503/1622
f 1475/1594 1473/1592 1501/1620
f 1814/1937 1821/1944 1780/1903
f 1814/1937 1780/1903 1779/1902
f 646/674 658/688 647/675
f 646/674 648/677 654/684
f 646/674 654/684 658/688
f 647/675 662/693 656/686
f 647/675 658/688 662/693
f 656/686 711/752 669/703
f 656/686 662/693 711/752
f 1048/1117 1050/1119 1039/1105
f 1048/1117 1061/1132 1050/1119
f 2018/2854 2026/2772 2436/2762
f 2018/2173 1663/2176 2026/2182
f 2018/2173 1600/2170 1663/2176
f 648/677 653/682 654/684
f 874/918 903/947 875/919
f 874/918 875/919 849/893
f 781/825 756/800 788/832
f 781/825 788/832 789/833
f 1474/1593 1508/1627 1453/1572
f 1474/1593 1453/1572 1473/1592
f 1508/1627 1513/1632 1462/1581
f 1508/1627 1462/1581 1453/1572
f 1800/1923 1753/1876 1819/1942
f 1800/2453 1819/2447 2226/2450
f 1800/2453 2226/2450 1788/2454
f 1800/1923 1788/1911 1625/1744
f 1562/1681 1561/1680 1513/1632
f 1755/1878 1756/1879 1753/1876
f 265/265 264/264 277/277
f 2365/2880 2497/2876 2364/2875
f 2365/2673 2364/2671 172/2672
f 771/815 772/816 777/821
f 787/831 777/821 818/862
f 1753/1876 1760/1883 1819/1942
f 1753/1876 1756/1879 1760/1883
f 1641/1763 1625/1744 1588/1707
f 1503/1622 1535/1654 1498/1617
f 1503/1622 1745/1868 1535/1654
f 1503/1622 1501/1620 1745/1868
f 1081/2390 2218/2437 2189/2391
f 1081/2390 863/2465 2218/2437
f 2436/2762 2026/2772 2435/2761
f 1498/1617 1535/1654 1520/1639
f 1498/1617 1520/1639 1499/1618
f 1513/1632 1561/1680 1472/1591
f 1513/1632 1472/1591 1462/1581
f 903/947 929/973 899/943
f 903/947 899/943 875/919
f 1023/1072 1024/1073 1002/1047
f 1023/1072 1039/1105 1024/1073
f 2497/2876 2438/2892 2449/2885
f 2497/2876 2496/2873 2364/2875
f 2497/2876 2449/2885 2496/2873
f 1592/1711 1558/1677 1586/1705
f 1592/1711 1594/1713 1574/1693
f 1592/1711 1586/1705 1594/1713
f 1535/1654 1745/1868 1519/1638
f 1535/1654 1536/1655 1520/1639
f 1535/1654 1519/1638 1536/1655
f 1745/1868 1501/1620 1502/1621
f 1745/1868 1502/1621 1519/1638
f 209/209 250/250 212/212
f 209/209 212/212 211/211
f 1473/1592 1446/1565 1501/1620
f 1473/1592 1453/1572 1446/1565
f 388/683 391/691 652/681
f 388/388 377/377 375/375
f 388/388 375/375 391/391
f 1002/1047 1009/1054 929/973
f 1002/1047 1024/1073 1009/1054
f 1501/1620 1445/1564 1502/1621
f 1501/1620 1446/1565 1445/1564
f 2187/2386 2190/2392 1821/2387
f 2187/2386 2189/2391 2191/2393
f 2187/2386 2191/2393 2190/2392
f 1561/1680 1588/1707 1560/1679
f 1561/1680 1560/1679 1472/1591
f 652/681 391/691 653/682
f 1520/1639 1534/1653 1499/1618
f 1520/1639 1536/1655 1534/1653
f 1519/1638 1563/1682 1536/1655
f 1519/1638 1502/1621 1450/1569
f 1519/1638 1450/1569 1454/1573
f 1519/1638 1454/1573 1563/1682
f 1453/1572 1462/1581 1452/1571
f 1453/1572 1452/1571 1446/1565
f 177/177 148/148 162/162
f 2438/2764 2440/2766 2449/2776
f 1499/1618 1534/1653 1530/1649
f 1536/1655 1563/1682 1538/1657
f 1536/1655 1537/1656 1534/1653
f 1536/1655 1538/1657 1537/1656
f 1462/1581 1472/1591 1449/1568
f 1462/1581 1449/1568 1452/1571
f 669/1149 715/1148 1061/1132
f 669/703 711/752 715/757
f 1558/1677 1551/1670 1586/1705
f 1558/1677 1554/1673 1551/1670
f 1502/1621 1429/1548 1450/1569
f 1502/1621 1445/1564 1429/1548
f 1588/1707 1625/1744 1587/1706
f 1588/1707 1587/1706 1560/1679
f 2226/2450 1819/2447 2224/2448
f 2226/2450 1789/2452 1788/2454
f 2226/2450 2224/2448 1789/2452
f 1625/1744 1788/1911 1626/1745
f 1625/1744 1626/1745 1587/1706
f 1761/1884 1762/1885 1756/1879
f 1761/1884 1779/1902 1762/1885
f 325/325 320/320 354/354
f 325/325 284/284 320/320
f 377/377 359/359 375/375
f 123/123 122/122 119/119
f 123/123 129/129 127/127
f 123/123 124/124 122/122
f 123/123 127/127 124/124
f 777/821 809/853 818/862
f 777/821 772/816 800/844
f 777/821 800/844 809/853
f 1819/2447 2223/2446 2224/2448
f 1819/2447 1760/2445 2223/2446
f 172/2672 2364/2671 186/2670
f 172/172 186/186 171/171
f 172/172 171/171 148/148
f 1450/1569 1429/1548 1427/1546
f 1450/1569 1427/1546 1454/1573
f 1821/2387 2190/2392 1780/2463
f 250/250 120/120 249/249
f 250/250 249/249 212/212
f 2435/2761 2026/2772 2444/2770
f 2026/2772 1663/2857 2478/2820
f 2026/2772 2446/2773 2444/2770
f 2026/2772 2478/2820 2446/2773
f 818/862 809/853 838/882
f 1788/1911 1732/1855 1626/1745
f 1788/1911 1789/1912 1732/1855
f 119/119 121/121 120/120
f 119/119 122/122 121/121
f 1600/1719 1595/1714 1663/1786
f 1600/1719 1574/1693 1595/1714
f 1563/1682 1454/1573 1379/1498
f 1563/1682 1379/1498 1747/1870
f 1563/1682 1747/1870 1610/1729
f 1563/1682 1610/1729 1538/1657
f 1429/1548 1445/1564 1428/1547
f 1429/1548 1428/1547 1427/1546
f 1446/1565 1431/1550 1445/1564
f 1446/1565 1452/1571 1436/1555
f 1446/1565 1436/1555 1431/1550
f 1472/1591 1560/1679 1464/1583
f 1472/1591 1464/1583 1449/1568
f 1039/1105 1050/1119 1040/1106
f 1039/1105 1040/1106 1024/1073
f 2364/2671 2362/2665 186/2670
f 2364/2875 2496/2873 2362/2872
f 1530/1649 1534/1653 1544/1663
f 1445/1564 1431/1550 1428/1547
f 1452/1571 1449/1568 1442/1561
f 1452/1571 1442/1561 1436/1555
f 2189/2391 2218/2437 2191/2393
f 211/211 214/214 213/213
f 211/211 212/212 214/214
f 354/354 320/320 356/356
f 1560/1679 1587/1706 1559/1678
f 1560/1679 1559/1678 1464/1583
f 1756/1879 1762/1885 1760/1883
f 658/688 670/704 662/693
f 658/688 654/684 666/698
f 658/688 666/698 670/704
f 120/120 121/121 249/249
f 772/816 790/834 800/844
f 1454/1573 1427/1546 1425/1544
f 1454/1573 1425/1544 1379/1498
f 2224/2448 2227/2451 1789/2452
f 2224/2448 2223/2446 2225/2449
f 2224/2448 2225/2449 2227/2451
f 662/693 712/753 711/752
f 662/693 670/704 712/753
f 849/893 875/919 872/916
f 849/893 760/804 741/785
f 849/893 872/916 760/804
f 1663/2857 1595/2859 2478/2820
f 1574/1693 1594/1713 1595/1714
f 129/129 147/147 127/127
f 929/973 924/968 899/943
f 929/973 1009/1054 924/968
f 2444/2770 2446/2773 2447/2774
f 2444/2770 2447/2774 2445/2771
f 1449/1568 1448/1567 1442/1561
f 1449/1568 1464/1583 1448/1567
f 1587/1706 1626/1745 1591/1710
f 1587/1706 1591/1710 1559/1678
f 653/682 402/700 654/684
f 653/682 391/691 392/699
f 653/682 392/699 402/700
f 213/213 215/215 264/264
f 213/213 214/214 215/215
f 654/684 402/700 666/698
f 1427/1546 1428/1547 1426/1545
f 1427/1546 1426/1545 1425/1544
f 1779/1902 1780/1903 1762/1885
f 356/356 334/334 359/359
f 356/356 320/320 334/334
f 838/882 809/853 825/869
f 838/882 825/869 863/907
f 1626/1745 1624/1743 1591/1710
f 1626/1745 1732/1855 1624/1743
f 1061/1132 1063/1134 1050/1119
f 1061/1132 715/1148 1063/1134
f 809/853 800/844 825/869
f 1442/1561 1434/1553 1436/1555
f 1442/1561 1448/1567 1434/1553
f 1789/1912 1743/1866 1732/1855
f 1789/2452 2227/2451 1743/2456
f 1428/1547 1431/1550 1430/1549
f 1428/1547 1430/1549 1426/1545
f 1431/1550 1436/1555 1432/1551
f 1431/1550 1432/1551 1430/1549
f 1464/1583 1559/1678 1465/1584
f 1464/1583 1465/1584 1448/1567
f 284/284 277/277 286/286
f 284/284 286/286 320/320
f 1436/1555 1434/1553 1432/1551
f 1050/1119 1063/1134 1040/1106
f 875/919 899/943 898/942
f 875/919 898/942 872/916
f 1379/1498 1425/1544 1380/1499
f 1379/1498 1380/1499 1381/1500
f 1379/1498 1381/1500 1747/1870
f 1760/1883 1762/1885 1812/1935
f 1760/2445 2222/2443 2223/2446
f 1760/2445 1812/2441 2222/2443
f 264/264 266/266 277/277
f 264/264 215/215 266/266
f 2478/2820 1595/2859 1596/2855
f 2478/2820 2467/2802 2446/2773
f 2478/2820 1596/2855 2467/2802
f 1762/1885 1780/1903 1813/1936
f 1762/1885 1813/1936 1812/1935
f 1559/1678 1591/1710 1567/1686
f 1559/1678 1567/1686 1465/1584
f 212/212 249/249 218/218
f 212/212 218/218 214/214
f 711/752 714/756 715/757
f 711/752 712/753 714/756
f 1595/1714 1594/1713 1596/1715
f 1448/1567 1447/1566 1434/1553
f 1448/1567 1465/1584 1447/1566
f 1591/1710 1624/1743 1567/1686
f 359/359 357/357 375/375
f 359/359 334/334 332/332
f 359/359 332/332 357/357
f 391/391 375/375 376/376
f 391/391 376/376 392/392
f 2362/2665 185/2664 186/2670
f 2362/2872 2496/2873 2361/2874
f 2362/2665 2361/2662 185/2664
f 863/907 825/869 861/905
f 863/2465 861/2464 2218/2437
f 2223/2446 2222/2443 2225/2449
f 375/375 357/357 376/376
f 1024/1073 1037/1103 1009/1054
f 1024/1073 1040/1106 1037/1103
f 899/943 924/968 898/942
f 2446/2773 2467/2802 2447/2774
f 1586/1705 1552/1671 1594/1713
f 1586/1705 1551/1670 1552/1671
f 1425/1544 1426/1545 1424/1543
f 1425/1544 1424/1543 1421/1540
f 1425/1544 1421/1540 1380/1499
f 1430/1549 1432/1551 1433/1552
f 1430/1549 1435/1554 1426/1545
f 1430/1549 1433/1552 1435/1554
f 1732/1855 1657/1780 1624/1743
f 1732/1855 1743/1866 1657/1780
f 277/277 266/266 286/286
f 124/124 132/132 122/122
f 124/124 127/127 128/128
f 124/124 128/128 132/132
f 1594/1713 1597/1716 1596/1715
f 1594/1713 1552/1671 1597/1716
f 1432/1551 1434/1553 1433/1552
f 1434/1553 1437/1556 1433/1552
f 1434/1553 1447/1566 1437/1556
f 1554/1673 1545/1664 1546/1665
f 1554/1673 1547/1666 1551/1670
f 1554/1673 1546/1665 1547/1666
f 1534/1653 1537/1656 1544/1663
f 790/834 806/850 800/844
f 790/834 805/849 806/850
f 790/834 789/833 805/849
f 800/844 826/870 825/869
f 800/844 806/850 826/870
f 825/869 826/870 861/905
f 1780/2463 2190/2392 2192/2394
f 1780/2463 2192/2394 1813/2439
f 320/320 319/319 334/334
f 320/320 286/286 319/319
f 1009/1054 1028/1077 924/968
f 1009/1054 1037/1103 1028/1077
f 1426/1545 1435/1554 1424/1543
f 1465/1584 1469/1588 1447/1566
f 1465/1584 1567/1686 1469/1588
f 186/186 170/170 171/171
f 186/186 185/185 170/170
f 2218/2437 861/2464 1085/2396
f 2218/2437 1085/2396 2191/2393
f 2227/2451 2225/2449 1744/2455
f 2227/2451 1744/2455 1743/2456
f 249/249 121/121 233/233
f 249/249 233/233 218/218
f 122/122 134/134 121/121
f 122/122 132/132 133/133
f 122/122 133/133 134/134
f 1812/2441 2221/2442 2222/2443
f 1812/2441 1813/2439 2220/2440
f 1812/2441 2220/2440 2221/2442
f 1596/2855 1598/2803 2467/2802
f 1596/1715 1597/1716 1598/1717
f 1545/1664 1544/1663 1543/1662
f 1545/1664 1543/1662 1546/1665
f 2225/2449 2222/2443 1822/2444
f 2225/2449 1822/2444 1744/2455
f 2467/2802 1598/2803 2447/2774
f 743/787 737/781 748/792
f 743/787 748/792 756/800
f 1433/1552 1451/1570 1435/1554
f 1433/1552 1437/1556 1451/1570
f 666/698 710/751 670/704
f 666/698 402/700 404/750
f 666/698 404/750 710/751
f 715/1148 718/1151 1063/1134
f 715/1148 714/1163 718/1151
f 1551/1670 1550/1669 1552/1671
f 1551/1670 1547/1666 1550/1669
f 1544/1663 1537/1656 1543/1662
f 2190/2392 2191/2393 2192/2394
f 1624/1743 1566/1685 1567/1686
f 1624/1743 1622/1741 1566/1685
f 1624/1743 1657/1780 1622/1741
f 334/334 319/319 332/332
f 214/214 216/216 215/215
f 214/214 218/218 217/217
f 214/214 217/217 216/216
f 121/121 181/181 233/233
f 121/121 134/134 181/181
f 741/785 751/795 736/780
f 741/785 760/804 751/795
f 1447/1566 1458/1577 1437/1556
f 1447/1566 1469/1588 1458/1577
f 1567/1686 1566/1685 1469/1588
f 670/704 710/751 712/753
f 2361/2874 2496/2873 2363/2877
f 2361/2662 2363/2669 2354/2655
f 2361/2662 2356/2657 185/2664
f 2361/2662 2354/2655 2356/2657
f 737/781 736/780 747/791
f 737/781 747/791 748/792
f 2222/2443 2221/2442 1822/2444
f 1040/1106 1063/1134 1052/1121
f 1040/1106 1052/1121 1037/1103
f 1435/1554 1440/1559 1424/1543
f 1435/1554 1451/1570 1441/1560
f 1435/1554 1439/1558 1440/1559
f 1435/1554 1441/1560 1439/1558
f 861/905 826/870 869/913
f 861/905 869/913 1085/1161
f 1437/1556 1457/1576 1451/1570
f 1437/1556 1458/1577 1457/1576
f 1813/2439 2219/2438 2220/2440
f 1813/2439 2192/2394 2219/2438
f 171/171 170/170 148/148
f 2449/2885 2501/2883 2496/2873
f 2449/2776 2440/2766 2448/2775
f 2449/2885 2448/2891 2501/2883
f 1743/1866 1733/1856 1657/1780
f 1743/1866 1744/1867 1733/1856
f 127/127 147/147 128/128
f 2496/2873 2498/2878 2363/2877
f 2496/2873 2501/2883 2498/2878
f 392/392 394/394 402/402
f 392/392 376/376 384/384
f 392/392 384/384 394/394
f 402/402 394/394 404/404
f 872/916 888/932 760/804
f 872/916 898/942 888/932
f 736/780 751/795 747/791
f 826/870 806/850 827/871
f 826/870 840/884 869/913
f 826/870 827/871 840/884
f 2191/2393 1085/2396 2193/2395
f 2191/2393 2193/2395 2192/2394
f 215/215 267/267 266/266
f 215/215 224/224 267/267
f 215/215 216/216 224/224
f 2363/2669 2359/2660 2354/2655
f 2363/2877 2498/2878 2499/2879
f 2363/2877 2499/2879 2359/2884
f 1552/1671 1555/1674 1597/1716
f 1552/1671 1550/1669 1555/1674
f 756/800 786/830 788/832
f 756/800 748/792 764/808
f 756/800 764/808 786/830
f 1424/1543 1422/1541 1421/1540
f 1424/1543 1440/1559 1422/1541
f 1451/1570 1457/1576 1438/1557
f 1451/1570 1438/1557 1441/1560
f 1380/1499 1421/1540 1420/1539
f 1380/1499 1416/1535 1381/1500
f 1380/1499 1420/1539 1416/1535
f 1085/1161 869/913 1084/1160
f 1085/2396 2194/2397 2193/2395
f 1085/2396 1084/2398 2194/2397
f 286/286 266/266 268/268
f 286/286 280/280 319/319
f 286/286 268/268 280/280
f 1597/1716 1599/1718 1598/1717
f 1597/1716 1555/1674 1599/1718
f 1537/1656 1538/1657 1539/1658
f 1537/1656 1539/1658 1543/1662
f 806/850 805/849 827/871
f 266/266 267/267 268/268
f 712/753 713/755 714/756
f 712/753 710/751 713/755
f 1421/1540 1422/1541 1420/1539
f 376/376 357/357 360/360
f 376/376 360/360 384/384
f 147/147 148/148 149/149
f 147/147 149/149 142/142
f 147/147 142/142 128/128
f 1469/1588 1566/1685 1565/1684
f 1469/1588 1463/1582 1458/1577
f 1469/1588 1565/1684 1463/1582
f 2221/2442 1820/2457 1822/2444
f 2221/2442 2220/2440 2228/2458
f 2221/2442 2228/2458 1820/2457
f 1822/1945 1793/1916 1744/1867
f 1822/1945 1820/1943 1793/1916
f 357/357 332/332 339/339
f 357/357 339/339 360/360
f 1063/1134 1074/1146 1052/1121
f 1063/1134 718/1151 1074/1146
f 924/968 923/967 898/942
f 924/968 1028/1077 1027/1076
f 924/968 1027/1076 923/967
f 1747/1870 1628/1747 1610/1729
f 1747/1870 1381/1500 1815/1938
f 1747/1870 1815/1938 1628/1747
f 1566/1685 1622/1741 1568/1687
f 1566/1685 1568/1687 1565/1684
f 2220/2440 2219/2438 2228/2458
f 1657/1780 1733/1856 1621/1740
f 1657/1780 1621/1740 1622/1741
f 1744/1867 1645/1767 1733/1856
f 1744/1867 1793/1916 1645/1767
f 332/332 319/319 321/321
f 332/332 321/321 339/339
f 2440/2766 2441/2767 2448/2775
f 2447/2774 1598/2803 1599/2789
f 2447/2774 1599/2789 2445/2771
f 788/832 786/830 789/833
f 1538/1657 1610/1729 1540/1659
f 1538/1657 1540/1659 1539/1658
f 2192/2394 2193/2395 2206/2411
f 2192/2394 2206/2411 2219/2438
f 148/148 170/170 166/166
f 148/148 165/165 149/149
f 148/148 166/166 165/165
f 185/185 169/169 170/170
f 185/2664 2356/2657 169/2667
f 760/804 824/868 751/795
f 760/804 888/932 824/868
f 1550/1669 1547/1666 1549/1668
f 1550/1669 1549/1668 1555/1674
f 869/913 864/908 1084/1160
f 869/913 840/884 864/908
f 1457/1576 1458/1577 1444/1563
f 1457/1576 1444/1563 1438/1557
f 1458/1577 1463/1582 1444/1563
f 2354/2655 2359/2660 2357/2658
f 2354/2655 2355/2656 2356/2657
f 2354/2655 2357/2658 2355/2656
f 898/942 897/941 888/932
f 898/942 923/967 897/941
f 319/319 280/280 321/321
f 2193/2395 2194/2397 2197/2401
f 2193/2395 2197/2401 2206/2411
f 1037/1103 1046/1112 1028/1077
f 1037/1103 1052/1121 1051/1120
f 1037/1103 1051/1120 1046/1112
f 2448/2891 2455/2888 2501/2883
f 2448/2775 2441/2767 2455/2783
f 1610/1729 1628/1747 1540/1659
f 218/218 233/233 217/217
f 714/756 717/760 718/761
f 714/756 713/755 717/760
f 1546/1665 1543/1662 1542/1661
f 1546/1665 1542/1661 1547/1666
f 1028/1077 1046/1112 1027/1076
f 1543/1662 1539/1658 1542/1661
f 2498/2878 2501/2883 2500/2882
f 2498/2878 2500/2882 2499/2879
f 1547/1666 1548/1667 1549/1668
f 1547/1666 1542/1661 1548/1667
f 1084/2398 2195/2399 2194/2397
f 1084/1160 864/908 1088/1166
f 1084/2398 1088/2412 2195/2399
f 1733/1856 1645/1767 1621/1740
f 268/268 267/267 269/269
f 268/268 269/269 280/280
f 267/267 224/224 271/271
f 267/267 271/271 269/269
f 2359/2884 2499/2879 2472/2890
f 2359/2819 2472/2808 2357/2818
f 1555/1674 1549/1668 1582/1701
f 1555/1674 1582/1701 1599/1718
f 1539/1658 1540/1659 1541/1660
f 1539/1658 1541/1660 1542/1661
f 751/795 784/828 747/791
f 751/795 824/868 784/828
f 2219/2438 2206/2411 2216/2428
f 2219/2438 1823/2459 2228/2458
f 2219/2438 2216/2428 1823/2459
f 1622/1741 1621/1740 1557/1676
f 1622/1741 1557/1676 1568/1687
f 404/750 405/754 710/751
f 404/404 394/394 398/398
f 404/404 398/398 405/405
f 747/791 757/801 748/792
f 747/791 784/828 757/801
f 748/792 774/818 764/808
f 748/792 757/801 774/818
f 710/751 405/754 713/755
f 1052/1121 1074/1146 1062/1133
f 1052/1121 1062/1133 1051/1120
f 170/170 169/169 166/166
f 2501/2883 2455/2888 2500/2882
f 1820/1943 1738/1861 1793/1916
f 1820/2457 2228/2458 1804/2460
f 1820/1943 1804/1927 1738/1861
f 216/216 220/220 224/224
f 216/216 217/217 219/219
f 216/216 219/219 220/220
f 2194/2397 2196/2400 2197/2401
f 2194/2397 2195/2399 2196/2400
f 2206/2411 2197/2401 2199/2403
f 2206/2411 2199/2403 1806/2405
f 2206/2411 1806/2405 2216/2428
f 2499/2879 2500/2882 2472/2890
f 1381/1500 1459/1578 1815/1938
f 1381/1500 1416/1535 1459/1578
f 1540/1659 1590/1709 1541/1660
f 1540/1659 1628/1747 1590/1709
f 1793/1916 1738/1861 1645/1767
f 394/394 384/384 389/389
f 394/394 389/389 398/398
f 224/224 220/220 237/237
f 224/224 237/237 271/271
f 888/932 889/933 824/868
f 888/932 897/941 889/933
f 280/280 292/292 321/321
f 280/280 269/269 292/292
f 233/233 207/207 217/217
f 233/233 181/181 207/207
f 1549/1668 1548/1667 1564/1683
f 1549/1668 1564/1683 1582/1701
f 923/967 1027/1076 1025/1074
f 923/967 1025/1074 897/941
f 1440/1559 1439/1558 1422/1541
f 2356/2657 2355/2656 169/2667
f 2441/2767 2445/2771 2456/2784
f 2441/2767 2456/2784 2455/2783
f 1542/1661 1541/1660 1553/1672
f 1542/1661 1553/1672 1548/1667
f 789/833 786/830 799/843
f 789/833 799/843 805/849
f 2228/2458 1823/2459 1804/2460
f 1621/1740 1645/1767 1580/1699
f 1621/1740 1580/1699 1557/1676
f 384/384 360/360 363/363
f 384/384 363/363 389/389
f 718/1151 719/1156 1074/1146
f 718/761 717/760 719/763
f 2197/2401 2198/2402 2199/2403
f 2197/2401 2196/2400 2198/2402
f 1568/1687 1557/1676 1565/1684
f 786/830 764/808 794/838
f 786/830 794/838 799/843
f 360/360 339/339 363/363
f 217/217 207/207 219/219
f 1541/1660 1576/1695 1553/1672
f 1541/1660 1590/1709 1576/1695
f 1645/1767 1738/1861 1623/1742
f 1645/1767 1623/1742 1580/1699
f 2357/2818 2472/2808 2360/2817
f 2357/2658 2358/2659 2355/2656
f 2357/2658 2360/2661 2358/2659
f 824/868 828/872 784/828
f 824/868 889/933 828/872
f 1599/2789 2458/2786 2445/2771
f 1599/2789 1582/2792 2458/2786
f 1548/1667 1553/1672 1584/1703
f 1548/1667 1584/1703 1564/1683
f 1628/1747 1607/1726 1590/1709
f 1628/1747 1815/1938 1746/1869
f 1628/1747 1746/1869 1607/1726
f 1422/1541 1439/1558 1417/1536
f 1422/1541 1415/1534 1420/1539
f 1422/1541 1417/1536 1415/1534
f 1441/1560 1409/1528 1439/1558
f 1441/1560 1438/1557 1409/1528
f 2472/2890 2500/2882 2468/2889
f 2472/2808 2471/2807 2360/2817
f 2472/2808 2468/2804 2462/2795
f 2472/2808 2462/2795 2471/2807
f 2445/2771 2458/2786 2457/2785
f 2445/2771 2457/2785 2456/2784
f 1439/1558 1409/1528 1417/1536
f 1582/1701 1564/1683 1583/1702
f 1582/2792 1583/2788 2458/2786
f 1553/1672 1576/1695 1584/1703
f 1590/1709 1607/1726 1576/1695
f 827/871 805/849 817/861
f 827/871 817/861 840/884
f 181/181 154/154 207/207
f 181/181 134/134 154/154
f 2455/2888 2468/2889 2500/2882
f 2455/2888 2456/2893 2468/2889
f 764/808 774/818 795/839
f 764/808 795/839 794/838
f 805/849 799/843 817/861
f 1565/1684 1470/1589 1463/1582
f 1565/1684 1557/1676 1470/1589
f 713/755 409/759 717/760
f 713/755 405/754 409/759
f 132/132 128/128 135/135
f 132/132 135/135 133/133
f 757/801 784/828 804/848
f 757/801 782/826 774/818
f 757/801 804/848 782/826
f 1815/1938 1459/1578 1746/1869
f 1420/1539 1415/1534 1416/1535
f 1438/1557 1444/1563 1392/1511
f 1438/1557 1392/1511 1409/1528
f 2199/2403 2200/2404 1806/2405
f 2199/2403 2198/2402 2200/2404
f 1738/1861 1804/1927 1659/1782
f 1738/1861 1659/1782 1623/1742
f 784/828 828/872 804/848
f 1444/1563 1463/1582 1382/1501
f 1444/1563 1382/1501 1392/1511
f 1463/1582 1470/1589 1382/1501
f 207/207 154/154 239/239
f 207/207 239/239 219/219
f 1027/1076 1046/1112 1036/1100
f 1027/1076 1036/1100 1025/1074
f 897/941 925/969 889/933
f 897/941 1025/1074 925/969
f 1564/1683 1584/1703 1583/1702
f 1804/1927 1823/1946 1787/1910
f 1804/1927 1787/1910 1659/1782
f 339/339 321/321 327/327
f 339/339 355/355 363/363
f 339/339 327/327 355/355
f 1576/1695 1606/1725 1584/1703
f 1576/1695 1607/1726 1606/1725
f 840/884 845/889 864/908
f 840/884 817/861 845/889
f 1823/2459 2216/2428 1786/2429
f 1823/1946 1786/1909 1787/1910
f 1557/1676 1580/1699 1556/1675
f 1557/1676 1556/1675 1470/1589
f 398/398 396/396 405/405
f 398/398 389/389 396/396
f 149/149 141/141 142/142
f 149/149 165/165 141/141
f 1416/1535 1373/1492 1459/1578
f 1416/1535 1415/1534 1373/1492
f 321/321 292/292 308/308
f 321/321 308/308 327/327
f 269/269 308/308 292/292
f 269/269 271/271 272/272
f 269/269 272/272 308/308
f 220/220 219/219 221/221
f 220/220 222/222 237/237
f 220/220 221/221 222/222
f 134/134 133/133 139/139
f 134/134 139/139 154/154
f 1074/1146 1076/1150 1062/1133
f 1074/1146 719/1156 1076/1150
f 128/128 142/142 137/137
f 128/128 137/137 135/135
f 169/2667 2355/2656 341/2663
f 169/169 167/167 166/166
f 169/169 341/341 173/173
f 169/169 173/173 167/167
f 1459/1578 1372/1491 1729/1852
f 1459/1578 1373/1492 1372/1491
f 1459/1578 1729/1852 1746/1869
f 2216/2428 1806/2405 1786/2429
f 1051/1120 1054/1125 1046/1112
f 1051/1120 1062/1133 1054/1125
f 1580/1699 1623/1742 1579/1698
f 1580/1699 1579/1698 1556/1675
f 717/760 411/762 719/763
f 717/760 409/759 411/762
f 142/142 141/141 137/137
f 2458/2786 1583/2788 2457/2785
f 774/818 782/826 796/840
f 774/818 796/840 795/839
f 1623/1742 1659/1782 1617/1736
f 1623/1742 1617/1736 1579/1698
f 271/271 237/237 238/238
f 271/271 238/238 272/272
f 2355/2656 2358/2659 341/2663
f 1372/1491 1375/1494 1729/1852
f 1372/1491 1374/1493 1375/1494
f 1372/1491 1373/1492 1374/1493
f 1417/1536 1409/1528 1407/1526
f 1417/1536 1407/1526 1415/1534
f 1409/1528 1392/1511 1391/1510
f 1409/1528 1391/1510 1407/1526
f 864/908 865/909 1088/1166
f 864/908 845/889 865/909
f 828/872 889/933 890/934
f 828/872 846/890 804/848
f 828/872 890/934 891/935
f 828/872 891/935 846/890
f 1415/1534 1414/1533 1373/1492
f 1415/1534 1407/1526 1414/1533
f 1470/1589 1383/1502 1382/1501
f 1470/1589 1556/1675 1383/1502
f 133/133 136/136 139/139
f 133/133 135/135 136/136
f 1046/1112 1055/1126 1036/1100
f 1046/1112 1054/1125 1055/1126
f 2360/2661 1730/2666 2358/2659
f 2360/2817 2471/2807 1730/2813
f 2456/2784 2462/2795 2468/2804
f 2456/2784 2457/2785 2459/2787
f 2456/2784 2459/2787 2462/2795
f 1583/2788 2459/2787 2457/2785
f 1583/1702 1584/1703 1605/1724
f 1583/2788 1605/2816 2459/2787
f 799/843 794/838 810/854
f 799/843 810/854 817/861
f 1062/1133 1064/1136 1054/1125
f 1062/1133 1076/1150 1064/1136
f 889/933 930/974 890/934
f 889/933 925/969 930/974
f 1392/1511 1382/1501 1384/1503
f 1392/1511 1384/1503 1391/1510
f 1382/1501 1383/1502 1384/1503
f 2195/2399 1088/2412 2205/2410
f 2195/2399 2205/2410 2196/2400
f 1659/1782 1787/1910 1650/1772
f 1659/1782 1650/1772 1617/1736
f 405/405 401/401 409/409
f 405/405 396/396 401/401
f 154/154 139/139 198/198
f 154/154 198/198 239/239
f 166/166 167/167 165/165
f 1375/1494 1726/1849 1729/1852
f 1375/1494 1828/1951 1726/1849
f 1375/1494 1374/1493 1377/1496
f 1375/1494 1377/1496 1828/1951
f 1556/1675 1579/1698 1471/1590
f 1556/1675 1471/1590 1383/1502
f 363/363 374/374 389/389
f 363/363 355/355 374/374
f 1584/1703 1606/1725 1605/1724
f 1729/1852 1726/1849 1728/1851
f 1729/2862 1728/2860 1746/2861
f 804/848 829/873 782/826
f 804/848 846/890 829/873
f 1787/1910 1786/1909 1650/1772
f 219/219 239/239 221/221
f 719/1156 414/1162 1076/1150
f 719/1156 411/1170 414/1162
f 1025/1074 1036/1100 1043/1109
f 1025/1074 1043/1109 925/969
f 389/389 383/383 396/396
f 389/389 374/374 383/383
f 1088/2412 865/2431 2210/2416
f 1088/2412 2210/2416 2205/2410
f 1579/1698 1617/1736 1575/1694
f 1579/1698 1575/1694 1471/1590
f 2358/2659 1736/2668 341/2663
f 2358/2659 1730/2666 1736/2668
f 1373/1492 1414/1533 1376/1495
f 1373/1492 1376/1495 1374/1493
f 1414/1533 1407/1526 1410/1529
f 1414/1533 1410/1529 1376/1495
f 782/826 829/873 814/858
f 782/826 814/858 796/840
f 341/341 202/202 173/173
f 341/2663 1736/2668 202/2675
f 2459/2787 1605/2816 2470/2806
f 2459/2787 2470/2806 2462/2795
f 1605/2816 1606/2856 2470/2806
f 794/838 795/839 810/854
f 817/861 835/879 845/889
f 817/861 810/854 835/879
f 1806/1929 1734/1857 1786/1909
f 1806/2405 2200/2404 2209/2415
f 1806/2405 2209/2415 1734/2418
f 1617/1736 1650/1772 1575/1694
f 139/139 136/136 144/144
f 139/139 144/144 198/198
f 1383/1502 1385/1504 1384/1503
f 1383/1502 1471/1590 1385/1504
f 1730/2813 2471/2807 2470/2806
f 1730/1853 1719/1842 1736/1859
f 1730/2813 2470/2806 1727/2814
f 1730/1853 1727/1850 1719/1842
f 1728/1851 1726/1849 1725/1848
f 1728/2860 1818/2858 1746/2861
f 1728/2860 1725/2852 1818/2858
f 1407/1526 1391/1510 1394/1513
f 1407/1526 1408/1527 1410/1529
f 1407/1526 1394/1513 1408/1527
f 1391/1510 1384/1503 1390/1509
f 1391/1510 1390/1509 1394/1513
f 1786/1909 1648/1770 1650/1772
f 1786/1909 1734/1857 1648/1770
f 2471/2807 2462/2795 2470/2806
f 1726/1849 1653/1775 1725/1848
f 1726/1849 1828/1951 1656/1778
f 1726/1849 1656/1778 1653/1775
f 1746/1869 1818/1941 1607/1726
f 1374/1493 1376/1495 1377/1496
f 2196/2400 2205/2410 2204/2409
f 2196/2400 2202/2407 2198/2402
f 2196/2400 2204/2409 2202/2407
f 409/409 407/407 411/411
f 409/409 401/401 407/407
f 135/135 137/137 136/136
f 1384/1503 1385/1504 1386/1505
f 1384/1503 1386/1505 1390/1509
f 1471/1590 1575/1694 1388/1507
f 1471/1590 1388/1507 1385/1504
f 1036/1100 1055/1126 1045/1111
f 1036/1100 1045/1111 1043/1109
f 173/173 174/174 167/167
f 173/173 202/202 174/174
f 1607/1726 1818/1941 1662/1785
f 1607/1726 1662/1785 1606/1725
f 141/141 165/165 176/176
f 141/141 176/176 140/140
f 141/141 140/140 137/137
f 1650/1772 1532/1651 1575/1694
f 1650/1772 1648/1770 1532/1651
f 165/165 167/167 168/168
f 165/165 257/257 176/176
f 165/165 168/168 257/257
f 890/934 926/970 891/935
f 890/934 930/974 926/970
f 846/890 891/935 908/952
f 846/890 860/904 829/873
f 846/890 908/952 860/904
f 1410/1529 1413/1532 1376/1495
f 1410/1529 1408/1527 1411/1530
f 1410/1529 1411/1530 1413/1532
f 845/889 841/885 865/909
f 845/889 835/879 841/885
f 2200/2404 2198/2402 2201/2406
f 2200/2404 2201/2406 2209/2415
f 222/222 231/231 237/237
f 222/222 221/221 223/223
f 222/222 223/223 231/231
f 1736/2668 1640/2676 202/2675
f 1736/1859 1719/1842 1640/1762
f 1727/2814 1662/2851 1725/2852
f 1727/1850 1725/1848 1719/1842
f 1727/2814 2470/2806 2477/2815
f 1727/2814 2477/2815 1662/2851
f 1725/2852 1662/2851 1818/2858
f 1725/1848 1653/1775 1655/1777
f 1725/1848 1655/1777 1719/1842
f 1575/1694 1398/1517 1388/1507
f 1575/1694 1532/1651 1398/1517
f 1054/1125 1064/1136 1055/1126
f 925/969 1043/1109 1042/1108
f 925/969 1042/1108 930/974
f 1376/1495 1378/1497 1377/1496
f 1376/1495 1413/1532 1378/1497
f 1385/1504 1388/1507 1387/1506
f 1385/1504 1387/1506 1386/1505
f 237/237 231/231 238/238
f 396/396 393/393 401/401
f 396/396 383/383 393/393
f 2470/2806 1606/2856 2477/2815
f 1377/1496 1378/1497 1722/1845
f 1377/1496 1722/1845 1828/1951
f 1394/1513 1402/1521 1408/1527
f 1394/1513 1390/1509 1393/1512
f 1394/1513 1393/1512 1402/1521
f 167/167 175/175 168/168
f 167/167 174/174 175/175
f 795/839 811/855 810/854
f 795/839 796/840 811/855
f 1408/1527 1402/1521 1411/1530
f 1390/1509 1386/1505 1393/1512
f 865/2431 1087/2435 2210/2416
f 865/909 841/885 1087/1165
f 136/136 137/137 138/138
f 136/136 138/138 144/144
f 1606/2856 1662/2851 2477/2815
f 810/854 811/855 835/879
f 2205/2410 2210/2416 2208/2414
f 2205/2410 2208/2414 2204/2409
f 1734/1857 1649/1771 1648/1770
f 1734/1857 1792/1915 1649/1771
f 1734/2418 2209/2415 1792/2424
f 2198/2402 2202/2407 2203/2408
f 2198/2402 2203/2408 2201/2406
f 239/239 225/225 221/221
f 239/239 198/198 240/240
f 239/239 240/240 246/246
f 239/239 246/246 225/225
f 1076/1150 414/1162 1077/1152
f 1076/1150 1077/1152 1064/1136
f 1411/1530 1412/1531 1413/1532
f 1411/1530 1403/1522 1412/1531
f 1411/1530 1402/1521 1403/1522
f 1388/1507 1398/1517 1387/1506
f 1413/1532 1418/1537 1378/1497
f 1413/1532 1412/1531 1418/1537
f 1648/1770 1649/1771 1533/1652
f 1648/1770 1533/1652 1532/1651
f 257/257 275/275 176/176
f 257/257 168/168 275/275
f 374/374 355/355 340/340
f 374/374 373/373 383/383
f 374/374 340/340 373/373
f 1378/1497 1418/1537 1722/1845
f 1386/1505 1387/1506 1389/1508
f 1386/1505 1389/1508 1393/1512
f 411/411 410/410 414/414
f 411/411 407/407 410/410
f 1828/1951 1722/1845 1656/1778
f 221/221 225/225 223/223
f 401/401 399/399 407/407
f 401/401 393/393 399/399
f 202/2675 1640/2676 371/2677
f 202/202 371/371 174/174
f 2210/2416 1087/2435 2215/2427
f 2210/2416 2215/2427 2208/2414
f 355/355 327/327 340/340
f 891/935 909/953 908/952
f 891/935 926/970 909/953
f 829/873 860/904 859/903
f 829/873 844/888 814/858
f 829/873 859/903 844/888
f 1412/1531 1419/1538 1418/1537
f 1412/1531 1406/1525 1419/1538
f 1412/1531 1403/1522 1406/1525
f 796/840 815/859 811/855
f 796/840 814/858 815/859
f 1387/1506 1398/1517 1395/1514
f 1387/1506 1395/1514 1389/1508
f 1398/1517 1532/1651 1395/1514
f 176/176 275/275 296/296
f 176/176 296/296 140/140
f 1653/1775 1640/1762 1655/1777
f 1653/1775 1656/1778 1654/1776
f 1653/1775 1639/1760 1640/1762
f 1653/1775 1654/1776 1614/1733
f 1653/1775 1614/1733 1639/1760
f 835/879 811/855 836/880
f 835/879 836/880 841/885
f 1649/1771 1664/1787 1533/1652
f 1649/1771 1792/1915 1664/1787
f 1055/1126 1064/1136 1057/1128
f 1055/1126 1057/1128 1045/1111
f 1043/1109 1045/1111 1044/1110
f 1043/1109 1044/1110 1042/1108
f 1418/1537 1618/1737 1722/1845
f 1418/1537 1419/1538 1618/1737
f 2209/2415 1805/2423 1792/2424
f 2209/2415 2201/2406 1805/2423
f 1393/1512 1400/1519 1402/1521
f 1393/1512 1389/1508 1400/1519
f 1532/1651 1399/1518 1395/1514
f 1532/1651 1533/1652 1399/1518
f 383/383 373/373 393/393
f 198/198 241/241 240/240
f 198/198 144/144 241/241
f 168/168 175/175 275/275
f 1719/1842 1655/1777 1640/1762
f 1656/1778 1722/1845 1654/1776
f 1402/1521 1400/1519 1403/1522
f 275/275 175/175 190/190
f 275/275 190/190 296/296
f 930/974 1042/1108 1047/1113
f 930/974 1047/1113 926/970
f 2202/2407 2204/2409 2207/2413
f 2202/2407 2207/2413 2203/2408
f 414/414 410/410 412/412
f 414/1162 412/1168 1077/1152
f 1064/1136 1075/1147 1057/1128
f 1064/1136 1077/1152 1075/1147
f 1722/1845 1618/1737 1715/1838
f 1722/1845 1715/1838 1654/1776
f 811/855 815/859 836/880
f 1389/1508 1395/1514 1396/1515
f 1389/1508 1396/1515 1400/1519
f 272/272 279/279 308/308
f 272/272 238/238 279/279
f 407/407 399/399 403/403
f 407/407 403/403 410/410
f 860/904 908/952 928/972
f 860/904 928/972 859/903
f 1419/1538 1456/1575 1618/1737
f 1419/1538 1406/1525 1456/1575
f 814/858 820/864 815/859
f 814/858 844/888 820/864
f 1087/1165 841/885 1083/1159
f 1087/2435 1083/2436 2215/2427
f 2204/2409 2208/2414 2212/2421
f 2204/2409 2212/2421 2207/2413
f 327/327 308/308 313/313
f 327/327 313/313 340/340
f 1395/1514 1399/1518 1397/1516
f 1395/1514 1397/1516 1396/1515
f 1533/1652 1468/1587 1399/1518
f 1533/1652 1664/1787 1468/1587
f 1792/1915 1791/1914 1664/1787
f 1792/1915 1805/1928 1791/1914
f 2208/2414 2215/2427 2212/2421
f 1045/1111 1057/1128 1053/1124
f 1045/1111 1053/1124 1044/1110
f 841/885 836/880 858/902
f 841/885 858/902 1083/1159
f 308/308 279/279 290/290
f 308/308 290/290 313/313
f 137/137 140/140 138/138
f 1403/1522 1400/1519 1404/1523
f 1403/1522 1404/1523 1406/1525
f 1399/1518 1467/1586 1397/1516
f 1399/1518 1468/1587 1467/1586
f 1400/1519 1396/1515 1401/1520
f 1400/1519 1401/1520 1461/1580
f 1400/1519 1460/1579 1404/1523
f 1400/1519 1461/1580 1460/1579
f 1396/1515 1397/1516 1405/1524
f 1396/1515 1405/1524 1401/1520
f 2201/2406 2203/2408 1799/2417
f 2201/2406 1799/2417 1805/2423
f 393/393 373/373 380/380
f 393/393 380/380 399/399
f 240/240 243/243 246/246
f 240/240 241/241 242/242
f 240/240 242/242 243/243
f 1618/1737 1604/1723 1715/1838
f 1618/1737 1456/1575 1604/1723
f 1397/1516 1466/1585 1405/1524
f 1397/1516 1467/1586 1466/1585
f 1664/1787 1711/1834 1468/1587
f 1664/1787 1791/1914 1711/1834
f 225/225 246/246 251/251
f 225/225 226/226 223/223
f 225/225 251/251 253/253
f 225/225 253/253 226/226
f 175/175 174/174 190/190
f 908/952 927/971 928/972
f 908/952 909/953 927/971
f 1406/1525 1404/1523 1423/1542
f 1406/1525 1455/1574 1456/1575
f 1406/1525 1423/1542 1455/1574
f 815/859 837/881 836/880
f 815/859 820/864 837/881
f 836/880 837/881 858/902
f 1401/1520 1443/1562 1461/1580
f 1401/1520 1405/1524 1443/1562
f 1042/1108 1044/1110 1049/1118
f 1042/1108 1049/1118 1047/1113
f 1640/1762 1639/1760 371/1761
f 1404/1523 1460/1579 1737/1860
f 1404/1523 1737/1860 1423/1542
f 1654/1776 1715/1838 1614/1733
f 1715/1838 1604/1723 1612/1731
f 1715/1838 1612/1731 1614/1733
f 1468/1587 1712/1835 1467/1586
f 1468/1587 1711/1834 1712/1835
f 2215/2427 1083/2436 2217/2433
f 2215/2427 2214/2426 2212/2421
f 2215/2427 2217/2433 2214/2426
f 246/246 255/255 251/251
f 246/246 243/243 256/256
f 246/246 256/256 255/255
f 241/241 310/310 242/242
f 241/241 263/263 310/310
f 241/241 144/144 263/263
f 844/888 859/903 868/912
f 844/888 868/912 820/864
f 1456/1575 1603/1722 1604/1723
f 1456/1575 1455/1574 1603/1722
f 1460/1579 1461/1580 1735/1858
f 1460/1579 1724/1847 1737/1860
f 1460/1579 1735/1858 1724/1847
f 1461/1580 1443/1562 1718/1841
f 1461/1580 1703/1826 1735/1858
f 1461/1580 1718/1841 1703/1826
f 1405/1524 1466/1585 1660/1783
f 1405/1524 1660/1783 1443/1562
f 926/970 1047/1113 909/953
f 2203/2408 2207/2413 1807/2419
f 2203/2408 1807/2419 1799/2417
f 859/903 928/972 1059/1130
f 859/903 1059/1130 868/912
f 373/373 340/340 364/364
f 373/373 364/364 380/380
f 399/399 397/397 403/403
f 399/399 380/380 397/397
f 1467/1586 1660/1783 1466/1585
f 1467/1586 1710/1833 1660/1783
f 1467/1586 1712/1835 1708/1831
f 1467/1586 1708/1831 1710/1833
f 238/238 273/273 279/279
f 238/238 231/231 236/236
f 238/238 236/236 273/273
f 140/140 143/143 138/138
f 140/140 296/296 289/289
f 140/140 289/289 143/143
f 1083/1159 858/902 1089/1167
f 1083/2436 1089/2462 2217/2433
f 2207/2413 2212/2421 2211/2420
f 2207/2413 2211/2420 1807/2419
f 1057/1128 1075/1147 1068/1140
f 1057/1128 1068/1140 1053/1124
f 174/174 371/371 191/191
f 174/174 191/191 190/190
f 1604/1723 1603/1722 1612/1731
f 1455/1574 1423/1542 1616/1735
f 1455/1574 1619/1738 1603/1722
f 1455/1574 1616/1735 1619/1738
f 820/864 848/892 837/881
f 820/864 868/912 848/892
f 1423/1542 1737/1860 1616/1735
f 1443/1562 1660/1783 1716/1839
f 1443/1562 1716/1839 1718/1841
f 2212/2421 2214/2426 2213/2422
f 2212/2421 2213/2422 2211/2420
f 223/223 227/227 231/231
f 223/223 226/226 227/227
f 410/410 403/403 408/408
f 410/410 408/408 412/412
f 1077/1152 1082/1158 1075/1147
f 1077/1152 412/1168 1090/1169
f 1077/1152 1090/1169 1082/1158
f 1044/1110 1053/1124 1049/1118
f 837/881 866/910 858/902
f 837/881 848/892 866/910
f 279/279 273/273 290/290
f 340/340 313/313 329/329
f 340/340 329/329 364/364
f 1805/1928 1740/1863 1791/1914
f 1805/1928 1799/1922 1740/1863
f 1737/1860 1829/1952 1616/1735
f 1737/1860 1724/1847 1829/1952
f 858/902 866/910 1086/1164
f 858/902 1086/1164 1089/1167
f 313/313 290/290 318/318
f 313/313 318/318 329/329
f 231/231 227/227 236/236
f 928/972 1060/1131 1059/1130
f 928/972 927/971 1060/1131
f 1075/1147 1082/1158 1068/1140
f 138/138 143/143 144/144
f 296/296 190/190 289/289
f 403/403 397/397 400/400
f 403/403 400/400 408/408
f 251/251 255/255 253/253
f 1053/1124 1068/1140 1067/1139
f 1053/1124 1067/1139 1049/1118
f 868/912 1071/1143 848/892
f 868/912 1059/1130 1072/1144
f 868/912 1072/1144 1071/1143
f 290/290 273/273 274/274
f 290/290 274/274 318/318
f 1603/1722 1613/1732 1612/1731
f 1603/1722 1630/1749 1613/1732
f 1603/1722 1643/1765 1630/1749
f 1603/1722 1619/1738 1643/1765
f 1660/1783 1710/1833 1716/1839
f 2214/2426 2217/2433 1370/2434
f 2214/2426 1370/2434 2213/2422
f 310/310 337/337 242/242
f 310/310 263/263 311/311
f 310/310 311/311 337/337
f 1612/1731 1613/1732 1614/1733
f 1791/1914 1707/1830 1711/1834
f 1791/1914 1740/1863 1707/1830
f 2211/2420 1803/2425 1807/2419
f 2211/2420 2213/2422 1371/2430
f 2211/2420 1371/2430 1803/2425
f 1799/1922 1807/1930 1717/1840
f 1799/1922 1717/1840 1740/1863
f 380/380 381/381 397/397
f 380/380 364/364 381/381
f 412/412 408/408 413/413
f 412/1490 413/1483 1090/1487
f 371/1761 1639/1760 406/1759
f 371/371 406/406 191/191
f 2217/2433 1089/2462 1368/2461
f 2217/2433 1368/2461 1370/2434
f 243/243 242/242 244/244
f 243/243 245/245 256/256
f 243/243 244/244 245/245
f 1047/1113 1056/1127 909/953
f 1047/1113 1049/1118 1056/1127
f 848/892 1080/1155 866/910
f 848/1478 1071/1469 1359/1460
f 848/1478 1359/1460 1080/1470
f 866/1488 1080/1470 1086/1477
f 242/242 337/337 244/244
f 909/953 1058/1129 927/971
f 909/953 1056/1127 1058/1129
f 1807/1930 1803/1926 1717/1840
f 1089/1489 1086/1477 1368/1473
f 143/143 289/289 146/146
f 143/143 145/145 144/144
f 143/143 146/146 145/145
f 1059/1130 1065/1137 1072/1144
f 1059/1130 1060/1131 1065/1137
f 1616/1735 1829/1952 1830/1953
f 1616/1735 1620/1739 1619/1738
f 1616/1735 1830/1953 1620/1739
f 1716/1839 1710/1833 1718/1841
f 190/190 258/258 289/289
f 190/190 191/191 258/258
f 2213/2422 1370/2434 1369/2432
f 2213/2422 1369/2432 1371/2430
f 273/273 236/236 262/262
f 273/273 262/262 274/274
f 1639/1760 1614/1733 1632/1751
f 1639/1760 1632/1751 406/1759
f 397/397 381/381 390/390
f 397/397 390/390 400/400
f 1071/1469 1072/1471 1363/1464
f 1071/1469 1363/1464 1359/1460
f 1711/1834 1704/1827 1712/1835
f 1711/1834 1707/1830 1704/1827
f 1740/1863 1702/1825 1707/1830
f 1740/1863 1717/1840 1702/1825
f 236/236 227/227 229/229
f 236/236 229/229 262/262
f 255/255 252/252 253/253
f 255/255 256/256 260/260
f 255/255 260/260 252/252
f 1068/1140 1082/1158 1079/1154
f 1068/1140 1079/1154 1067/1139
f 289/289 258/258 146/146
f 927/971 1058/1129 1060/1131
f 191/191 406/406 258/258
f 1614/1733 1613/1732 1632/1751
f 1086/1477 1080/1470 1360/1461
f 1086/1477 1360/1461 1368/1473
f 226/226 228/228 227/227
f 226/226 253/253 254/254
f 226/226 254/254 228/228
f 1735/1858 1701/1824 1724/1847
f 1735/1858 1703/1826 1701/1824
f 1712/1835 1704/1827 1708/1831
f 1613/1732 1631/1750 1632/1751
f 1613/1732 1630/1749 1631/1750
f 1049/1118 1067/1139 1066/1138
f 1049/1118 1066/1138 1056/1127
f 406/1759 1632/1751 1638/1758
f 406/1759 1638/1758 258/1779
f 1080/1470 1359/1460 1352/1453
f 1080/1470 1352/1453 1360/1461
f 364/364 329/329 353/353
f 364/364 378/378 381/381
f 364/364 353/353 378/378
f 227/227 228/228 229/229
f 408/1484 400/1420 413/1483
f 253/253 252/252 254/254
f 311/311 263/263 301/301
f 311/311 303/303 337/337
f 311/311 301/301 303/303
f 1082/1158 1090/1169 1079/1154
f 1072/1471 1364/1465 1363/1464
f 1072/1471 1065/1472 1364/1465
f 1370/1481 1368/1473 1366/1467
f 1370/1481 1366/1467 1369/1479
f 329/329 318/318 326/326
f 329/329 326/326 353/353
f 144/144 145/145 188/188
f 144/144 200/200 263/263
f 144/144 188/188 200/200
f 1710/1833 1705/1828 1718/1841
f 1710/1833 1708/1831 1709/1832
f 1710/1833 1709/1832 1705/1828
f 1803/1926 1706/1829 1717/1840
f 1803/1926 1371/1486 1721/1844
f 1803/1926 1721/1844 1706/1829
f 256/256 245/245 260/260
f 1724/1847 1808/1931 1829/1952
f 1724/1847 1701/1824 1723/1846
f 1724/1847 1723/1846 1808/1931
f 381/381 378/378 390/390
f 145/145 146/146 189/189
f 145/145 189/189 188/188
f 146/146 258/258 324/324
f 146/146 192/192 189/189
f 146/146 324/324 192/192
f 1359/1460 1363/1464 1358/1459
f 1359/1460 1358/1459 1352/1453
f 1707/1830 1699/1822 1704/1827
f 1707/1830 1702/1825 1699/1822
f 1632/1751 1631/1750 1633/1752
f 1632/1751 1633/1752 1638/1758
f 1630/1749 1636/1755 1631/1750
f 1630/1749 1642/1764 1636/1755
f 1630/1749 1643/1765 1642/1764
f 1368/1473 1360/1461 1357/1458
f 1368/1473 1357/1458 1366/1467
f 1717/1840 1706/1829 1702/1825
f 263/263 309/309 301/301
f 263/263 200/200 309/309
f 258/1779 1638/1758 324/1757
f 1718/1841 1698/1821 1703/1826
f 1718/1841 1705/1828 1698/1821
f 1369/1479 1365/1466 1371/1486
f 1369/1479 1366/1467 1365/1466
f 1631/1750 1636/1755 1634/1753
f 1631/1750 1634/1753 1633/1752
f 1060/1131 1058/1129 1069/1141
f 1060/1131 1069/1141 1065/1137
f 1371/1486 1365/1466 1721/1844
f 1090/1487 413/1483 1323/1424
f 1090/1487 1323/1424 1079/1482
f 303/303 247/247 337/337
f 303/303 301/301 300/300
f 303/303 300/300 304/304
f 303/303 304/304 247/247
f 1363/1464 1364/1465 1358/1459
f 1067/1139 1079/1154 1078/1153
f 1067/1139 1078/1153 1066/1138
f 254/254 252/252 228/228
f 1360/1461 1352/1453 1350/1451
f 1360/1461 1350/1451 1357/1458
f 400/1420 1243/1331 413/1483
f 400/1420 390/1332 1227/1313
f 400/1420 1227/1313 1243/1331
f 337/337 247/247 244/244
f 301/301 309/309 299/299
f 301/301 299/299 300/300
f 1829/1952 1808/1931 1830/1953
f 318/318 317/317 326/326
f 318/318 274/274 317/317
f 1056/1127 1070/1142 1058/1129
f 1056/1127 1066/1138 1070/1142
f 1708/1831 1704/1827 1689/1812
f 1708/1831 1689/1812 1709/1832
f 413/1483 1243/1331 1323/1424
f 189/189 192/192 204/204
f 189/189 201/201 188/188
f 189/189 204/204 201/201
f 1619/1738 1620/1739 1627/1746
f 1619/1738 1627/1746 1643/1765
f 1703/1826 1695/1818 1701/1824
f 1703/1826 1698/1821 1695/1818
f 1704/1827 1699/1822 1689/1812
f 244/244 247/247 245/245
f 1638/1758 1633/1752 324/1757
f 1352/1453 1358/1459 1351/1452
f 1352/1453 1349/1450 1350/1451
f 1352/1453 1351/1452 1349/1450
f 1702/1825 1706/1829 1693/1816
f 1702/1825 1682/1805 1699/1822
f 1702/1825 1693/1816 1682/1805
f 1358/1459 1362/1463 1351/1452
f 1358/1459 1364/1465 1362/1463
f 229/229 228/228 230/230
f 229/229 230/230 262/262
f 324/324 316/316 192/192
f 324/1757 1633/1752 316/1400
f 1701/1824 1691/1814 1723/1846
f 1701/1824 1695/1818 1691/1814
f 200/200 188/188 206/206
f 200/200 287/287 309/309
f 200/200 206/206 287/287
f 192/192 316/316 204/204
f 1058/1129 1070/1142 1069/1141
f 1636/1755 1637/1756 1634/1753
f 1636/1755 1642/1764 1637/1756
f 245/245 259/259 260/260
f 245/245 247/247 259/259
f 1079/1482 1323/1424 1322/1423
f 1079/1482 1322/1423 1078/1480
f 188/188 201/201 206/206
f 1066/1485 1078/1480 1073/1475
f 1066/1138 1073/1145 1070/1142
f 1065/1472 1326/1427 1364/1465
f 1065/1472 1069/1474 1326/1427
f 1357/1458 1353/1454 1366/1467
f 1357/1458 1350/1451 1347/1448
f 1357/1458 1347/1448 1353/1454
f 1366/1467 1353/1454 1365/1466
f 390/390 378/378 372/372
f 390/1332 1226/1310 1227/1313
f 390/1332 372/1312 1226/1310
f 1705/1828 1681/1804 1698/1821
f 1705/1828 1709/1832 1681/1804
f 228/228 252/252 230/230
f 1706/1829 1721/1844 1692/1815
f 1706/1829 1692/1815 1693/1816
f 1699/1822 1680/1803 1689/1812
f 1699/1822 1682/1805 1680/1803
f 378/378 353/353 372/372
f 260/260 230/230 252/252
f 260/260 259/259 230/230
f 309/309 287/287 299/299
f 1633/1752 1634/1753 1635/1754
f 1633/1752 1635/1754 316/1400
f 1723/1846 1668/1791 1808/1931
f 1723/1846 1691/1814 1668/1791
f 1349/1450 1345/1446 1350/1451
f 1349/1450 1351/1452 1348/1449
f 1349/1450 1348/1449 1345/1446
f 1365/1466 1356/1457 1721/1844
f 1365/1466 1353/1454 1356/1457
f 1634/1753 1637/1756 1635/1754
f 1698/1821 1690/1813 1695/1818
f 1698/1821 1681/1804 1690/1813
f 1350/1451 1345/1446 1347/1448
f 299/299 298/298 300/300
f 299/299 287/287 298/298
f 1351/1452 1362/1463 1354/1455
f 1351/1452 1354/1455 1348/1449
f 1709/1832 1689/1812 1681/1804
f 1721/1844 1356/1457 1692/1815
f 353/353 326/326 336/336
f 353/353 336/336 372/372
f 1243/1331 1227/1313 1225/1309
f 1243/1331 1222/1306 1323/1424
f 1243/1331 1225/1309 1222/1306
f 300/300 298/298 302/302
f 300/300 302/302 304/304
f 316/1400 1285/1382 204/1388
f 316/1400 1635/1754 1285/1382
f 1620/1739 1830/1953 1627/1746
f 1689/1812 1680/1803 1681/1804
f 1227/1313 1226/1310 1225/1309
f 1693/1816 1683/1806 1682/1805
f 1693/1816 1692/1815 1683/1806
f 326/326 317/317 336/336
f 1323/1424 1242/1330 1322/1423
f 1323/1424 1222/1306 1242/1330
f 201/201 205/205 206/206
f 201/201 204/204 205/205
f 1637/1756 1642/1764 1300/1399
f 1637/1756 1300/1399 1635/1754
f 1364/1465 1361/1462 1362/1463
f 1364/1465 1326/1427 1361/1462
f 1695/1818 1690/1813 1671/1794
f 1695/1818 1671/1794 1691/1814
f 206/206 288/288 287/287
f 206/206 205/205 288/288
f 1078/1480 1240/1328 1073/1475
f 1078/1480 1322/1423 1240/1328
f 1682/1805 1679/1802 1680/1803
f 1682/1805 1683/1806 1679/1802
f 1070/1476 1367/1468 1069/1474
f 1070/1476 1073/1475 1320/1421
f 1070/1476 1320/1421 1367/1468
f 1069/1474 1367/1468 1326/1427
f 1353/1454 1347/1448 1346/1447
f 1353/1454 1346/1447 1356/1457
f 1345/1446 1348/1449 1331/1432
f 1345/1446 1343/1444 1347/1448
f 1345/1446 1342/1443 1343/1444
f 1345/1446 1331/1432 1342/1443
f 1362/1463 1324/1425 1354/1455
f 1362/1463 1361/1462 1324/1425
f 1348/1449 1354/1455 1328/1429
f 1348/1449 1328/1429 1331/1432
f 1073/1475 1240/1328 1320/1421
f 1642/1764 1643/1765 1300/1399
f 1830/1953 1808/1931 1644/1766
f 1830/1953 1644/1766 1627/1746
f 1347/1448 1343/1444 1346/1447
f 274/274 262/262 278/278
f 274/274 278/278 317/317
f 262/262 230/230 261/261
f 262/262 261/261 278/278
f 298/298 287/287 297/297
f 298/298 297/297 302/302
f 287/287 288/288 297/297
f 204/1388 1285/1382 205/1383
f 1680/1803 1678/1801 1681/1804
f 1680/1803 1679/1802 1678/1801
f 230/230 259/259 261/261
f 259/259 247/247 307/307
f 259/259 307/307 261/261
f 1322/1423 1242/1330 1234/1320
f 1322/1423 1234/1320 1240/1328
f 1354/1455 1324/1425 1328/1429
f 1681/1804 1675/1798 1690/1813
f 1681/1804 1678/1801 1675/1798
f 1356/1457 1344/1445 1692/1815
f 1356/1457 1346/1447 1344/1445
f 317/1333 1219/1303 336/1311
f 317/1333 278/1323 1219/1303
f 247/1377 304/1376 307/1343
f 1635/1754 1300/1399 1285/1382
f 1692/1815 1684/1807 1683/1806
f 1692/1815 1344/1445 1684/1807
f 372/1312 1193/1275 1226/1310
f 372/1312 336/1311 1195/1277
f 372/1312 1195/1277 1193/1275
f 1226/1310 1192/1274 1225/1309
f 1226/1310 1193/1275 1192/1274
f 205/1383 1284/1380 288/1381
f 205/1383 1285/1382 1284/1380
f 1808/1931 1668/1791 1644/1766
f 1690/1813 1675/1798 1673/1796
f 1690/1813 1673/1796 1671/1794
f 1683/1806 1684/1807 1679/1802
f 1225/1309 1189/1271 1222/1306
f 1225/1309 1192/1274 1189/1271
f 307/1343 304/1376 302/1345
f 307/307 306/306 261/261
f 307/1343 302/1345 1252/1344
f 307/1343 1248/1338 306/1342
f 307/1343 1252/1344 1248/1338
f 288/1381 1284/1380 297/1379
f 1343/1444 1342/1443 1338/1439
f 1343/1444 1338/1439 1346/1447
f 1326/1427 1367/1468 1319/1419
f 1326/1427 1318/1418 1361/1462
f 1326/1427 1319/1419 1318/1418
f 1331/1432 1332/1433 1342/1443
f 1331/1432 1328/1429 1329/1430
f 1331/1432 1329/1430 1332/1433
f 1342/1443 1332/1433 1335/1436
f 1342/1443 1335/1436 1338/1439
f 1679/1802 1677/1800 1678/1801
f 1679/1802 1684/1807 1677/1800
f 1346/1447 1338/1439 1344/1445
f 261/261 306/306 305/305
f 261/261 305/305 278/278
f 1222/1306 1191/1273 1242/1330
f 1222/1306 1189/1271 1191/1273
f 297/1379 1284/1380 1255/1348
f 297/1379 1255/1348 302/1345
f 1284/1380 1285/1382 1255/1348
f 1367/1468 1320/1421 1319/1419
f 1643/1765 1296/1395 1300/1399
f 1643/1765 1627/1746 1296/1395
f 336/1311 1219/1303 1195/1277
f 302/1345 1255/1348 1254/1347
f 302/1345 1254/1347 1253/1346
f 302/1345 1253/1346 1252/1344
f 1285/1382 1300/1399 1255/1348
f 1300/1399 1296/1395 1255/1348
f 1627/1746 1644/1766 1296/1395
f 1328/1429 1324/1425 1327/1428
f 1328/1429 1327/1428 1329/1430
f 1678/1801 1677/1800 1675/1798
f 1242/1330 1220/1304 1234/1320
f 1242/1330 1191/1273 1220/1304
f 1361/1462 1321/1422 1324/1425
f 1361/1462 1318/1418 1321/1422
f 1691/1814 1669/1792 1668/1791
f 1691/1814 1671/1794 1669/1792
f 1344/1445 1339/1440 1684/1807
f 1344/1445 1338/1439 1339/1440
f 1684/1807 1697/1820 1677/1800
f 1684/1807 1339/1440 1697/1820
f 306/1342 1248/1338 315/1325
f 306/306 315/315 305/305
f 1240/1328 1239/1327 1320/1421
f 1240/1328 1234/1320 1239/1327
f 1320/1421 1241/1329 1319/1419
f 1320/1421 1239/1327 1241/1329
f 1255/1348 1256/1349 1254/1347
f 1255/1348 1296/1395 1286/1384
f 1255/1348 1258/1351 1256/1349
f 1255/1348 1286/1384 1258/1351
f 1332/1433 1333/1434 1335/1436
f 1332/1433 1329/1430 1333/1434
f 1254/1347 1256/1349 1253/1346
f 1324/1425 1321/1422 1317/1417
f 1324/1425 1317/1417 1327/1428
f 1644/1766 1668/1791 1667/1790
f 1644/1766 1667/1790 1296/1395
f 1668/1791 1669/1792 1667/1790
f 1338/1439 1335/1436 1337/1438
f 1338/1439 1337/1438 1339/1440
f 1193/1275 1188/1270 1192/1274
f 1193/1275 1195/1277 1188/1270
f 1335/1436 1336/1437 1337/1438
f 1335/1436 1333/1434 1336/1437
f 1677/1800 1676/1799 1675/1798
f 1677/1800 1697/1820 1696/1819
f 1677/1800 1696/1819 1676/1799
f 278/1323 312/1290 1219/1303
f 278/278 305/305 312/312
f 1192/1274 1183/1265 1189/1271
f 1192/1274 1188/1270 1183/1265
f 1248/1338 1252/1344 1249/1339
f 1248/1338 1249/1339 1247/1337
f 1248/1338 1247/1337 315/1325
f 1252/1344 1253/1346 1262/1355
f 1252/1344 1262/1355 1263/1356
f 1252/1344 1263/1356 1249/1339
f 1253/1346 1265/1358 1262/1355
f 1253/1346 1256/1349 1257/1350
f 1253/1346 1257/1350 1265/1358
f 1675/1798 1674/1797 1673/1796
f 1675/1798 1676/1799 1674/1797
f 1339/1440 1337/1438 1340/1441
f 1339/1440 1340/1441 1697/1820
f 1219/1303 1194/1276 1195/1277
f 1219/1303 312/1290 1194/1276
f 1234/1320 1220/1304 1215/1298
f 1234/1320 1215/1298 1239/1327
f 1296/1395 1667/1790 1286/1384
f 1329/1430 1334/1435 1333/1434
f 1329/1430 1327/1428 1330/1431
f 1329/1430 1330/1431 1334/1435
f 1671/1794 1673/1796 1672/1795
f 1671/1794 1670/1793 1669/1792
f 1671/1794 1672/1795 1670/1793
f 1263/1356 1262/1355 1266/1359
f 1263/1356 1266/1359 1249/1339
f 1262/1355 1265/1358 1266/1359
f 1266/1359 1265/1358 1273/1366
f 1266/1359 1273/1366 1294/1393
f 1266/1359 1294/1393 1249/1339
f 1256/1349 1260/1353 1257/1350
f 1256/1349 1258/1351 1259/1352
f 1256/1349 1259/1352 1260/1353
f 1286/1384 1259/1352 1258/1351
f 1286/1384 1667/1790 1288/1386
f 1286/1384 1288/1386 1259/1352
f 1337/1438 1336/1437 1341/1442
f 1337/1438 1341/1442 1340/1441
f 1195/1277 1194/1276 1188/1270
f 1189/1271 1185/1267 1191/1273
f 1189/1271 1183/1265 1185/1267
f 1257/1350 1261/1354 1265/1358
f 1257/1350 1260/1353 1261/1354
f 1333/1434 1334/1435 1336/1437
f 1673/1796 1674/1797 1672/1795
f 1697/1820 1340/1441 1714/1837
f 1697/1820 1714/1837 1696/1819
f 305/305 314/314 312/312
f 305/305 315/315 314/314
f 1191/1273 1190/1272 1220/1304
f 1191/1273 1185/1267 1190/1272
f 1319/1419 1245/1335 1318/1418
f 1319/1419 1241/1329 1245/1335
f 1321/1422 1318/1418 1314/1414
f 1321/1422 1314/1414 1317/1417
f 1327/1428 1313/1413 1330/1431
f 1327/1428 1317/1417 1313/1413
f 1265/1358 1261/1354 1273/1366
f 1669/1792 1670/1793 1667/1790
f 1336/1437 1355/1456 1341/1442
f 1336/1437 1334/1435 1355/1456
f 1676/1799 1696/1819 1685/1808
f 1676/1799 1685/1808 1674/1797
f 1340/1441 1341/1442 1714/1837
f 1220/1304 1190/1272 1215/1298
f 1318/1418 1245/1335 1310/1410
f 1318/1418 1310/1410 1314/1414
f 1239/1327 1221/1305 1241/1329
f 1239/1327 1215/1298 1221/1305
f 1260/1353 1264/1357 1261/1354
f 1260/1353 1268/1361 1264/1357
f 1260/1353 1259/1352 1267/1360
f 1260/1353 1267/1360 1268/1361
f 1341/1442 1325/1426 1714/1837
f 1341/1442 1355/1456 1325/1426
f 1696/1819 1714/1837 1694/1817
f 1696/1819 1694/1817 1685/1808
f 1188/1270 1186/1268 1183/1265
f 1188/1270 1194/1276 1186/1268
f 1261/1354 1295/1394 1273/1366
f 1261/1354 1264/1357 1270/1363
f 1261/1354 1270/1363 1295/1394
f 1667/1790 1670/1793 1288/1386
f 1273/1366 1295/1394 1294/1393
f 312/1290 1196/1278 1194/1276
f 312/1290 314/1299 1196/1278
f 1249/1339 1250/1340 1247/1337
f 1249/1339 1294/1393 1250/1340
f 1183/1265 1184/1266 1185/1267
f 1183/1265 1186/1268 1184/1266
f 1264/1357 1271/1364 1270/1363
f 1264/1357 1268/1361 1271/1364
f 1334/1435 1330/1431 1311/1411
f 1334/1435 1315/1415 1355/1456
f 1334/1435 1311/1411 1315/1415
f 1672/1795 1688/1811 1670/1793
f 1672/1795 1674/1797 1686/1809
f 1672/1795 1686/1809 1688/1811
f 1194/1276 1196/1278 1186/1268
f 1247/1337 1244/1334 315/1325
f 1247/1337 1251/1341 1244/1334
f 1247/1337 1250/1340 1251/1341
f 1241/1329 1228/1314 1245/1335
f 1241/1329 1221/1305 1228/1314
f 1259/1352 1288/1386 1267/1360
f 1330/1431 1313/1413 1311/1411
f 1670/1793 1299/1398 1288/1386
f 1670/1793 1688/1811 1299/1398
f 1288/1386 1274/1367 1267/1360
f 1288/1386 1299/1398 1274/1367
f 1714/1837 1325/1426 1316/1416
f 1714/1837 1316/1416 1694/1817
f 315/1325 1218/1302 314/1299
f 315/1325 1244/1334 1218/1302
f 1215/1298 1190/1272 1204/1286
f 1215/1298 1204/1286 1221/1305
f 1674/1797 1685/1808 1686/1809
f 1270/1363 1293/1392 1295/1394
f 1270/1363 1271/1364 1272/1365
f 1270/1363 1272/1365 1293/1392
f 1245/1335 1229/1315 1310/1410
f 1245/1335 1228/1314 1229/1315
f 1185/1267 1187/1269 1190/1272
f 1185/1267 1184/1266 1187/1269
f 1314/1414 1312/1412 1317/1417
f 1314/1414 1310/1410 1307/1407
f 1314/1414 1307/1407 1312/1412
f 1688/1811 1700/1823 1299/1398
f 1688/1811 1686/1809 1700/1823
f 1355/1456 1315/1415 1325/1426
f 314/1299 1205/1287 1196/1278
f 314/1299 1218/1302 1205/1287
f 1294/1393 1295/1394 1293/1392
f 1294/1393 1293/1392 1250/1340
f 1267/1360 1269/1362 1268/1361
f 1267/1360 1274/1367 1269/1362
f 1186/1268 1196/1278 1197/1279
f 1186/1268 1197/1279 1184/1266
f 1190/1272 1200/1282 1204/1286
f 1190/1272 1187/1269 1200/1282
f 1271/1364 1268/1361 1279/1372
f 1271/1364 1275/1368 1272/1365
f 1271/1364 1279/1372 1275/1368
f 1268/1361 1269/1362 1279/1372
f 1196/1278 1205/1287 1197/1279
f 1317/1417 1312/1412 1313/1413
f 1299/1398 1700/1823 1298/1397
f 1299/1398 1298/1397 1274/1367
f 1325/1426 1315/1415 1316/1416
f 1244/1334 1238/1326 1218/1302
f 1244/1334 1251/1341 1238/1326
f 1221/1305 1211/1294 1228/1314
f 1221/1305 1204/1286 1211/1294
f 1310/1410 1229/1315 1232/1318
f 1310/1410 1232/1318 1307/1407
f 1228/1314 1224/1308 1229/1315
f 1228/1314 1211/1294 1224/1308
f 1685/1808 1687/1810 1686/1809
f 1685/1808 1694/1817 1687/1810
f 1184/1266 1197/1279 1198/1280
f 1184/1266 1198/1280 1187/1269
f 1250/1340 1293/1392 1251/1341
f 1686/1809 1687/1810 1700/1823
f 1218/1302 1209/1292 1205/1287
f 1218/1302 1238/1326 1209/1292
f 1205/1287 1199/1281 1197/1279
f 1205/1287 1203/1285 1199/1281
f 1205/1287 1209/1292 1203/1285
f 1272/1365 1290/1389 1293/1392
f 1272/1365 1275/1368 1277/1370
f 1272/1365 1277/1370 1290/1389
f 1269/1362 1280/1373 1279/1372
f 1269/1362 1274/1367 1280/1373
f 1197/1279 1199/1281 1198/1280
f 1204/1286 1200/1282 1206/1288
f 1204/1286 1206/1288 1211/1294
f 1229/1315 1224/1308 1232/1318
f 1187/1269 1202/1284 1200/1282
f 1187/1269 1198/1280 1202/1284
f 1313/1413 1312/1412 1309/1409
f 1313/1413 1309/1409 1311/1411
f 1700/1823 1301/1401 1298/1397
f 1700/1823 1687/1810 1301/1401
f 1694/1817 1316/1416 1713/1836
f 1694/1817 1713/1836 1687/1810
f 1279/1372 1282/1375 1275/1368
f 1279/1372 1280/1373 1282/1375
f 1274/1367 1298/1397 1280/1373
f 1200/1282 1202/1284 1206/1288
f 1293/1392 1290/1389 1283/1378
f 1293/1392 1283/1378 1251/1341
f 1211/1294 1212/1295 1224/1308
f 1211/1294 1206/1288 1212/1295
f 1275/1368 1278/1371 1277/1370
f 1275/1368 1282/1375 1278/1371
f 1312/1412 1307/1407 1246/1336
f 1312/1412 1246/1336 1309/1409
f 1298/1397 1297/1396 1280/1373
f 1298/1397 1301/1401 1297/1396
f 1224/1308 1214/1297 1232/1318
f 1224/1308 1212/1295 1214/1297
f 1277/1370 1278/1371 1290/1389
f 1307/1407 1232/1318 1246/1336
f 1198/1280 1199/1281 1201/1283
f 1198/1280 1201/1283 1202/1284
f 1280/1373 1287/1385 1282/1375
f 1280/1373 1297/1396 1287/1385
f 1311/1411 1306/1406 1315/1415
f 1311/1411 1309/1409 1306/1406
f 1316/1416 1315/1415 1308/1408
f 1316/1416 1308/1408 1713/1836
f 1315/1415 1306/1406 1308/1408
f 1206/1288 1202/1284 1207/1289
f 1206/1288 1207/1289 1212/1295
f 1232/1318 1214/1297 1231/1317
f 1232/1318 1231/1317 1246/1336
f 1282/1375 1287/1385 1278/1371
f 1687/1810 1713/1836 1304/1404
f 1687/1810 1304/1404 1301/1401
f 1199/1281 1203/1285 1201/1283
f 1202/1284 1201/1283 1207/1289
f 1212/1295 1213/1296 1214/1297
f 1212/1295 1207/1289 1213/1296
f 1290/1389 1278/1371 1283/1378
f 1278/1371 1287/1385 1281/1374
f 1278/1371 1281/1374 1283/1378
f 1309/1409 1246/1336 1305/1405
f 1309/1409 1305/1405 1306/1406
f 1713/1836 1308/1408 1302/1402
f 1713/1836 1302/1402 1304/1404
f 1214/1297 1213/1296 1231/1317
f 1297/1396 1301/1401 1289/1387
f 1297/1396 1289/1387 1287/1385
f 1301/1401 1304/1404 1291/1390
f 1301/1401 1291/1390 1289/1387
f 1246/1336 1231/1317 1236/1322
f 1246/1336 1236/1322 1305/1405
f 1308/1408 1306/1406 1302/1402
f 1287/1385 1289/1387 1281/1374
f 1251/1341 1283/1378 1238/1326
f 1306/1406 1305/1405 1303/1403
f 1306/1406 1303/1403 1302/1402
f 1201/1283 1208/1291 1207/1289
f 1201/1283 1203/1285 1208/1291
f 1207/1289 1210/1293 1213/1296
f 1207/1289 1208/1291 1210/1293
f 1231/1317 1213/1296 1223/1307
f 1231/1317 1223/1307 1236/1322
f 1304/1404 1292/1391 1291/1390
f 1304/1404 1302/1402 1292/1391
f 1203/1285 1209/1292 1208/1291
f 1305/1405 1236/1322 1303/1403
f 1283/1378 1281/1374 1237/1324
f 1283/1378 1237/1324 1238/1326
f 1213/1296 1210/1293 1223/1307
f 1281/1374 1289/1387 1276/1369
f 1281/1374 1276/1369 1237/1324
f 1289/1387 1291/1390 1276/1369
f 1291/1390 1292/1391 1276/1369
f 1238/1326 1217/1301 1209/1292
f 1238/1326 1237/1324 1217/1301
f 1302/1402 1303/1403 1235/1321
f 1302/1402 1235/1321 1292/1391
f 1236/1322 1230/1316 1303/1403
f 1236/1322 1223/1307 1230/1316
f 1209/1292 1217/1301 1208/1291
f 1208/1291 1216/1300 1210/1293
f 1208/1291 1217/1301 1216/1300
f 1303/1403 1230/1316 1235/1321
f 1292/1391 1235/1321 1276/1369
f 1210/1293 1216/1300 1223/1307
f 1223/1307 1216/1300 1230/1316
f 1276/1369 1233/1319 1237/1324
f 1276/1369 1235/1321 1233/1319
f 1217/1301 1237/1324 1233/1319
f 1217/1301 1233/1319 1216/1300
f 1230/1316 1233/1319 1235/1321
f 1230/1316 1216/1300 1233/1319
f 25/25 24/24 1/1
f 1/1 2/2 3/3
f 735/779 740/784 749/793
f 735/779 749/793 750/794
f 735/779 750/794 738/782
f 354/354 356/356 351/351
